record_id,sample,raw_symbol,label
100,77,N,N
100,370,N,N
100,662,N,N
100,946,N,N
100,1231,N,N
100,1515,N,N
100,1809,N,N
100,2044,A,S
100,2402,N,N
100,2706,N,N
100,2998,N,N
100,3282,N,N
100,3560,N,N
100,3862,N,N
100,4170,N,N
100,4466,N,N
100,4764,N,N
100,5060,N,N
100,5346,N,N
100,5633,N,N
100,5918,N,N
100,6214,N,N
100,6527,N,N
100,6823,N,N
100,7106,N,N
100,7391,N,N
100,7670,N,N
100,7953,N,N
100,8245,N,N
100,8539,N,N
100,8837,N,N
100,9141,N,N
100,9431,N,N
100,9710,N,N
100,9998,N,N
100,10282,N,N
100,10591,N,N
100,10894,N,N
100,11191,N,N
100,11480,N,N
100,11781,N,N
100,12066,N,N
100,12350,N,N
100,12645,N,N
100,12949,N,N
100,13266,N,N
100,13562,N,N
100,13842,N,N
100,14131,N,N
100,14423,N,N
100,14710,N,N
100,15011,N,N
100,15310,N,N
100,15607,N,N
100,15899,N,N
100,16183,N,N
100,16464,N,N
100,16755,N,N
100,17058,N,N
100,17358,N,N
100,17657,N,N
100,17947,N,N
100,18227,N,N
100,18514,N,N
100,18795,N,N
100,19080,N,N
100,19388,N,N
100,19693,N,N
100,19989,N,N
100,20271,N,N
100,20554,N,N
100,20837,N,N
100,21131,N,N
100,21423,N,N
100,21729,N,N
100,22029,N,N
100,22321,N,N
100,22603,N,N
100,22881,N,N
100,23164,N,N
100,23453,N,N
100,23756,N,N
100,24053,N,N
100,24345,N,N
100,24625,N,N
100,24913,N,N
100,25197,N,N
100,25485,N,N
100,25779,N,N
100,26088,N,N
100,26387,N,N
100,26670,N,N
100,26952,N,N
100,27237,N,N
100,27536,N,N
100,27833,N,N
100,28132,N,N
100,28431,N,N
100,28727,N,N
100,29014,N,N
100,29294,N,N
100,29580,N,N
100,29873,N,N
100,30182,N,N
100,30487,N,N
100,30779,N,N
100,31065,N,N
100,31348,N,N
100,31635,N,N
100,31927,N,N
100,32224,N,N
100,32529,N,N
100,32836,N,N
100,33127,N,N
100,33403,N,N
100,33691,N,N
100,33980,N,N
100,34274,N,N
100,34575,N,N
100,34870,N,N
100,35168,N,N
100,35455,N,N
100,35736,N,N
100,36016,N,N
100,36309,N,N
100,36605,N,N
100,36916,N,N
100,37215,N,N
100,37499,N,N
100,37782,N,N
100,38071,N,N
100,38356,N,N
100,38651,N,N
100,38950,N,N
100,39252,N,N
100,39547,N,N
100,39825,N,N
100,40096,N,N
100,40382,N,N
100,40677,N,N
100,40970,N,N
100,41271,N,N
100,41567,N,N
100,41849,N,N
100,42117,N,N
100,42416,N,N
100,42697,N,N
100,42996,N,N
100,43307,N,N
100,43603,N,N
100,43892,N,N
100,44172,N,N
100,44455,N,N
100,44743,N,N
100,45030,N,N
100,45323,N,N
100,45628,N,N
100,45925,N,N
100,46204,N,N
100,46478,N,N
100,46759,N,N
100,47037,N,N
100,47334,N,N
100,47632,N,N
100,47919,N,N
100,48202,N,N
100,48486,N,N
100,48766,N,N
100,49040,N,N
100,49323,N,N
100,49618,N,N
100,49923,N,N
100,50214,N,N
100,50491,N,N
100,50771,N,N
100,51056,N,N
100,51339,N,N
100,51626,N,N
100,51921,N,N
100,52216,N,N
100,52506,N,N
100,52784,N,N
100,53063,N,N
100,53341,N,N
100,53631,N,N
100,53923,N,N
100,54219,N,N
100,54507,N,N
100,54784,N,N
100,55064,N,N
100,55343,N,N
100,55625,N,N
100,55908,N,N
100,56207,N,N
100,56502,N,N
100,56784,N,N
100,57055,N,N
100,57333,N,N
100,57615,N,N
100,57900,N,N
100,58192,N,N
100,58490,N,N
100,58788,N,N
100,59077,N,N
100,59354,N,N
100,59631,N,N
100,59919,N,N
100,60214,N,N
100,60515,N,N
100,60817,N,N
100,61105,N,N
100,61391,N,N
100,61680,N,N
100,61963,N,N
100,62247,N,N
100,62547,N,N
100,62852,N,N
100,63154,N,N
100,63438,N,N
100,63711,N,N
100,63998,N,N
100,64288,N,N
100,64581,N,N
100,64876,N,N
100,65174,N,N
100,65464,N,N
100,65750,N,N
100,66030,N,N
100,66307,N,N
100,66604,N,N
100,66792,A,S
100,67130,N,N
100,67434,N,N
100,67728,N,N
100,68007,N,N
100,68302,N,N
100,68594,N,N
100,68886,N,N
100,69191,N,N
100,69503,N,N
100,69796,N,N
100,70073,N,N
100,70357,N,N
100,70643,N,N
100,70941,N,N
100,71240,N,N
100,71539,N,N
100,71845,N,N
100,72138,N,N
100,72417,N,N
100,72703,N,N
100,72998,N,N
100,73301,N,N
100,73611,N,N
100,73911,N,N
100,74196,N,N
100,74483,N,N
100,74767,N,N
100,74986,A,S
100,75332,N,N
100,75632,N,N
100,75934,N,N
100,76233,N,N
100,76515,N,N
100,76785,N,N
100,77074,N,N
100,77366,N,N
100,77663,N,N
100,77954,N,N
100,78251,N,N
100,78539,N,N
100,78824,N,N
100,79100,N,N
100,79386,N,N
100,79689,N,N
100,79991,N,N
100,80290,N,N
100,80583,N,N
100,80868,N,N
100,81152,N,N
100,81439,N,N
100,81730,N,N
100,82030,N,N
100,82335,N,N
100,82636,N,N
100,82927,N,N
100,83209,N,N
100,83492,N,N
100,83794,N,N
100,84103,N,N
100,84407,N,N
100,84709,N,N
100,85010,N,N
100,85303,N,N
100,85580,N,N
100,85870,N,N
100,86171,N,N
100,86478,N,N
100,86780,N,N
100,87079,N,N
100,87364,N,N
100,87652,N,N
100,87941,N,N
100,88232,N,N
100,88530,N,N
100,88834,N,N
100,89135,N,N
100,89421,N,N
100,89703,N,N
100,89988,N,N
100,90286,N,N
100,90590,N,N
100,90885,N,N
100,91190,N,N
100,91481,N,N
100,91761,N,N
100,92046,N,N
100,92338,N,N
100,92633,N,N
100,92944,N,N
100,93246,N,N
100,93534,N,N
100,93824,N,N
100,94102,N,N
100,94395,N,N
100,94693,N,N
100,94996,N,N
100,95298,N,N
100,95606,N,N
100,95893,N,N
100,96171,N,N
100,96450,N,N
100,96746,N,N
100,97050,N,N
100,97348,N,N
100,97644,N,N
100,97936,N,N
100,98228,N,N
100,98508,N,N
100,98789,N,N
100,99084,N,N
100,99382,N,N
100,99579,A,S
100,99930,N,N
100,100218,N,N
100,100496,N,N
100,100781,N,N
100,101071,N,N
100,101361,N,N
100,101653,N,N
100,101941,N,N
100,102234,N,N
100,102516,N,N
100,102793,N,N
100,103074,N,N
100,103371,N,N
100,103669,N,N
100,103964,N,N
100,104261,N,N
100,104545,N,N
100,104830,N,N
100,105118,N,N
100,105407,N,N
100,105707,N,N
100,106015,N,N
100,106314,N,N
100,106600,N,N
100,106882,N,N
100,107159,N,N
100,107453,N,N
100,107750,N,N
100,108045,N,N
100,108342,N,N
100,108643,N,N
100,108926,N,N
100,109199,N,N
100,109486,N,N
100,109772,N,N
100,110076,N,N
100,110374,N,N
100,110673,N,N
100,110963,N,N
100,111244,N,N
100,111524,N,N
100,111810,N,N
100,112108,N,N
100,112405,N,N
100,112710,N,N
100,113000,N,N
100,113281,N,N
100,113562,N,N
100,113850,N,N
100,114142,N,N
100,114428,N,N
100,114716,N,N
100,115000,N,N
100,115280,N,N
100,115547,N,N
100,115815,N,N
100,116084,N,N
100,116369,N,N
100,116654,N,N
100,116939,N,N
100,117213,N,N
100,117494,N,N
100,117766,N,N
100,118044,N,N
100,118323,N,N
100,118607,N,N
100,118911,N,N
100,119215,N,N
100,119509,N,N
100,119791,N,N
100,120077,N,N
100,120376,N,N
100,120676,N,N
100,120990,N,N
100,121300,N,N
100,121604,N,N
100,121889,N,N
100,122170,N,N
100,122460,N,N
100,122750,N,N
100,123050,N,N
100,123360,N,N
100,123664,N,N
100,123936,N,N
100,124221,N,N
100,124507,N,N
100,124775,N,N
100,125060,N,N
100,125355,N,N
100,125648,N,N
100,125926,N,N
100,126203,N,N
100,126476,N,N
100,126746,N,N
100,127025,N,N
100,127313,N,N
100,127603,N,N
100,127892,N,N
100,128085,A,S
100,128423,N,N
100,128698,N,N
100,128958,N,N
100,129230,N,N
100,129519,N,N
100,129798,N,N
100,130057,N,N
100,130318,N,N
100,130568,N,N
100,130818,N,N
100,131073,N,N
100,131326,N,N
100,131584,N,N
100,131851,N,N
100,132122,N,N
100,132381,N,N
100,132629,N,N
100,132883,N,N
100,133132,N,N
100,133390,N,N
100,133662,N,N
100,133933,N,N
100,134197,N,N
100,134463,N,N
100,134737,N,N
100,134990,N,N
100,135243,N,N
100,135504,N,N
100,135780,N,N
100,136061,N,N
100,136350,N,N
100,136630,N,N
100,136899,N,N
100,137170,N,N
100,137449,N,N
100,137729,N,N
100,138008,N,N
100,138304,N,N
100,138598,N,N
100,138888,N,N
100,139164,N,N
100,139440,N,N
100,139719,N,N
100,140009,N,N
100,140302,N,N
100,140599,N,N
100,140881,N,N
100,141152,N,N
100,141423,N,N
100,141684,N,N
100,141943,N,N
100,142207,N,N
100,142479,N,N
100,142747,N,N
100,143010,N,N
100,143265,N,N
100,143515,N,N
100,143766,N,N
100,144025,N,N
100,144286,N,N
100,144557,N,N
100,144832,N,N
100,145111,N,N
100,145381,N,N
100,145647,N,N
100,145902,N,N
100,146170,N,N
100,146445,N,N
100,146737,N,N
100,147013,N,N
100,147290,N,N
100,147565,N,N
100,147832,N,N
100,148099,N,N
100,148363,N,N
100,148637,N,N
100,148916,N,N
100,149204,N,N
100,149488,N,N
100,149768,N,N
100,150030,N,N
100,150303,N,N
100,150575,N,N
100,150849,N,N
100,151122,N,N
100,151407,N,N
100,151700,N,N
100,151974,N,N
100,152237,N,N
100,152510,N,N
100,152781,N,N
100,153067,N,N
100,153362,N,N
100,153644,N,N
100,153922,N,N
100,154193,N,N
100,154470,N,N
100,154741,N,N
100,155009,N,N
100,155291,N,N
100,155588,N,N
100,155865,N,N
100,156132,N,N
100,156395,N,N
100,156648,N,N
100,156906,N,N
100,157168,N,N
100,157430,N,N
100,157695,N,N
100,157960,N,N
100,158233,N,N
100,158489,N,N
100,158730,N,N
100,158974,N,N
100,159225,N,N
100,159479,N,N
100,159738,N,N
100,160001,N,N
100,160260,N,N
100,160507,N,N
100,160755,N,N
100,161005,N,N
100,161254,N,N
100,161499,N,N
100,161764,N,N
100,162035,N,N
100,162308,N,N
100,162573,N,N
100,162835,N,N
100,163093,N,N
100,163362,N,N
100,163629,N,N
100,163899,N,N
100,164182,N,N
100,164461,N,N
100,164731,N,N
100,164991,N,N
100,165246,N,N
100,165499,N,N
100,165756,N,N
100,166032,N,N
100,166301,N,N
100,166570,N,N
100,166841,N,N
100,167111,N,N
100,167371,N,N
100,167641,N,N
100,167912,N,N
100,168191,N,N
100,168484,N,N
100,168784,N,N
100,169074,N,N
100,169349,N,N
100,169629,N,N
100,169907,N,N
100,170201,N,N
100,170495,N,N
100,170719,A,S
100,171074,N,N
100,171371,N,N
100,171652,N,N
100,171921,N,N
100,172199,N,N
100,172481,N,N
100,172776,N,N
100,173067,N,N
100,173351,N,N
100,173629,N,N
100,173907,N,N
100,174176,N,N
100,174451,N,N
100,174737,N,N
100,175023,N,N
100,175323,N,N
100,175608,N,N
100,175877,N,N
100,176145,N,N
100,176427,N,N
100,176698,N,N
100,176975,N,N
100,177248,N,N
100,177523,N,N
100,177797,N,N
100,178059,N,N
100,178316,N,N
100,178578,N,N
100,178841,N,N
100,179117,N,N
100,179388,N,N
100,179662,N,N
100,179927,N,N
100,180182,N,N
100,180443,N,N
100,180705,N,N
100,180964,N,N
100,181236,N,N
100,181523,N,N
100,181811,N,N
100,182084,N,N
100,182353,N,N
100,182624,N,N
100,182896,N,N
100,183181,N,N
100,183475,N,N
100,183778,N,N
100,184071,N,N
100,184361,N,N
100,184649,N,N
100,184933,N,N
100,185213,N,N
100,185510,N,N
100,185828,N,N
100,186137,N,N
100,186428,N,N
100,186717,N,N
100,187005,N,N
100,187291,N,N
100,187577,N,N
100,187872,N,N
100,188179,N,N
100,188481,N,N
100,188763,N,N
100,189043,N,N
100,189330,N,N
100,189624,N,N
100,189929,N,N
100,190228,N,N
100,190529,N,N
100,190820,N,N
100,191112,N,N
100,191395,N,N
100,191674,N,N
100,191977,N,N
100,192281,N,N
100,192575,N,N
100,192862,N,N
100,193146,N,N
100,193423,N,N
100,193703,N,N
100,193994,N,N
100,194281,N,N
100,194574,N,N
100,194868,N,N
100,195156,N,N
100,195426,N,N
100,195701,N,N
100,195978,N,N
100,196268,N,N
100,196560,N,N
100,196847,N,N
100,197132,N,N
100,197414,N,N
100,197685,N,N
100,197950,N,N
100,198224,N,N
100,198504,N,N
100,198791,N,N
100,199075,N,N
100,199353,N,N
100,199619,N,N
100,199894,N,N
100,200161,N,N
100,200434,N,N
100,200714,N,N
100,200993,N,N
100,201271,N,N
100,201545,N,N
100,201806,N,N
100,202067,N,N
100,202339,N,N
100,202614,N,N
100,202896,N,N
100,203182,N,N
100,203468,N,N
100,203741,N,N
100,204021,N,N
100,204299,N,N
100,204574,N,N
100,204854,N,N
100,205158,N,N
100,205459,N,N
100,205737,N,N
100,206016,N,N
100,206288,N,N
100,206567,N,N
100,206844,N,N
100,207130,N,N
100,207421,N,N
100,207724,N,N
100,208004,N,N
100,208277,N,N
100,208548,N,N
100,208822,N,N
100,209100,N,N
100,209392,N,N
100,209683,N,N
100,209973,N,N
100,210256,N,N
100,210534,N,N
100,210809,N,N
100,211085,N,N
100,211364,N,N
100,211654,N,N
100,211951,N,N
100,212228,N,N
100,212502,N,N
100,212777,N,N
100,213058,N,N
100,213326,N,N
100,213606,N,N
100,213894,N,N
100,214181,N,N
100,214465,N,N
100,214738,N,N
100,215005,N,N
100,215280,N,N
100,215563,N,N
100,215850,N,N
100,216141,N,N
100,216431,N,N
100,216710,N,N
100,216990,N,N
100,217268,N,N
100,217547,N,N
100,217824,N,N
100,218122,N,N
100,218416,N,N
100,218703,N,N
100,218972,N,N
100,219246,N,N
100,219529,N,N
100,219813,N,N
100,220098,N,N
100,220391,N,N
100,220691,N,N
100,220977,N,N
100,221252,N,N
100,221527,N,N
100,221804,N,N
100,222081,N,N
100,222375,N,N
100,222666,N,N
100,222951,N,N
100,223227,N,N
100,223507,N,N
100,223783,N,N
100,224047,N,N
100,224328,N,N
100,224621,N,N
100,224915,N,N
100,225195,N,N
100,225472,N,N
100,225743,N,N
100,226024,N,N
100,226296,N,N
100,226573,N,N
100,226863,N,N
100,227144,N,N
100,227427,N,N
100,227702,N,N
100,227975,N,N
100,228238,N,N
100,228516,N,N
100,228808,N,N
100,229094,N,N
100,229376,N,N
100,229660,N,N
100,229936,N,N
100,230214,N,N
100,230485,N,N
100,230761,N,N
100,231058,N,N
100,231357,N,N
100,231638,N,N
100,231913,N,N
100,232190,N,N
100,232459,N,N
100,232732,N,N
100,233016,N,N
100,233301,N,N
100,233588,N,N
100,233875,N,N
100,234151,N,N
100,234415,N,N
100,234684,N,N
100,234959,N,N
100,235249,N,N
100,235547,N,N
100,235828,N,N
100,236108,N,N
100,236390,N,N
100,236664,N,N
100,236927,N,N
100,237205,N,N
100,237495,N,N
100,237783,N,N
100,238070,N,N
100,238343,N,N
100,238610,N,N
100,238884,N,N
100,239157,N,N
100,239433,N,N
100,239717,N,N
100,239996,N,N
100,240266,N,N
100,240541,N,N
100,240809,N,N
100,241065,N,N
100,241318,N,N
100,241588,N,N
100,241855,N,N
100,242114,N,N
100,242373,N,N
100,242632,N,N
100,242879,N,N
100,243132,N,N
100,243388,N,N
100,243643,N,N
100,243908,N,N
100,244191,N,N
100,244461,N,N
100,244729,N,N
100,244984,N,N
100,245246,N,N
100,245515,N,N
100,245791,N,N
100,246065,N,N
100,246352,N,N
100,246647,N,N
100,246935,N,N
100,247201,N,N
100,247469,N,N
100,247742,N,N
100,248017,N,N
100,248300,N,N
100,248586,N,N
100,248878,N,N
100,249158,N,N
100,249433,N,N
100,249706,N,N
100,249988,N,N
100,250273,N,N
100,250558,N,N
100,250858,N,N
100,251160,N,N
100,251441,N,N
100,251710,N,N
100,251994,N,N
100,252285,N,N
100,252584,N,N
100,252868,N,N
100,253159,N,N
100,253456,N,N
100,253741,N,N
100,254010,N,N
100,254282,N,N
100,254585,N,N
100,254891,N,N
100,255170,N,N
100,255453,N,N
100,255738,N,N
100,256027,N,N
100,256295,N,N
100,256572,N,N
100,256860,N,N
100,257157,N,N
100,257439,N,N
100,257710,N,N
100,257966,N,N
100,258226,N,N
100,258478,N,N
100,258737,N,N
100,259005,N,N
100,259280,N,N
100,259541,N,N
100,259811,N,N
100,260076,N,N
100,260334,N,N
100,260585,N,N
100,260852,N,N
100,261132,N,N
100,261417,N,N
100,261690,N,N
100,261968,N,N
100,262241,N,N
100,262516,N,N
100,262789,N,N
100,263062,N,N
100,263350,N,N
100,263641,N,N
100,263931,N,N
100,264217,N,N
100,264499,N,N
100,264772,N,N
100,265062,N,N
100,265354,N,N
100,265651,N,N
100,265947,N,N
100,266238,N,N
100,266528,N,N
100,266815,N,N
100,267099,N,N
100,267375,N,N
100,267679,N,N
100,267978,N,N
100,268260,N,N
100,268544,N,N
100,268823,N,N
100,269102,N,N
100,269384,N,N
100,269669,N,N
100,269960,N,N
100,270257,N,N
100,270550,N,N
100,270821,N,N
100,271094,N,N
100,271370,N,N
100,271656,N,N
100,271952,N,N
100,272244,N,N
100,272533,N,N
100,272839,N,N
100,273123,N,N
100,273394,N,N
100,273675,N,N
100,273967,N,N
100,274264,N,N
100,274560,N,N
100,274852,N,N
100,275131,N,N
100,275403,N,N
100,275671,N,N
100,275949,N,N
100,276235,N,N
100,276516,N,N
100,276804,N,N
100,277102,N,N
100,277388,N,N
100,277649,N,N
100,277923,N,N
100,278211,N,N
100,278518,N,N
100,278814,N,N
100,279098,N,N
100,279382,N,N
100,279576,A,S
100,279918,N,N
100,280209,N,N
100,280511,N,N
100,280814,N,N
100,281110,N,N
100,281402,N,N
100,281682,N,N
100,281955,N,N
100,282232,N,N
100,282513,N,N
100,282801,N,N
100,283096,N,N
100,283389,N,N
100,283672,N,N
100,283944,N,N
100,284216,N,N
100,284491,N,N
100,284778,N,N
100,285073,N,N
100,285363,N,N
100,285653,N,N
100,285936,N,N
100,286210,N,N
100,286486,N,N
100,286763,N,N
100,287051,N,N
100,287353,N,N
100,287655,N,N
100,287944,N,N
100,288225,N,N
100,288506,N,N
100,288792,N,N
100,289076,N,N
100,289373,N,N
100,289667,N,N
100,289971,N,N
100,290257,N,N
100,290538,N,N
100,290813,N,N
100,291109,N,N
100,291407,N,N
100,291696,N,N
100,291990,N,N
100,292281,N,N
100,292566,N,N
100,292844,N,N
100,293123,N,N
100,293411,N,N
100,293712,N,N
100,294011,N,N
100,294296,N,N
100,294581,N,N
100,294857,N,N
100,295142,N,N
100,295421,N,N
100,295717,N,N
100,296013,N,N
100,296319,N,N
100,296611,N,N
100,296889,N,N
100,297169,N,N
100,297450,N,N
100,297738,N,N
100,298032,N,N
100,298334,N,N
100,298627,N,N
100,298920,N,N
100,299206,N,N
100,299483,N,N
100,299756,N,N
100,300051,N,N
100,300360,N,N
100,300662,N,N
100,300940,N,N
100,301210,N,N
100,301494,N,N
100,301781,N,N
100,302063,N,N
100,302347,N,N
100,302644,N,N
100,302947,N,N
100,303240,N,N
100,303503,N,N
100,303773,N,N
100,304065,N,N
100,304361,N,N
100,304639,N,N
100,304923,N,N
100,305211,N,N
100,305497,N,N
100,305709,A,S
100,306035,N,N
100,306337,N,N
100,306641,N,N
100,306943,N,N
100,307234,N,N
100,307514,N,N
100,307745,A,S
100,308062,N,N
100,308349,N,N
100,308625,N,N
100,308912,N,N
100,309216,N,N
100,309515,N,N
100,309780,N,N
100,310052,N,N
100,310332,N,N
100,310626,N,N
100,310914,N,N
100,311199,N,N
100,311488,N,N
100,311783,N,N
100,312062,N,N
100,312327,N,N
100,312605,N,N
100,312825,A,S
100,313193,N,N
100,313508,N,N
100,313808,N,N
100,314090,N,N
100,314373,N,N
100,314664,N,N
100,314952,N,N
100,315245,N,N
100,315541,N,N
100,315843,N,N
100,316136,N,N
100,316415,N,N
100,316693,N,N
100,316980,N,N
100,317266,N,N
100,317560,N,N
100,317785,A,S
100,318145,N,N
100,318438,N,N
100,318729,N,N
100,319011,N,N
100,319223,A,S
100,319586,N,N
100,319904,N,N
100,320205,N,N
100,320493,N,N
100,320786,N,N
100,321072,N,N
100,321371,N,N
100,321663,N,N
100,321968,N,N
100,322275,N,N
100,322573,N,N
100,322856,N,N
100,323138,N,N
100,323425,N,N
100,323730,N,N
100,324044,N,N
100,324340,N,N
100,324641,N,N
100,324929,N,N
100,325215,N,N
100,325495,N,N
100,325782,N,N
100,326088,N,N
100,326395,N,N
100,326698,N,N
100,326986,N,N
100,327276,N,N
100,327566,N,N
100,327858,N,N
100,328149,N,N
100,328452,N,N
100,328753,N,N
100,329056,N,N
100,329339,N,N
100,329619,N,N
100,329912,N,N
100,330216,N,N
100,330524,N,N
100,330819,N,N
100,331124,N,N
100,331411,N,N
100,331704,N,N
100,331989,N,N
100,332279,N,N
100,332588,N,N
100,332897,N,N
100,333199,N,N
100,333479,N,N
100,333768,N,N
100,334056,N,N
100,334348,N,N
100,334643,N,N
100,334943,N,N
100,335248,N,N
100,335543,N,N
100,335823,N,N
100,336100,N,N
100,336385,N,N
100,336679,N,N
100,336979,N,N
100,337281,N,N
100,337571,N,N
100,337862,N,N
100,338145,N,N
100,338432,N,N
100,338720,N,N
100,339025,N,N
100,339327,N,N
100,339634,N,N
100,339926,N,N
100,340205,N,N
100,340492,N,N
100,340780,N,N
100,341075,N,N
100,341379,N,N
100,341684,N,N
100,341974,N,N
100,342266,N,N
100,342547,N,N
100,342822,N,N
100,343115,N,N
100,343409,N,N
100,343705,N,N
100,343995,N,N
100,344279,N,N
100,344556,N,N
100,344843,N,N
100,345129,N,N
100,345415,N,N
100,345722,N,N
100,346017,N,N
100,346308,N,N
100,346596,N,N
100,346804,A,S
100,347147,N,N
100,347454,N,N
100,347759,N,N
100,348063,N,N
100,348367,N,N
100,348658,N,N
100,348934,N,N
100,349221,N,N
100,349502,N,N
100,349804,N,N
100,350112,N,N
100,350410,N,N
100,350692,N,N
100,350980,N,N
100,351265,N,N
100,351481,A,S
100,351821,N,N
100,352115,N,N
100,352416,N,N
100,352711,N,N
100,352986,N,N
100,353257,N,N
100,353547,N,N
100,353832,N,N
100,354128,N,N
100,354426,N,N
100,354717,N,N
100,355015,N,N
100,355302,N,N
100,355579,N,N
100,355858,N,N
100,356165,N,N
100,356463,N,N
100,356758,N,N
100,357045,N,N
100,357327,N,N
100,357610,N,N
100,357900,N,N
100,358186,N,N
100,358482,N,N
100,358788,N,N
100,359086,N,N
100,359365,N,N
100,359634,N,N
100,359903,N,N
100,360182,N,N
100,360471,N,N
100,360763,N,N
100,361051,N,N
100,361343,N,N
100,361625,N,N
100,361894,N,N
100,362162,N,N
100,362451,N,N
100,362732,N,N
100,363026,N,N
100,363318,N,N
100,363606,N,N
100,363878,N,N
100,364158,N,N
100,364446,N,N
100,364730,N,N
100,365022,N,N
100,365330,N,N
100,365640,N,N
100,365914,N,N
100,366191,N,N
100,366482,N,N
100,366778,N,N
100,367063,N,N
100,367363,N,N
100,367674,N,N
100,367960,N,N
100,368247,N,N
100,368531,N,N
100,368824,N,N
100,369109,N,N
100,369410,N,N
100,369714,N,N
100,370010,N,N
100,370279,N,N
100,370557,N,N
100,370842,N,N
100,371131,N,N
100,371406,N,N
100,371703,N,N
100,372007,N,N
100,372299,N,N
100,372557,N,N
100,372834,N,N
100,373123,N,N
100,373428,N,N
100,373712,N,N
100,374000,N,N
100,374303,N,N
100,374595,N,N
100,374855,N,N
100,375124,N,N
100,375412,N,N
100,375715,N,N
100,375998,N,N
100,376287,N,N
100,376576,N,N
100,376861,N,N
100,377081,A,S
100,377404,N,N
100,377700,N,N
100,378005,N,N
100,378308,N,N
100,378608,N,N
100,378886,N,N
100,379159,N,N
100,379439,N,N
100,379731,N,N
100,380023,N,N
100,380312,N,N
100,380610,N,N
100,380898,N,N
100,381173,N,N
100,381452,N,N
100,381724,N,N
100,382014,N,N
100,382308,N,N
100,382607,N,N
100,382895,N,N
100,383183,N,N
100,383457,N,N
100,383743,N,N
100,384027,N,N
100,384317,N,N
100,384614,N,N
100,384915,N,N
100,385205,N,N
100,385487,N,N
100,385768,N,N
100,386050,N,N
100,386349,N,N
100,386649,N,N
100,386941,N,N
100,387241,N,N
100,387533,N,N
100,387811,N,N
100,388084,N,N
100,388373,N,N
100,388671,N,N
100,388979,N,N
100,389277,N,N
100,389563,N,N
100,389860,N,N
100,390149,N,N
100,390434,N,N
100,390730,N,N
100,391039,N,N
100,391344,N,N
100,391641,N,N
100,391924,N,N
100,392204,N,N
100,392493,N,N
100,392780,N,N
100,393077,N,N
100,393377,N,N
100,393674,N,N
100,393957,N,N
100,394243,N,N
100,394519,N,N
100,394801,N,N
100,395096,N,N
100,395401,N,N
100,395697,N,N
100,395989,N,N
100,396268,N,N
100,396553,N,N
100,396845,N,N
100,397133,N,N
100,397335,A,S
100,397704,N,N
100,398007,N,N
100,398294,N,N
100,398569,N,N
100,398853,N,N
100,399139,N,N
100,399436,N,N
100,399730,N,N
100,400023,N,N
100,400321,N,N
100,400599,N,N
100,400877,N,N
100,401163,N,N
100,401453,N,N
100,401757,N,N
100,402061,N,N
100,402361,N,N
100,402646,N,N
100,402933,N,N
100,403215,N,N
100,403509,N,N
100,403804,N,N
100,404100,N,N
100,404403,N,N
100,404697,N,N
100,404980,N,N
100,405255,N,N
100,405543,N,N
100,405836,N,N
100,406131,N,N
100,406425,N,N
100,406715,N,N
100,407005,N,N
100,407288,N,N
100,407559,N,N
100,407849,N,N
100,408151,N,N
100,408452,N,N
100,408746,N,N
100,409030,N,N
100,409314,N,N
100,409597,N,N
100,409881,N,N
100,410177,N,N
100,410477,N,N
100,410781,N,N
100,411071,N,N
100,411352,N,N
100,411632,N,N
100,411915,N,N
100,412206,N,N
100,412512,N,N
100,412816,N,N
100,413109,N,N
100,413402,N,N
100,413692,N,N
100,413969,N,N
100,414249,N,N
100,414541,N,N
100,414847,N,N
100,415143,N,N
100,415430,N,N
100,415703,N,N
100,415994,N,N
100,416275,N,N
100,416555,N,N
100,416849,N,N
100,417152,N,N
100,417445,N,N
100,417728,N,N
100,418006,N,N
100,418283,N,N
100,418577,N,N
100,418866,N,N
100,419155,N,N
100,419453,N,N
100,419745,N,N
100,420022,N,N
100,420302,N,N
100,420583,N,N
100,420873,N,N
100,421173,N,N
100,421474,N,N
100,421766,N,N
100,421994,A,S
100,422320,N,N
100,422603,N,N
100,422818,A,S
100,423164,N,N
100,423462,N,N
100,423767,N,N
100,424064,N,N
100,424339,N,N
100,424616,N,N
100,424893,N,N
100,425188,N,N
100,425491,N,N
100,425788,N,N
100,426078,N,N
100,426380,N,N
100,426661,N,N
100,426938,N,N
100,427225,N,N
100,427523,N,N
100,427827,N,N
100,428129,N,N
100,428413,N,N
100,428698,N,N
100,428992,N,N
100,429276,N,N
100,429558,N,N
100,429867,N,N
100,430165,N,N
100,430470,N,N
100,430754,N,N
100,431034,N,N
100,431315,N,N
100,431615,N,N
100,431910,N,N
100,432209,N,N
100,432509,N,N
100,432799,N,N
100,433082,N,N
100,433364,N,N
100,433648,N,N
100,433841,A,S
100,434211,N,N
100,434513,N,N
100,434810,N,N
100,435096,N,N
100,435370,N,N
100,435658,N,N
100,435951,N,N
100,436149,A,S
100,436512,N,N
100,436819,N,N
100,437118,N,N
100,437400,N,N
100,437682,N,N
100,437965,N,N
100,438268,N,N
100,438570,N,N
100,438865,N,N
100,439158,N,N
100,439454,N,N
100,439740,N,N
100,440022,N,N
100,440312,N,N
100,440622,N,N
100,440934,N,N
100,441230,N,N
100,441518,N,N
100,441814,N,N
100,442109,N,N
100,442406,N,N
100,442623,A,S
100,442992,N,N
100,443304,N,N
100,443606,N,N
100,443888,N,N
100,444175,N,N
100,444473,N,N
100,444705,A,S
100,445060,N,N
100,445362,N,N
100,445658,N,N
100,445948,N,N
100,446226,N,N
100,446507,N,N
100,446800,N,N
100,447104,N,N
100,447402,N,N
100,447695,N,N
100,447980,N,N
100,448264,N,N
100,448548,N,N
100,448834,N,N
100,449137,N,N
100,449441,N,N
100,449748,N,N
100,450038,N,N
100,450325,N,N
100,450607,N,N
100,450895,N,N
100,451193,N,N
100,451501,N,N
100,451805,N,N
100,452101,N,N
100,452390,N,N
100,452678,N,N
100,452959,N,N
100,453250,N,N
100,453545,N,N
100,453852,N,N
100,454154,N,N
100,454444,N,N
100,454651,A,S
100,454997,N,N
100,455293,N,N
100,455588,N,N
100,455888,N,N
100,456189,N,N
100,456487,N,N
100,456771,N,N
100,457045,N,N
100,457333,N,N
100,457634,N,N
100,457937,N,N
100,458168,A,S
100,458524,N,N
100,458816,N,N
100,459103,N,N
100,459380,N,N
100,459664,N,N
100,459966,N,N
100,460275,N,N
100,460571,N,N
100,460858,N,N
100,461148,N,N
100,461433,N,N
100,461721,N,N
100,462014,N,N
100,462314,N,N
100,462621,N,N
100,462919,N,N
100,463197,N,N
100,463481,N,N
100,463765,N,N
100,464049,N,N
100,464361,N,N
100,464664,N,N
100,464960,N,N
100,465257,N,N
100,465538,N,N
100,465820,N,N
100,466104,N,N
100,466404,N,N
100,466707,N,N
100,467010,N,N
100,467308,N,N
100,467589,N,N
100,467878,N,N
100,468164,N,N
100,468459,N,N
100,468762,N,N
100,469065,N,N
100,469363,N,N
100,469660,N,N
100,469942,N,N
100,470230,N,N
100,470530,N,N
100,470837,N,N
100,471139,N,N
100,471444,N,N
100,471727,N,N
100,472019,N,N
100,472304,N,N
100,472589,N,N
100,472887,N,N
100,473201,N,N
100,473498,N,N
100,473792,N,N
100,474074,N,N
100,474362,N,N
100,474652,N,N
100,474942,N,N
100,475237,N,N
100,475547,N,N
100,475851,N,N
100,476136,N,N
100,476417,N,N
100,476705,N,N
100,477000,N,N
100,477307,N,N
100,477604,N,N
100,477898,N,N
100,478195,N,N
100,478480,N,N
100,478757,N,N
100,479040,N,N
100,479332,N,N
100,479633,N,N
100,479931,N,N
100,480218,N,N
100,480494,N,N
100,480779,N,N
100,481057,N,N
100,481340,N,N
100,481641,N,N
100,481941,N,N
100,482239,N,N
100,482525,N,N
100,482801,N,N
100,483071,N,N
100,483350,N,N
100,483634,N,N
100,483930,N,N
100,484220,N,N
100,484507,N,N
100,484786,N,N
100,485073,N,N
100,485352,N,N
100,485641,N,N
100,485939,N,N
100,486253,N,N
100,486556,N,N
100,486844,N,N
100,487129,N,N
100,487423,N,N
100,487719,N,N
100,488018,N,N
100,488320,N,N
100,488635,N,N
100,488931,N,N
100,489214,N,N
100,489497,N,N
100,489788,N,N
100,490090,N,N
100,490393,N,N
100,490695,N,N
100,490994,N,N
100,491287,N,N
100,491570,N,N
100,491850,N,N
100,492145,N,N
100,492445,N,N
100,492750,N,N
100,493046,N,N
100,493340,N,N
100,493623,N,N
100,493914,N,N
100,494199,N,N
100,494491,N,N
100,494789,N,N
100,495085,N,N
100,495370,N,N
100,495649,N,N
100,495924,N,N
100,496201,N,N
100,496499,N,N
100,496712,A,S
100,497074,N,N
100,497376,N,N
100,497664,N,N
100,497945,N,N
100,498230,N,N
100,498517,N,N
100,498812,N,N
100,499114,N,N
100,499417,N,N
100,499701,N,N
100,499987,N,N
100,500268,N,N
100,500549,N,N
100,500847,N,N
100,501145,N,N
100,501448,N,N
100,501745,N,N
100,502039,N,N
100,502316,N,N
100,502601,N,N
100,502888,N,N
100,503191,N,N
100,503496,N,N
100,503794,N,N
100,504080,N,N
100,504372,N,N
100,504654,N,N
100,504936,N,N
100,505227,N,N
100,505528,N,N
100,505830,N,N
100,506125,N,N
100,506398,N,N
100,506679,N,N
100,506969,N,N
100,507256,N,N
100,507552,N,N
100,507855,N,N
100,508159,N,N
100,508455,N,N
100,508744,N,N
100,509019,N,N
100,509319,N,N
100,509623,N,N
100,509923,N,N
100,510220,N,N
100,510520,N,N
100,510804,N,N
100,511093,N,N
100,511371,N,N
100,511660,N,N
100,511970,N,N
100,512277,N,N
100,512567,N,N
100,512851,N,N
100,513135,N,N
100,513424,N,N
100,513719,N,N
100,514014,N,N
100,514318,N,N
100,514628,N,N
100,514919,N,N
100,515194,N,N
100,515476,N,N
100,515762,N,N
100,516065,N,N
100,516371,N,N
100,516667,N,N
100,516970,N,N
100,517266,N,N
100,517553,N,N
100,517832,N,N
100,518127,N,N
100,518426,N,N
100,518734,N,N
100,519028,N,N
100,519307,N,N
100,519594,N,N
100,519882,N,N
100,520149,N,N
100,520463,N,N
100,520768,N,N
100,520982,A,S
100,521342,N,N
100,521627,N,N
100,521913,N,N
100,522209,N,N
100,522511,N,N
100,522815,N,N
100,523116,N,N
100,523416,N,N
100,523708,N,N
100,523999,N,N
100,524279,N,N
100,524577,N,N
100,524890,N,N
100,525198,N,N
100,525492,N,N
100,525780,N,N
100,526064,N,N
100,526355,N,N
100,526646,N,N
100,526941,N,N
100,527243,N,N
100,527549,N,N
100,527838,N,N
100,528118,N,N
100,528402,N,N
100,528689,N,N
100,528991,N,N
100,529293,N,N
100,529599,N,N
100,529897,N,N
100,530191,N,N
100,530471,N,N
100,530762,N,N
100,531057,N,N
100,531358,N,N
100,531668,N,N
100,531967,N,N
100,532257,N,N
100,532544,N,N
100,532828,N,N
100,533121,N,N
100,533416,N,N
100,533719,N,N
100,534012,N,N
100,534307,N,N
100,534592,N,N
100,534873,N,N
100,535161,N,N
100,535459,N,N
100,535768,N,N
100,536067,N,N
100,536364,N,N
100,536644,N,N
100,536930,N,N
100,537212,N,N
100,537505,N,N
100,537810,N,N
100,538115,N,N
100,538421,N,N
100,538707,N,N
100,538993,N,N
100,539278,N,N
100,539575,N,N
100,539874,N,N
100,540172,N,N
100,540472,N,N
100,540768,N,N
100,541052,N,N
100,541334,N,N
100,541616,N,N
100,541916,N,N
100,542226,N,N
100,542529,N,N
100,542825,N,N
100,543116,N,N
100,543407,N,N
100,543689,N,N
100,543983,N,N
100,544285,N,N
100,544590,N,N
100,544895,N,N
100,545182,N,N
100,545455,N,N
100,545741,N,N
100,546022,N,N
100,546306,N,N
100,546599,N,N
100,546792,V,V
100,547199,N,N
100,547482,N,N
100,547758,N,N
100,548032,N,N
100,548334,N,N
100,548632,N,N
100,548926,N,N
100,549217,N,N
100,549502,N,N
100,549784,N,N
100,550070,N,N
100,550348,N,N
100,550639,N,N
100,550952,N,N
100,551253,N,N
100,551532,N,N
100,551815,N,N
100,552096,N,N
100,552385,N,N
100,552680,N,N
100,552974,N,N
100,553282,N,N
100,553588,N,N
100,553876,N,N
100,554154,N,N
100,554439,N,N
100,554723,N,N
100,555026,N,N
100,555323,N,N
100,555613,N,N
100,555914,N,N
100,556203,N,N
100,556486,N,N
100,556765,N,N
100,557056,N,N
100,557361,N,N
100,557667,N,N
100,557962,N,N
100,558238,N,N
100,558527,N,N
100,558813,N,N
100,559102,N,N
100,559395,N,N
100,559695,N,N
100,559997,N,N
100,560295,N,N
100,560576,N,N
100,560846,N,N
100,561141,N,N
100,561435,N,N
100,561732,N,N
100,562019,N,N
100,562308,N,N
100,562591,N,N
100,562812,A,S
100,563141,N,N
100,563423,N,N
100,563731,N,N
100,564030,N,N
100,564320,N,N
100,564601,N,N
100,564883,N,N
100,565164,N,N
100,565452,N,N
100,565741,N,N
100,566041,N,N
100,566259,A,S
100,566615,N,N
100,566899,N,N
100,567185,N,N
100,567379,A,S
100,567721,N,N
100,568027,N,N
100,568326,N,N
100,568624,N,N
100,568919,N,N
100,569204,N,N
100,569482,N,N
100,569762,N,N
100,570058,N,N
100,570366,N,N
100,570668,N,N
100,570957,N,N
100,571246,N,N
100,571538,N,N
100,571831,N,N
100,572122,N,N
100,572428,N,N
100,572730,N,N
100,573040,N,N
100,573328,N,N
100,573608,N,N
100,573893,N,N
100,574193,N,N
100,574429,A,S
100,574786,N,N
100,575095,N,N
100,575387,N,N
100,575678,N,N
100,575959,N,N
100,576248,N,N
100,576551,N,N
100,576862,N,N
100,577162,N,N
100,577456,N,N
100,577741,N,N
100,578025,N,N
100,578310,N,N
100,578600,N,N
100,578901,N,N
100,579204,N,N
100,579448,A,S
100,579790,N,N
100,580074,N,N
100,580357,N,N
100,580648,N,N
100,580947,N,N
100,581246,N,N
100,581543,N,N
100,581834,N,N
100,582119,N,N
100,582395,N,N
100,582668,N,N
100,582919,N,N
100,583239,N,N
100,583539,N,N
100,583821,N,N
100,584097,N,N
100,584363,N,N
100,584635,N,N
100,584903,N,N
100,585175,N,N
100,585454,N,N
100,585731,N,N
100,586011,N,N
100,586275,N,N
100,586525,N,N
100,586771,N,N
100,587030,N,N
100,587299,N,N
100,587572,N,N
100,587843,N,N
100,588113,N,N
100,588377,N,N
100,588643,N,N
100,588905,N,N
100,589177,N,N
100,589454,N,N
100,589747,N,N
100,590040,N,N
100,590316,N,N
100,590588,N,N
100,590863,N,N
100,591143,N,N
100,591417,N,N
100,591706,N,N
100,591999,N,N
100,592288,N,N
100,592571,N,N
100,592853,N,N
100,593068,A,S
100,593387,N,N
100,593683,N,N
100,593990,N,N
100,594280,N,N
100,594563,N,N
100,594855,N,N
100,595127,N,N
100,595402,N,N
100,595690,N,N
100,595992,N,N
100,596278,N,N
100,596584,N,N
100,596879,N,N
100,597136,N,N
100,597402,N,N
100,597670,N,N
100,597925,N,N
100,598186,N,N
100,598458,N,N
100,598713,N,N
100,598969,N,N
100,599222,N,N
100,599468,N,N
100,599703,N,N
100,599952,N,N
100,600214,N,N
100,600483,N,N
100,600739,N,N
100,601011,N,N
100,601273,N,N
100,601537,N,N
100,601799,N,N
100,602064,N,N
100,602330,N,N
100,602610,N,N
100,602893,N,N
100,603179,N,N
100,603455,N,N
100,603722,N,N
100,603989,N,N
100,604277,N,N
100,604564,N,N
100,604844,N,N
100,605148,N,N
100,605459,N,N
100,605737,N,N
100,606008,N,N
100,606293,N,N
100,606587,N,N
100,606880,N,N
100,607178,N,N
100,607475,N,N
100,607766,N,N
100,608043,N,N
100,608309,N,N
100,608576,N,N
100,608853,N,N
100,609136,N,N
100,609425,N,N
100,609715,N,N
100,609987,N,N
100,610262,N,N
100,610544,N,N
100,610823,N,N
100,611108,N,N
100,611399,N,N
100,611695,N,N
100,611986,N,N
100,612263,N,N
100,612539,N,N
100,612819,N,N
100,613108,N,N
100,613399,N,N
100,613693,N,N
100,613983,N,N
100,614259,N,N
100,614539,N,N
100,614816,N,N
100,615089,N,N
100,615370,N,N
100,615676,N,N
100,615968,N,N
100,616250,N,N
100,616526,N,N
100,616803,N,N
100,617086,N,N
100,617366,N,N
100,617655,N,N
100,617949,N,N
100,618248,N,N
100,618528,N,N
100,618804,N,N
100,619081,N,N
100,619362,N,N
100,619653,N,N
100,619951,N,N
100,620249,N,N
100,620541,N,N
100,620826,N,N
100,621102,N,N
100,621379,N,N
100,621661,N,N
100,621944,N,N
100,622247,N,N
100,622541,N,N
100,622823,N,N
100,623089,N,N
100,623367,N,N
100,623638,N,N
100,623917,N,N
100,624191,N,N
100,624482,N,N
100,624765,N,N
100,625048,N,N
100,625309,N,N
100,625579,N,N
100,625853,N,N
100,626138,N,N
100,626427,N,N
100,626715,N,N
100,627000,N,N
100,627281,N,N
100,627555,N,N
100,627827,N,N
100,628103,N,N
100,628391,N,N
100,628688,N,N
100,628981,N,N
100,629171,A,S
100,629494,N,N
100,629761,N,N
100,630027,N,N
100,630289,N,N
100,630561,N,N
100,630836,N,N
100,631110,N,N
100,631377,N,N
100,631636,N,N
100,631898,N,N
100,632156,N,N
100,632414,N,N
100,632688,N,N
100,632958,N,N
100,633229,N,N
100,633498,N,N
100,633768,N,N
100,634028,N,N
100,634283,N,N
100,634545,N,N
100,634826,N,N
100,635107,N,N
100,635394,N,N
100,635684,N,N
100,635966,N,N
100,636238,N,N
100,636520,N,N
100,636811,N,N
100,637105,N,N
100,637399,N,N
100,637704,N,N
100,637997,N,N
100,638282,N,N
100,638560,N,N
100,638846,N,N
100,639140,N,N
100,639446,N,N
100,639744,N,N
100,640039,N,N
100,640329,N,N
100,640615,N,N
100,640900,N,N
100,641178,N,N
100,641479,N,N
100,641777,N,N
100,642065,N,N
100,642337,N,N
100,642614,N,N
100,642887,N,N
100,643164,N,N
100,643439,N,N
100,643721,N,N
100,644005,N,N
100,644286,N,N
100,644547,N,N
100,644807,N,N
100,645063,N,N
100,645320,N,N
100,645581,N,N
100,645863,N,N
100,646132,N,N
100,646393,N,N
100,646658,N,N
100,646916,N,N
100,647168,N,N
100,647414,N,N
100,647672,N,N
100,647934,N,N
100,648203,N,N
100,648477,N,N
100,648733,N,N
100,648978,N,N
100,649232,N,N
100,649484,N,N
100,649734,N,N
100,649991,N,N
101,83,N,N
101,396,N,N
101,711,N,N
101,1032,N,N
101,1368,N,N
101,1712,N,N
101,2036,N,N
101,2349,N,N
101,2662,N,N
101,2972,N,N
101,3301,N,N
101,3631,N,N
101,3960,N,N
101,4283,N,N
101,4609,N,N
101,4928,N,N
101,5241,N,N
101,5569,N,N
101,5898,N,N
101,6223,N,N
101,6528,N,N
101,6830,N,N
101,7143,N,N
101,7463,N,N
101,7786,N,N
101,8105,N,N
101,8414,N,N
101,8721,N,N
101,9026,N,N
101,9321,N,N
101,9628,N,N
101,9953,N,N
101,10281,N,N
101,10590,N,N
101,10892,N,N
101,11185,N,N
101,11470,N,N
101,11760,N,N
101,12050,N,N
101,12338,N,N
101,12621,N,N
101,12911,N,N
101,13183,N,N
101,13457,N,N
101,13740,N,N
101,14030,N,N
101,14333,N,N
101,14640,N,N
101,14923,N,N
101,15195,N,N
101,15474,N,N
101,15760,N,N
101,16051,N,N
101,16351,N,N
101,16655,N,N
101,16956,N,N
101,17250,N,N
101,17532,N,N
101,17814,N,N
101,18099,N,N
101,18396,N,N
101,18687,N,N
101,18977,N,N
101,19267,N,N
101,19558,N,N
101,19860,N,N
101,20173,N,N
101,20493,N,N
101,20822,N,N
101,21166,N,N
101,21498,N,N
101,21808,N,N
101,22130,N,N
101,22451,N,N
101,22782,N,N
101,23126,N,N
101,23457,N,N
101,23774,N,N
101,24090,N,N
101,24404,N,N
101,24720,N,N
101,25040,N,N
101,25374,N,N
101,25704,N,N
101,26008,N,N
101,26310,N,N
101,26637,N,N
101,26967,N,N
101,27303,N,N
101,27621,N,N
101,27934,N,N
101,28243,N,N
101,28559,N,N
101,28861,N,N
101,29155,N,N
101,29467,N,N
101,29782,N,N
101,30088,N,N
101,30387,N,N
101,30688,N,N
101,30985,N,N
101,31310,N,N
101,31634,N,N
101,31947,N,N
101,32262,N,N
101,32565,N,N
101,32866,N,N
101,33165,N,N
101,33467,N,N
101,33777,N,N
101,34092,N,N
101,34391,N,N
101,34679,N,N
101,34980,N,N
101,35288,N,N
101,35598,N,N
101,35912,N,N
101,36217,N,N
101,36529,N,N
101,36837,N,N
101,37141,N,N
101,37450,N,N
101,37773,N,N
101,38099,N,N
101,38430,N,N
101,38748,N,N
101,39059,N,N
101,39376,N,N
101,39692,N,N
101,40013,N,N
101,40340,N,N
101,40668,N,N
101,40976,N,N
101,41265,N,N
101,41543,N,N
101,41829,N,N
101,42126,N,N
101,42421,N,N
101,42714,N,N
101,42990,N,N
101,43268,N,N
101,43546,N,N
101,43816,N,N
101,44095,N,N
101,44387,N,N
101,44676,N,N
101,44977,N,N
101,45270,N,N
101,45553,N,N
101,45839,N,N
101,46138,N,N
101,46440,N,N
101,46750,N,N
101,47060,N,N
101,47359,N,N
101,47655,N,N
101,47944,N,N
101,48228,N,N
101,48517,N,N
101,48821,N,N
101,49125,N,N
101,49422,N,N
101,49699,N,N
101,49978,N,N
101,50248,N,N
101,50527,N,N
101,50816,N,N
101,51114,N,N
101,51400,N,N
101,51687,N,N
101,51965,N,N
101,52239,N,N
101,52512,N,N
101,52794,N,N
101,53087,N,N
101,53381,N,N
101,53667,N,N
101,53947,N,N
101,54221,N,N
101,54517,N,N
101,54814,N,N
101,55107,N,N
101,55405,N,N
101,55710,N,N
101,56011,N,N
101,56307,N,N
101,56607,N,N
101,56918,N,N
101,57252,N,N
101,57592,N,N
101,57928,N,N
101,58245,N,N
101,58542,N,N
101,58845,N,N
101,59166,N,N
101,59490,N,N
101,59822,N,N
101,60156,N,N
101,60477,N,N
101,60784,N,N
101,61089,N,N
101,61395,N,N
101,61727,N,N
101,62058,N,N
101,62359,N,N
101,62672,N,N
101,62994,N,N
101,63315,N,N
101,63631,N,N
101,63967,N,N
101,64292,N,N
101,64627,N,N
101,64929,N,N
101,65245,N,N
101,65576,N,N
101,65906,N,N
101,66225,N,N
101,66564,N,N
101,66890,N,N
101,67198,N,N
101,67510,N,N
101,67832,N,N
101,68164,N,N
101,68505,N,N
101,68830,N,N
101,69136,N,N
101,69446,N,N
101,69757,N,N
101,70082,N,N
101,70417,N,N
101,70752,N,N
101,71088,N,N
101,71400,N,N
101,71710,N,N
101,72021,N,N
101,72350,N,N
101,72680,N,N
101,73002,N,N
101,73307,N,N
101,73600,N,N
101,73912,N,N
101,74229,N,N
101,74556,N,N
101,74896,N,N
101,75213,N,N
101,75537,N,N
101,75854,N,N
101,76167,N,N
101,76493,N,N
101,76831,N,N
101,77161,N,N
101,77498,N,N
101,77827,N,N
101,78147,N,N
101,78474,N,N
101,78815,N,N
101,79159,N,N
101,79516,N,N
101,79853,N,N
101,80161,N,N
101,80464,N,N
101,80773,N,N
101,81107,N,N
101,81452,N,N
101,81790,N,N
101,82113,N,N
101,82443,N,N
101,82773,N,N
101,83107,N,N
101,83433,N,N
101,83777,N,N
101,84118,N,N
101,84427,N,N
101,84735,N,N
101,85072,N,N
101,85418,N,N
101,85752,N,N
101,86068,N,N
101,86372,N,N
101,86683,N,N
101,86992,N,N
101,87305,N,N
101,87654,N,N
101,88000,N,N
101,88338,N,N
101,88667,N,N
101,88999,N,N
101,89345,N,N
101,89699,N,N
101,90060,N,N
101,90399,N,N
101,90737,N,N
101,91069,N,N
101,91397,N,N
101,91743,N,N
101,92094,N,N
101,92448,N,N
101,92791,N,N
101,93131,N,N
101,93471,N,N
101,93817,N,N
101,94157,N,N
101,94517,N,N
101,94869,N,N
101,95199,N,N
101,95528,N,N
101,95864,N,N
101,96227,N,N
101,96589,N,N
101,96941,N,N
101,97284,N,N
101,97612,N,N
101,97950,N,N
101,98290,N,N
101,98647,N,N
101,99012,N,N
101,99358,N,N
101,99692,N,N
101,100016,N,N
101,100361,N,N
101,100722,N,N
101,101086,N,N
101,101426,N,N
101,101771,N,N
101,102113,N,N
101,102456,N,N
101,102825,N,N
101,103197,N,N
101,103555,N,N
101,103881,N,N
101,104210,N,N
101,104548,N,N
101,104883,N,N
101,105199,N,N
101,105532,N,N
101,105852,N,N
101,106182,N,N
101,106505,N,N
101,106842,N,N
101,107208,N,N
101,107567,N,N
101,107918,N,N
101,108253,N,N
101,108574,N,N
101,108918,N,N
101,109274,N,N
101,109634,N,N
101,109998,N,N
101,110346,N,N
101,110691,N,N
101,111047,N,N
101,111410,N,N
101,111791,N,N
101,112165,N,N
101,112522,N,N
101,112880,N,N
101,113245,N,N
101,113615,N,N
101,113985,N,N
101,114354,N,N
101,115062,N,N
101,115742,N,N
101,116091,N,N
101,116436,N,N
101,116769,N,N
101,117098,N,N
101,117433,N,N
101,117779,N,N
101,118144,N,N
101,118512,N,N
101,118853,N,N
101,119177,N,N
101,119512,N,N
101,119845,N,N
101,120171,N,N
101,120502,N,N
101,120823,N,N
101,121148,N,N
101,121458,N,N
101,121760,N,N
101,122091,N,N
101,122446,N,N
101,122802,N,N
101,123145,N,N
101,123475,N,N
101,123823,N,N
101,124179,N,N
101,124536,N,N
101,124893,N,N
101,125233,N,N
101,125563,N,N
101,125889,N,N
101,126227,N,N
101,126592,N,N
101,126953,N,N
101,127298,N,N
101,127636,N,N
101,127968,N,N
101,128290,N,N
101,128631,N,N
101,128985,N,N
101,129352,N,N
101,129694,N,N
101,130007,N,N
101,130333,N,N
101,130649,N,N
101,130989,N,N
101,131319,N,N
101,131647,N,N
101,131957,N,N
101,132266,N,N
101,132576,N,N
101,132911,N,N
101,133273,N,N
101,133649,N,N
101,134018,N,N
101,134365,N,N
101,134721,N,N
101,135105,N,N
101,135299,A,S
101,135725,N,N
101,136087,N,N
101,136434,N,N
101,136785,N,N
101,137137,N,N
101,137507,N,N
101,137887,N,N
101,138232,N,N
101,138581,N,N
101,138934,N,N
101,139310,N,N
101,139689,N,N
101,140063,N,N
101,140433,N,N
101,140775,N,N
101,141126,N,N
101,141494,N,N
101,141873,N,N
101,142251,N,N
101,142610,N,N
101,142948,N,N
101,143307,N,N
101,143680,N,N
101,144060,N,N
101,144440,N,N
101,144808,N,N
101,145156,N,N
101,145507,N,N
101,145878,N,N
101,146249,N,N
101,146604,N,N
101,146961,N,N
101,147315,N,N
101,147671,N,N
101,148051,N,N
101,148435,N,N
101,148811,N,N
101,149166,N,N
101,149521,N,N
101,149881,N,N
101,150259,N,N
101,150649,N,N
101,151012,N,N
101,151367,N,N
101,151729,N,N
101,152092,N,N
101,152470,N,N
101,152861,N,N
101,153243,N,N
101,153598,N,N
101,153960,N,N
101,154344,N,N
101,154722,N,N
101,155101,N,N
101,155477,N,N
101,155837,N,N
101,156187,N,N
101,156555,N,N
101,156944,N,N
101,157323,N,N
101,157672,N,N
101,158028,N,N
101,158385,N,N
101,158755,N,N
101,159118,N,N
101,159489,N,N
101,159866,N,N
101,160216,N,N
101,160573,N,N
101,160951,N,N
101,161334,N,N
101,161717,N,N
101,162087,N,N
101,162455,N,N
101,162819,N,N
101,163204,N,N
101,163595,N,N
101,163972,N,N
101,164333,N,N
101,164692,N,N
101,165053,N,N
101,165441,N,N
101,165832,N,N
101,166203,N,N
101,166558,N,N
101,166920,N,N
101,167293,N,N
101,167654,N,N
101,168030,N,N
101,168389,N,N
101,168728,N,N
101,169053,N,N
101,169391,N,N
101,169764,N,N
101,170128,N,N
101,170481,N,N
101,170844,N,N
101,171192,N,N
101,171538,N,N
101,171902,N,N
101,172272,N,N
101,172645,N,N
101,172991,N,N
101,173329,N,N
101,173700,N,N
101,174087,N,N
101,174455,N,N
101,174833,N,N
101,175192,N,N
101,175545,N,N
101,175914,N,N
101,176286,N,N
101,176664,N,N
101,177032,N,N
101,177378,N,N
101,177697,N,N
101,178030,N,N
101,178388,N,N
101,178752,N,N
101,179130,N,N
101,179490,N,N
101,179836,N,N
101,180214,N,N
101,180597,N,N
101,180975,N,N
101,181342,N,N
101,181691,N,N
101,182042,N,N
101,182387,N,N
101,182733,N,N
101,183074,N,N
101,183425,N,N
101,183767,N,N
101,184105,N,N
101,184448,N,N
101,184806,N,N
101,185157,N,N
101,185494,N,N
101,185822,N,N
101,186153,N,N
101,186490,N,N
101,186846,N,N
101,187206,N,N
101,187570,N,N
101,187895,N,N
101,188208,N,N
101,188530,N,N
101,188860,N,N
101,189211,N,N
101,189561,N,N
101,189900,N,N
101,190236,N,N
101,190563,N,N
101,190882,N,N
101,191226,N,N
101,191580,N,N
101,191936,N,N
101,192263,N,N
101,192586,N,N
101,192918,N,N
101,193257,N,N
101,193605,N,N
101,193949,N,N
101,194285,N,N
101,194622,N,N
101,194953,N,N
101,195285,N,N
101,195636,N,N
101,196004,N,N
101,196365,N,N
101,196702,N,N
101,197045,N,N
101,197391,N,N
101,197734,N,N
101,198083,N,N
101,198433,N,N
101,198780,N,N
101,199117,N,N
101,199457,N,N
101,199810,N,N
101,200168,N,N
101,200524,N,N
101,200870,N,N
101,201213,N,N
101,201550,N,N
101,201895,N,N
101,202242,N,N
101,202598,N,N
101,202960,N,N
101,203309,N,N
101,203648,N,N
101,203997,N,N
101,204344,N,N
101,204689,N,N
101,205033,N,N
101,205365,N,N
101,205697,N,N
101,206047,N,N
101,206419,N,N
101,206785,N,N
101,207160,N,N
101,207520,N,N
101,207879,N,N
101,208235,N,N
101,208623,N,N
101,209015,N,N
101,209377,N,N
101,209746,N,N
101,210109,N,N
101,210473,N,N
101,210848,N,N
101,211239,N,N
101,211621,N,N
101,211976,N,N
101,212351,N,N
101,212726,N,N
101,213095,N,N
101,213462,N,N
101,213813,N,N
101,214152,N,N
101,214496,N,N
101,214847,N,N
101,215234,N,N
101,215567,A,S
101,215981,N,N
101,216337,N,N
101,216689,N,N
101,217038,N,N
101,217389,N,N
101,217719,N,N
101,218060,N,N
101,218391,N,N
101,218712,N,N
101,219066,N,N
101,219442,N,N
101,219819,N,N
101,220183,N,N
101,220549,N,N
101,220916,N,N
101,221281,N,N
101,221668,N,N
101,222038,N,N
101,222388,N,N
101,222729,N,N
101,223064,N,N
101,223417,N,N
101,223782,N,N
101,224136,N,N
101,224485,N,N
101,224826,N,N
101,225171,N,N
101,225515,N,N
101,225889,N,N
101,226266,N,N
101,226634,N,N
101,226996,N,N
101,227350,N,N
101,227704,N,N
101,228086,N,N
101,228466,N,N
101,228826,N,N
101,229191,N,N
101,229550,N,N
101,229900,N,N
101,230272,N,N
101,230660,N,N
101,231032,N,N
101,231373,N,N
101,231734,N,N
101,232104,N,N
101,232476,N,N
101,232853,N,N
101,233228,N,N
101,233593,N,N
101,233939,N,N
101,234309,N,N
101,234705,N,N
101,235084,N,N
101,235452,N,N
101,235812,N,N
101,236174,N,N
101,236543,N,N
101,236936,N,N
101,237325,N,N
101,237680,N,N
101,238027,N,N
101,238382,N,N
101,238734,N,N
101,239108,N,N
101,239482,N,N
101,239829,N,N
101,240176,N,N
101,240536,N,N
101,240904,N,N
101,241281,N,N
101,241663,N,N
101,242035,N,N
101,242385,N,N
101,242751,N,N
101,243139,N,N
101,243527,N,N
101,243902,N,N
101,244268,N,N
101,244639,N,N
101,244994,N,N
101,245374,N,N
101,245769,N,N
101,246139,N,N
101,246488,N,N
101,246844,N,N
101,247224,N,N
101,247598,N,N
101,247975,N,N
101,248351,N,N
101,248707,N,N
101,249045,N,N
101,249406,N,N
101,249782,N,N
101,250145,N,N
101,250507,N,N
101,250852,N,N
101,251203,N,N
101,251550,N,N
101,251919,N,N
101,252299,N,N
101,252660,N,N
101,253018,N,N
101,253374,N,N
101,253744,N,N
101,254123,N,N
101,254501,N,N
101,254873,N,N
101,255220,N,N
101,255586,N,N
101,255962,N,N
101,256342,N,N
101,256732,N,N
101,257109,N,N
101,257458,N,N
101,257823,N,N
101,258207,N,N
101,258585,N,N
101,258958,N,N
101,259325,N,N
101,259682,N,N
101,260022,N,N
101,260376,N,N
101,260752,N,N
101,261126,N,N
101,261478,N,N
101,261827,N,N
101,262186,N,N
101,262549,N,N
101,262922,N,N
101,263297,N,N
101,263646,N,N
101,264002,N,N
101,264356,N,N
101,264714,N,N
101,265097,N,N
101,265470,N,N
101,265817,N,N
101,266167,N,N
101,266533,N,N
101,266899,N,N
101,267268,N,N
101,267637,N,N
101,267998,N,N
101,268346,N,N
101,268694,N,N
101,269071,N,N
101,269452,N,N
101,269814,N,N
101,270171,N,N
101,270535,N,N
101,270887,N,N
101,271259,N,N
101,271643,N,N
101,272006,N,N
101,272361,N,N
101,272714,N,N
101,273077,N,N
101,273448,N,N
101,273821,N,N
101,274190,N,N
101,274538,N,N
101,274895,N,N
101,275261,N,N
101,275621,N,N
101,276002,N,N
101,276378,N,N
101,276725,N,N
101,277069,N,N
101,277433,N,N
101,277818,N,N
101,278180,N,N
101,278539,N,N
101,278906,N,N
101,279255,N,N
101,279604,N,N
101,279983,N,N
101,280373,N,N
101,280734,N,N
101,281089,N,N
101,281454,N,N
101,281821,N,N
101,282192,N,N
101,282574,N,N
101,282944,N,N
101,283296,N,N
101,283658,N,N
101,284022,N,N
101,284406,N,N
101,284778,N,N
101,285147,N,N
101,285501,N,N
101,285850,N,N
101,286222,N,N
101,286598,N,N
101,286965,N,N
101,287326,N,N
101,287680,N,N
101,288032,N,N
101,288394,N,N
101,288785,N,N
101,289149,N,N
101,289506,N,N
101,289868,N,N
101,290214,N,N
101,290574,N,N
101,290953,N,N
101,291318,N,N
101,291673,N,N
101,292025,N,N
101,292374,N,N
101,292739,N,N
101,293117,N,N
101,293493,N,N
101,293844,N,N
101,294195,N,N
101,294552,N,N
101,294909,N,N
101,295270,N,N
101,295638,N,N
101,295989,N,N
101,296335,N,N
101,296687,N,N
101,297070,N,N
101,297445,N,N
101,297807,N,N
101,298183,N,N
101,298538,N,N
101,298892,N,N
101,299267,N,N
101,299625,N,N
101,299989,N,N
101,300325,N,N
101,300639,N,N
101,300970,N,N
101,301301,N,N
101,301657,N,N
101,302025,N,N
101,302393,N,N
101,302745,N,N
101,303101,N,N
101,303473,N,N
101,303862,N,N
101,304239,N,N
101,304611,N,N
101,304977,N,N
101,305338,N,N
101,305705,N,N
101,306081,N,N
101,306471,N,N
101,306832,N,N
101,307189,N,N
101,307544,N,N
101,307908,N,N
101,308637,N,N
101,308980,N,N
101,309327,N,N
101,309668,N,N
101,310028,N,N
101,310407,N,N
101,310785,N,N
101,311133,N,N
101,311477,N,N
101,311824,N,N
101,312172,N,N
101,312539,N,N
101,312905,N,N
101,313248,N,N
101,313594,N,N
101,313943,N,N
101,314287,N,N
101,314650,N,N
101,314986,N,N
101,315305,N,N
101,315612,N,N
101,315923,N,N
101,316234,N,N
101,316564,N,N
101,316902,N,N
101,317232,N,N
101,317585,N,N
101,317928,N,N
101,318279,N,N
101,318636,N,N
101,319018,N,N
101,319400,N,N
101,319760,N,N
101,320107,N,N
101,320468,N,N
101,320838,N,N
101,321220,N,N
101,321584,N,N
101,321949,N,N
101,322301,N,N
101,322648,N,N
101,323014,N,N
101,323392,N,N
101,323761,N,N
101,324112,N,N
101,324455,N,N
101,324815,N,N
101,325182,N,N
101,325547,N,N
101,325912,N,N
101,326257,N,N
101,326571,N,N
101,326884,N,N
101,327202,N,N
101,327555,N,N
101,327916,N,N
101,328268,N,N
101,328618,N,N
101,328973,N,N
101,329339,N,N
101,329721,N,N
101,330090,N,N
101,330465,N,N
101,330826,N,N
101,331197,N,N
101,331574,N,N
101,331952,N,N
101,332321,N,N
101,332688,N,N
101,333051,N,N
101,333405,N,N
101,333742,N,N
101,334110,N,N
101,334457,N,N
101,334785,N,N
101,335095,N,N
101,335399,N,N
101,335709,N,N
101,336019,N,N
101,336345,N,N
101,336669,N,N
101,336994,N,N
101,337310,N,N
101,337624,N,N
101,337951,N,N
101,338300,N,N
101,338660,N,N
101,339015,N,N
101,339361,N,N
101,339724,N,N
101,340072,N,N
101,340434,N,N
101,340785,N,N
101,341115,N,N
101,341442,N,N
101,341773,N,N
101,342124,N,N
101,342506,N,N
101,342888,N,N
101,343268,N,N
101,343635,N,N
101,344007,N,N
101,344378,N,N
101,344746,N,N
101,345124,N,N
101,345487,N,N
101,345827,N,N
101,346154,N,N
101,346497,N,N
101,346860,N,N
101,347205,N,N
101,347527,N,N
101,347857,N,N
101,348190,N,N
101,348520,N,N
101,348868,N,N
101,349228,N,N
101,349593,N,N
101,349930,N,N
101,350239,N,N
101,350538,N,N
101,350842,N,N
101,351149,N,N
101,351455,N,N
101,351779,N,N
101,352101,N,N
101,352441,N,N
101,352786,N,N
101,353151,N,N
101,353534,N,N
101,353898,N,N
101,354250,N,N
101,354580,N,N
101,354909,N,N
101,355232,N,N
101,355573,N,N
101,355930,N,N
101,356292,N,N
101,356646,N,N
101,356994,N,N
101,357360,N,N
101,357744,N,N
101,358129,N,N
101,358498,N,N
101,358862,N,N
101,359220,N,N
101,359579,N,N
101,359959,N,N
101,360333,N,N
101,360700,N,N
101,361031,N,N
101,361361,N,N
101,361717,N,N
101,362057,N,N
101,362408,N,N
101,362743,N,N
101,363048,N,N
101,363346,N,N
101,363642,N,N
101,363938,N,N
101,364267,N,N
101,364619,N,N
101,364954,N,N
101,365270,N,N
101,365582,N,N
101,365913,N,N
101,366275,N,N
101,366653,N,N
101,367036,N,N
101,367413,N,N
101,367782,N,N
101,368156,N,N
101,368549,N,N
101,368944,N,N
101,369317,N,N
101,369656,N,N
101,370013,N,N
101,370370,N,N
101,370728,N,N
101,371092,N,N
101,371450,N,N
101,371803,N,N
101,372148,N,N
101,372501,N,N
101,372878,N,N
101,373238,N,N
101,373594,N,N
101,373943,N,N
101,374300,N,N
101,374661,N,N
101,375032,N,N
101,375413,N,N
101,375773,N,N
101,376122,N,N
101,376474,N,N
101,376836,N,N
101,377205,N,N
101,377567,N,N
101,377925,N,N
101,378285,N,N
101,378624,N,N
101,378972,N,N
101,379345,N,N
101,379720,N,N
101,380074,N,N
101,380414,N,N
101,380756,N,N
101,381119,N,N
101,381465,N,N
101,381795,N,N
101,382141,N,N
101,382468,N,N
101,382796,N,N
101,383121,N,N
101,383468,N,N
101,383844,N,N
101,384196,N,N
101,384547,N,N
101,384894,N,N
101,385244,N,N
101,385605,N,N
101,385980,N,N
101,386357,N,N
101,386715,N,N
101,387068,N,N
101,387421,N,N
101,387767,N,N
101,388135,N,N
101,388475,N,N
101,388796,N,N
101,389107,N,N
101,389432,N,N
101,389769,N,N
101,390117,N,N
101,390466,N,N
101,390823,N,N
101,391175,N,N
101,391523,N,N
101,391875,N,N
101,392254,N,N
101,392627,N,N
101,392980,N,N
101,393321,N,N
101,393673,N,N
101,394029,N,N
101,394391,N,N
101,394773,N,N
101,395129,N,N
101,395458,N,N
101,395801,N,N
101,396151,N,N
101,396525,N,N
101,396897,N,N
101,397267,N,N
101,397622,N,N
101,397965,N,N
101,398314,N,N
101,398682,N,N
101,399045,N,N
101,399411,N,N
101,399764,N,N
101,400112,N,N
101,400450,N,N
101,400801,N,N
101,401147,N,N
101,401490,N,N
101,401828,N,N
101,402177,N,N
101,402534,N,N
101,402897,N,N
101,403282,N,N
101,403660,N,N
101,404030,N,N
101,404381,N,N
101,404750,N,N
101,405129,N,N
101,405501,N,N
101,405885,N,N
101,406249,N,N
101,406605,N,N
101,406957,N,N
101,407339,N,N
101,407727,N,N
101,408088,N,N
101,408451,N,N
101,408807,N,N
101,409155,N,N
101,409529,N,N
101,409910,N,N
101,410279,N,N
101,410630,N,N
101,410980,N,N
101,411331,N,N
101,411707,N,N
101,412079,N,N
101,412439,N,N
101,412792,N,N
101,413149,N,N
101,413498,N,N
101,413863,N,N
101,414254,N,N
101,414615,N,N
101,414961,N,N
101,415317,N,N
101,415669,N,N
101,416041,N,N
101,416410,N,N
101,416769,N,N
101,417123,N,N
101,417469,N,N
101,417816,N,N
101,418183,N,N
101,418563,N,N
101,418916,N,N
101,419265,N,N
101,419621,N,N
101,419970,N,N
101,420341,N,N
101,420699,N,N
101,421066,N,N
101,421420,N,N
101,421761,N,N
101,422113,N,N
101,422482,N,N
101,422859,N,N
101,423215,N,N
101,423553,N,N
101,423890,N,N
101,424229,N,N
101,424560,N,N
101,424893,N,N
101,425240,N,N
101,425583,N,N
101,425920,N,N
101,426265,N,N
101,426620,N,N
101,427004,N,N
101,427378,N,N
101,427734,N,N
101,428093,N,N
101,428437,N,N
101,428796,N,N
101,429173,N,N
101,429554,N,N
101,429908,N,N
101,430258,N,N
101,430623,N,N
101,430983,N,N
101,431354,N,N
101,431723,N,N
101,432069,N,N
101,432416,N,N
101,432756,N,N
101,433091,N,N
101,433453,N,N
101,433815,N,N
101,434163,N,N
101,434498,N,N
101,434851,N,N
101,435217,N,N
101,435584,N,N
101,435957,N,N
101,436331,N,N
101,436675,N,N
101,437018,N,N
101,437384,N,N
101,437767,N,N
101,438134,N,N
101,438481,N,N
101,438829,N,N
101,439175,N,N
101,439525,N,N
101,439877,N,N
101,440232,N,N
101,440583,N,N
101,440925,N,N
101,441254,N,N
101,441604,N,N
101,441953,N,N
101,442311,N,N
101,442650,N,N
101,442967,N,N
101,443289,N,N
101,443607,N,N
101,443939,N,N
101,444298,N,N
101,444646,N,N
101,444975,N,N
101,445306,N,N
101,445642,N,N
101,445996,N,N
101,446349,N,N
101,446713,N,N
101,447074,N,N
101,447418,N,N
101,447757,N,N
101,448111,N,N
101,448462,N,N
101,448826,N,N
101,449181,N,N
101,449515,N,N
101,449863,N,N
101,450212,N,N
101,450555,N,N
101,450909,N,N
101,451253,N,N
101,451598,N,N
101,451939,N,N
101,452282,N,N
101,452643,N,N
101,452999,N,N
101,453352,N,N
101,453694,N,N
101,454029,N,N
101,454377,N,N
101,454718,N,N
101,455085,N,N
101,455451,N,N
101,455801,N,N
101,456133,N,N
101,456469,N,N
101,456816,N,N
101,457175,N,N
101,457518,N,N
101,457861,N,N
101,458210,N,N
101,458545,N,N
101,458887,N,N
101,459251,N,N
101,459602,N,N
101,459960,N,N
101,460305,N,N
101,460628,N,N
101,460979,N,N
101,461330,N,N
101,461673,N,N
101,462019,N,N
101,462356,N,N
101,462691,N,N
101,463023,N,N
101,463379,N,N
101,463759,N,N
101,464115,N,N
101,464466,N,N
101,464800,N,N
101,465147,N,N
101,465501,N,N
101,465865,N,N
101,466219,N,N
101,466556,N,N
101,466879,N,N
101,467207,N,N
101,467554,N,N
101,467904,N,N
101,468264,N,N
101,468610,N,N
101,468932,N,N
101,469271,N,N
101,469613,N,N
101,469963,N,N
101,470328,N,N
101,470681,N,N
101,471032,N,N
101,471371,N,N
101,471713,N,N
101,472076,N,N
101,472438,N,N
101,472798,N,N
101,473149,N,N
101,473502,N,N
101,473856,N,N
101,474196,N,N
101,474556,N,N
101,474918,N,N
101,475262,N,N
101,475590,N,N
101,475929,N,N
101,476292,N,N
101,476652,N,N
101,477021,N,N
101,477370,N,N
101,477713,N,N
101,478041,N,N
101,478386,N,N
101,478748,N,N
101,479116,N,N
101,479462,N,N
101,479807,N,N
101,480161,N,N
101,480518,N,N
101,480874,N,N
101,481250,N,N
101,481612,N,N
101,481947,N,N
101,482286,N,N
101,482627,N,N
101,482997,N,N
101,483342,N,N
101,483690,N,N
101,484031,N,N
101,484362,N,N
101,484703,N,N
101,485046,N,N
101,485406,N,N
101,485771,N,N
101,486125,N,N
101,486475,N,N
101,486836,N,N
101,487213,N,N
101,487596,N,N
101,487954,N,N
101,488304,N,N
101,488654,N,N
101,489005,N,N
101,489361,N,N
101,489719,N,N
101,490084,N,N
101,490432,N,N
101,490762,N,N
101,491102,N,N
101,491457,N,N
101,491814,N,N
101,492165,N,N
101,492495,N,N
101,492820,N,N
101,493147,N,N
101,493480,N,N
101,493820,N,N
101,494173,N,N
101,494511,N,N
101,494839,N,N
101,495168,N,N
101,495504,N,N
101,495853,N,N
101,496214,N,N
101,496575,N,N
101,496924,N,N
101,497243,N,N
101,497569,N,N
101,497902,N,N
101,498241,N,N
101,498575,N,N
101,498890,N,N
101,499190,N,N
101,499509,N,N
101,499820,N,N
101,500137,N,N
101,500463,N,N
101,500790,N,N
101,501117,N,N
101,501438,N,N
101,501761,N,N
101,502080,N,N
101,502427,N,N
101,502771,N,N
101,503105,N,N
101,503420,N,N
101,503723,N,N
101,504044,N,N
101,504377,N,N
101,504722,N,N
101,505088,N,N
101,505437,N,N
101,505768,N,N
101,506086,N,N
101,506419,N,N
101,506767,N,N
101,507111,N,N
101,507444,N,N
101,507791,N,N
101,508133,N,N
101,508481,N,N
101,508849,N,N
101,509231,N,N
101,509607,N,N
101,509951,N,N
101,510301,N,N
101,510664,N,N
101,511036,N,N
101,511411,N,N
101,511771,N,N
101,512123,N,N
101,512468,N,N
101,512822,N,N
101,513190,N,N
101,513555,N,N
101,513910,N,N
101,514266,N,N
101,514613,N,N
101,514966,N,N
101,515333,N,N
101,515704,N,N
101,516083,N,N
101,516440,N,N
101,516790,N,N
101,517134,N,N
101,517503,N,N
101,517877,N,N
101,518234,N,N
101,518580,N,N
101,518932,N,N
101,519282,N,N
101,519643,N,N
101,520012,N,N
101,520384,N,N
101,520736,N,N
101,521078,N,N
101,521439,N,N
101,521812,N,N
101,522173,N,N
101,522538,N,N
101,522873,N,N
101,523219,N,N
101,523562,N,N
101,523914,N,N
101,524261,N,N
101,524617,N,N
101,524966,N,N
101,525313,N,N
101,525653,N,N
101,526021,N,N
101,526400,N,N
101,526768,N,N
101,527128,N,N
101,527483,N,N
101,527825,N,N
101,528158,N,N
101,528506,N,N
101,528873,N,N
101,529224,N,N
101,529578,N,N
101,529942,N,N
101,530311,N,N
101,530688,N,N
101,531066,N,N
101,531430,N,N
101,531777,N,N
101,532014,A,S
101,532473,N,N
101,532864,N,N
101,533236,N,N
101,533598,N,N
101,533954,N,N
101,534315,N,N
101,534686,N,N
101,535057,N,N
101,535419,N,N
101,535769,N,N
101,536117,N,N
101,536481,N,N
101,536872,N,N
101,537271,N,N
101,537657,N,N
101,538040,N,N
101,538400,N,N
101,538748,N,N
101,539124,N,N
101,539505,N,N
101,539876,N,N
101,540217,N,N
101,540569,N,N
101,540936,N,N
101,541305,N,N
101,541665,N,N
101,542032,N,N
101,542397,N,N
101,542740,N,N
101,543086,N,N
101,543467,N,N
101,543847,N,N
101,544204,N,N
101,544556,N,N
101,544915,N,N
101,545285,N,N
101,545656,N,N
101,546035,N,N
101,546413,N,N
101,546756,N,N
101,547096,N,N
101,547455,N,N
101,547837,N,N
101,548210,N,N
101,548575,N,N
101,548942,N,N
101,549304,N,N
101,549662,N,N
101,550048,N,N
101,550432,N,N
101,550798,N,N
101,551142,N,N
101,551484,N,N
101,551842,N,N
101,552204,N,N
101,552571,N,N
101,552931,N,N
101,553272,N,N
101,553625,N,N
101,553987,N,N
101,554355,N,N
101,554725,N,N
101,555091,N,N
101,555438,N,N
101,555773,N,N
101,556137,N,N
101,556511,N,N
101,556872,N,N
101,557232,N,N
101,557592,N,N
101,557943,N,N
101,558297,N,N
101,558674,N,N
101,559054,N,N
101,559406,N,N
101,559749,N,N
101,560112,N,N
101,560470,N,N
101,560836,N,N
101,561210,N,N
101,561561,N,N
101,561883,N,N
101,562190,N,N
101,562516,N,N
101,562884,N,N
101,563256,N,N
101,563612,N,N
101,563967,N,N
101,564331,N,N
101,564686,N,N
101,565051,N,N
101,565437,N,N
101,565819,N,N
101,566168,N,N
101,566526,N,N
101,566897,N,N
101,567275,N,N
101,567646,N,N
101,568016,N,N
101,568385,N,N
101,568731,N,N
101,569085,N,N
101,569465,N,N
101,569844,N,N
101,570199,N,N
101,570549,N,N
101,570909,N,N
101,571273,N,N
101,571631,N,N
101,572003,N,N
101,572369,N,N
101,572720,N,N
101,573059,N,N
101,573415,N,N
101,573802,N,N
101,574172,N,N
101,574529,N,N
101,574879,N,N
101,575217,N,N
101,575558,N,N
101,575911,N,N
101,576277,N,N
101,576642,N,N
101,576984,N,N
101,577332,N,N
101,577695,N,N
101,578078,N,N
101,578462,N,N
101,578831,N,N
101,579193,N,N
101,579550,N,N
101,579895,N,N
101,580267,N,N
101,580648,N,N
101,581023,N,N
101,581380,N,N
101,581737,N,N
101,582109,N,N
101,582487,N,N
101,582861,N,N
101,583231,N,N
101,583586,N,N
101,583950,N,N
101,584307,N,N
101,584682,N,N
101,585061,N,N
101,585417,N,N
101,585760,N,N
101,586108,N,N
101,586479,N,N
101,586853,N,N
101,587219,N,N
101,587589,N,N
101,587925,N,N
101,588269,N,N
101,588628,N,N
101,589007,N,N
101,589371,N,N
101,589727,N,N
101,590080,N,N
101,590436,N,N
101,590788,N,N
101,591158,N,N
101,591531,N,N
101,591870,N,N
101,592201,N,N
101,592533,N,N
101,592861,N,N
101,593205,N,N
101,593543,N,N
101,593877,N,N
101,594215,N,N
101,594551,N,N
101,594905,N,N
101,595263,N,N
101,595637,N,N
101,596014,N,N
101,596367,N,N
101,596717,N,N
101,597079,N,N
101,597466,N,N
101,597837,N,N
101,598206,N,N
101,598572,N,N
101,598911,N,N
101,599258,N,N
101,599625,N,N
101,599989,N,N
101,600348,N,N
101,600693,N,N
101,601042,N,N
101,601395,N,N
101,601762,N,N
101,602126,N,N
101,602483,N,N
101,602836,N,N
101,603172,N,N
101,603506,N,N
101,603864,N,N
101,604228,N,N
101,604572,N,N
101,604907,N,N
101,605249,N,N
101,605581,N,N
101,605936,N,N
101,606300,N,N
101,606674,N,N
101,607017,N,N
101,607352,N,N
101,607685,N,N
101,608015,N,N
101,608357,N,N
101,608711,N,N
101,609058,N,N
101,609397,N,N
101,609750,N,N
101,610113,N,N
101,610499,N,N
101,610880,N,N
101,611262,N,N
101,611616,N,N
101,611966,N,N
101,612339,N,N
101,612708,N,N
101,613067,N,N
101,613422,N,N
101,613774,N,N
101,614127,N,N
101,614489,N,N
101,614852,N,N
101,615229,N,N
101,615589,N,N
101,615934,N,N
101,616288,N,N
101,616655,N,N
101,617034,N,N
101,617392,N,N
101,617763,N,N
101,618119,N,N
101,618468,N,N
101,618824,N,N
101,619199,N,N
101,619583,N,N
101,619938,N,N
101,620282,N,N
101,620647,N,N
101,621010,N,N
101,621379,N,N
101,621750,N,N
101,622122,N,N
101,622459,N,N
101,622797,N,N
101,623161,N,N
101,623528,N,N
101,623871,N,N
101,624214,N,N
101,624552,N,N
101,624890,N,N
101,625228,N,N
101,625590,N,N
101,625971,N,N
101,626331,N,N
101,626674,N,N
101,627022,N,N
101,627373,N,N
101,627725,N,N
101,628081,N,N
101,628433,N,N
101,628784,N,N
101,629130,N,N
101,629484,N,N
101,629862,N,N
101,630244,N,N
101,630625,N,N
101,630982,N,N
101,631340,N,N
101,631695,N,N
101,632064,N,N
101,632444,N,N
101,632812,N,N
101,633172,N,N
101,633526,N,N
101,633889,N,N
101,634278,N,N
101,634648,N,N
101,635009,N,N
101,635365,N,N
101,635728,N,N
101,636099,N,N
101,636482,N,N
101,636856,N,N
101,637216,N,N
101,637555,N,N
101,637896,N,N
101,638239,N,N
101,638589,N,N
101,638918,N,N
101,639254,N,N
101,639594,N,N
101,639946,N,N
101,640287,N,N
101,640649,N,N
101,641024,N,N
101,641396,N,N
101,641737,N,N
101,642072,N,N
101,642437,N,N
101,642812,N,N
101,643177,N,N
101,643542,N,N
101,643900,N,N
101,644267,N,N
101,644629,N,N
101,645013,N,N
101,645395,N,N
101,645749,N,N
101,646099,N,N
101,646451,N,N
101,646821,N,N
101,647195,N,N
101,647569,N,N
101,647934,N,N
101,648291,N,N
101,648647,N,N
101,649004,N,N
101,649372,N,N
101,649751,N,N
105,197,N,N
105,459,N,N
105,708,N,N
105,965,N,N
105,1222,N,N
105,1479,N,N
105,1741,N,N
105,2015,N,N
105,2287,N,N
105,2550,N,N
105,2803,N,N
105,3052,N,N
105,3303,N,N
105,3563,N,N
105,3835,N,N
105,4102,N,N
105,4371,N,N
105,4635,N,N
105,4901,N,N
105,5154,N,N
105,5407,N,N
105,5561,V,V
105,5923,N,N
105,6195,N,N
105,6468,N,N
105,6736,N,N
105,6996,N,N
105,7246,N,N
105,7506,N,N
105,7767,N,N
105,7922,V,V
105,8290,N,N
105,8564,N,N
105,8829,N,N
105,9093,N,N
105,9350,N,N
105,9600,N,N
105,9845,N,N
105,10105,N,N
105,10380,N,N
105,10645,N,N
105,10908,N,N
105,11168,N,N
105,11424,N,N
105,11676,N,N
105,11931,N,N
105,12187,N,N
105,12449,N,N
105,12625,V,V
105,12987,N,N
105,13252,N,N
105,13507,N,N
105,13755,N,N
105,14006,N,N
105,14253,N,N
105,14517,N,N
105,14786,N,N
105,15053,N,N
105,15311,N,N
105,15575,N,N
105,15834,N,N
105,16084,N,N
105,16335,N,N
105,16590,N,N
105,16854,N,N
105,17128,N,N
105,17398,N,N
105,17660,N,N
105,17916,N,N
105,18168,N,N
105,18426,N,N
105,18682,N,N
105,18946,N,N
105,19213,N,N
105,19483,N,N
105,19747,N,N
105,20008,N,N
105,20262,N,N
105,20515,N,N
105,20764,N,N
105,21031,N,N
105,21202,V,V
105,21576,N,N
105,21838,N,N
105,22100,N,N
105,22351,N,N
105,22604,N,N
105,22860,N,N
105,23114,N,N
105,23376,N,N
105,23641,N,N
105,23916,N,N
105,24180,N,N
105,24429,N,N
105,24677,N,N
105,24842,V,V
105,25191,N,N
105,25462,N,N
105,25732,N,N
105,25997,N,N
105,26254,N,N
105,26516,N,N
105,26771,N,N
105,27020,N,N
105,27273,N,N
105,27529,N,N
105,27795,N,N
105,28066,N,N
105,28335,N,N
105,28590,N,N
105,28835,N,N
105,29089,N,N
105,29349,N,N
105,29605,N,N
105,29869,N,N
105,30137,N,N
105,30401,N,N
105,30662,N,N
105,30917,N,N
105,31165,N,N
105,31416,N,N
105,31669,N,N
105,31934,N,N
105,32207,N,N
105,32476,N,N
105,32735,N,N
105,32986,N,N
105,33234,N,N
105,33490,N,N
105,33749,N,N
105,34010,N,N
105,34274,N,N
105,34542,N,N
105,34818,N,N
105,35076,N,N
105,35322,N,N
105,35571,N,N
105,35830,N,N
105,36093,N,N
105,36366,N,N
105,36633,N,N
105,36793,V,V
105,37151,N,N
105,37413,N,N
105,37666,N,N
105,37915,N,N
105,38166,N,N
105,38430,N,N
105,38692,N,N
105,38959,N,N
105,39225,N,N
105,39477,N,N
105,39720,N,N
105,39975,N,N
105,40231,N,N
105,40489,N,N
105,40745,N,N
105,41009,N,N
105,41272,N,N
105,41527,N,N
105,41781,N,N
105,42027,N,N
105,42274,N,N
105,42524,N,N
105,42793,N,N
105,43058,N,N
105,43322,N,N
105,43573,N,N
105,43819,N,N
105,44061,N,N
105,44313,N,N
105,44567,N,N
105,44816,N,N
105,45075,N,N
105,45339,N,N
105,45608,N,N
105,45763,V,V
105,46102,N,N
105,46347,N,N
105,46594,N,N
105,46844,N,N
105,47107,N,N
105,47371,N,N
105,47635,N,N
105,47888,N,N
105,48140,N,N
105,48393,N,N
105,48643,N,N
105,48889,N,N
105,49144,N,N
105,49410,N,N
105,49678,N,N
105,49943,N,N
105,50198,N,N
105,50448,N,N
105,50692,N,N
105,50949,N,N
105,51207,N,N
105,51472,N,N
105,51736,N,N
105,52001,N,N
105,52257,N,N
105,52512,N,N
105,52769,N,N
105,53020,N,N
105,53271,N,N
105,53537,N,N
105,53815,N,N
105,54078,N,N
105,54333,N,N
105,54588,N,N
105,54837,N,N
105,55091,N,N
105,55349,N,N
105,55607,N,N
105,55873,N,N
105,56140,N,N
105,56413,N,N
105,56667,N,N
105,56918,N,N
105,57165,N,N
105,57314,V,V
105,57666,N,N
105,57941,N,N
105,58210,N,N
105,58473,N,N
105,58730,N,N
105,58985,N,N
105,59239,N,N
105,59493,N,N
105,59742,N,N
105,60003,N,N
105,60270,N,N
105,60543,N,N
105,60808,N,N
105,61062,N,N
105,61311,N,N
105,61559,N,N
105,61819,N,N
105,62081,N,N
105,62349,N,N
105,62609,N,N
105,62876,N,N
105,63129,N,N
105,63382,N,N
105,63635,N,N
105,63886,N,N
105,64135,N,N
105,64400,N,N
105,64674,N,N
105,64937,N,N
105,65187,N,N
105,65437,N,N
105,65686,N,N
105,65933,N,N
105,66189,N,N
105,66444,N,N
105,66706,N,N
105,66867,V,V
105,67228,N,N
105,67487,N,N
105,67736,N,N
105,67978,N,N
105,68225,N,N
105,68475,N,N
105,68740,N,N
105,69009,N,N
105,69269,N,N
105,69522,N,N
105,69772,N,N
105,70027,N,N
105,70273,N,N
105,70523,N,N
105,70780,N,N
105,71046,N,N
105,71311,N,N
105,71579,N,N
105,71831,N,N
105,72079,N,N
105,72326,N,N
105,72485,V,V
105,72846,N,N
105,73117,N,N
105,73378,N,N
105,73643,N,N
105,73903,N,N
105,74159,N,N
105,74299,V,V
105,74659,N,N
105,74917,N,N
105,75183,N,N
105,75459,N,N
105,75727,N,N
105,75983,N,N
105,76232,N,N
105,76484,N,N
105,76736,N,N
105,76996,N,N
105,77257,N,N
105,77526,N,N
105,77787,N,N
105,78055,N,N
105,78312,N,N
105,78561,N,N
105,78807,N,N
105,79062,N,N
105,79316,N,N
105,79584,N,N
105,79856,N,N
105,80120,N,N
105,80369,N,N
105,80624,N,N
105,80882,N,N
105,81130,N,N
105,81379,N,N
105,81641,N,N
105,81906,N,N
105,82171,N,N
105,82437,N,N
105,82690,N,N
105,82934,N,N
105,83182,N,N
105,83444,N,N
105,83703,N,N
105,83970,N,N
105,84231,N,N
105,84493,N,N
105,84746,N,N
105,85003,N,N
105,85257,N,N
105,85506,N,N
105,85760,N,N
105,86031,N,N
105,86305,N,N
105,86570,N,N
105,86821,N,N
105,87072,N,N
105,87318,N,N
105,87572,N,N
105,87832,N,N
105,88094,N,N
105,88365,N,N
105,88631,N,N
105,88901,N,N
105,89157,N,N
105,89408,N,N
105,89656,N,N
105,89912,N,N
105,90172,N,N
105,90444,N,N
105,90715,N,N
105,90981,N,N
105,91233,N,N
105,91486,N,N
105,91746,N,N
105,92000,N,N
105,92254,N,N
105,92522,N,N
105,92791,N,N
105,93060,N,N
105,93330,N,N
105,93583,N,N
105,93829,N,N
105,94084,N,N
105,94354,N,N
105,94619,N,N
105,94885,N,N
105,95156,N,N
105,95424,N,N
105,95681,N,N
105,95936,N,N
105,96189,N,N
105,96445,N,N
105,96707,N,N
105,96985,N,N
105,97256,N,N
105,97522,N,N
105,97777,N,N
105,98030,N,N
105,98278,N,N
105,98541,N,N
105,98809,N,N
105,99077,N,N
105,99343,N,N
105,99617,N,N
105,99881,N,N
105,100135,N,N
105,100383,N,N
105,100635,N,N
105,100894,N,N
105,101165,N,N
105,101440,N,N
105,101700,N,N
105,101958,N,N
105,102114,V,V
105,102469,N,N
105,102720,N,N
105,102973,N,N
105,103234,N,N
105,103501,N,N
105,103763,N,N
105,104025,N,N
105,104278,N,N
105,104528,N,N
105,104771,N,N
105,105027,N,N
105,105293,N,N
105,105559,N,N
105,105817,N,N
105,106081,N,N
105,106338,N,N
105,106589,N,N
105,106842,N,N
105,107090,N,N
105,107344,N,N
105,107603,N,N
105,107876,N,N
105,108026,V,V
105,108394,N,N
105,108646,N,N
105,108896,N,N
105,109140,N,N
105,109396,N,N
105,109661,N,N
105,109926,N,N
105,110187,N,N
105,110453,N,N
105,110715,N,N
105,110963,N,N
105,111206,N,N
105,111456,N,N
105,111711,N,N
105,111976,N,N
105,112247,N,N
105,112508,N,N
105,112762,N,N
105,113014,N,N
105,113270,N,N
105,113518,N,N
105,113773,N,N
105,114034,N,N
105,114304,N,N
105,114567,N,N
105,114833,N,N
105,115088,N,N
105,115337,N,N
105,115582,N,N
105,115838,N,N
105,116104,N,N
105,116375,N,N
105,116638,N,N
105,116900,N,N
105,117157,N,N
105,117412,N,N
105,117667,N,N
105,117917,N,N
105,118173,N,N
105,118343,V,V
105,118714,N,N
105,118982,N,N
105,119238,N,N
105,119486,N,N
105,119737,N,N
105,119988,N,N
105,120243,N,N
105,120508,N,N
105,120776,N,N
105,121034,N,N
105,121301,N,N
105,121560,N,N
105,121812,N,N
105,122056,N,N
105,122311,N,N
105,122568,N,N
105,122838,N,N
105,123113,N,N
105,123377,N,N
105,123628,N,N
105,123879,N,N
105,124141,N,N
105,124392,N,N
105,124644,N,N
105,124911,N,N
105,125182,N,N
105,125449,N,N
105,125715,N,N
105,125969,N,N
105,126111,V,V
105,126467,N,N
105,126734,N,N
105,127000,N,N
105,127270,N,N
105,127536,N,N
105,127798,N,N
105,128052,N,N
105,128309,N,N
105,128565,N,N
105,128820,N,N
105,129080,N,N
105,129351,N,N
105,129626,N,N
105,129891,N,N
105,130143,N,N
105,130392,N,N
105,130645,N,N
105,130900,N,N
105,131161,N,N
105,131425,N,N
105,131691,N,N
105,131954,N,N
105,132219,N,N
105,132469,N,N
105,132718,N,N
105,132964,N,N
105,133223,N,N
105,133485,N,N
105,133758,N,N
105,134026,N,N
105,134289,N,N
105,134536,N,N
105,134789,N,N
105,135047,N,N
105,135304,N,N
105,135559,N,N
105,135828,N,N
105,136095,N,N
105,136365,N,N
105,136626,N,N
105,136878,N,N
105,137126,N,N
105,137379,N,N
105,137650,N,N
105,137917,N,N
105,138184,N,N
105,138448,N,N
105,138713,N,N
105,138962,N,N
105,139219,N,N
105,139474,N,N
105,139730,N,N
105,139994,N,N
105,140273,N,N
105,140545,N,N
105,140808,N,N
105,141061,N,N
105,141309,N,N
105,141559,N,N
105,141823,N,N
105,142093,N,N
105,142360,N,N
105,142624,N,N
105,142894,N,N
105,143156,N,N
105,143409,N,N
105,143657,N,N
105,143912,N,N
105,144176,N,N
105,144449,N,N
105,144722,N,N
105,144986,N,N
105,145245,N,N
105,145496,N,N
105,145753,N,N
105,146008,N,N
105,146267,N,N
105,146531,N,N
105,146801,N,N
105,146948,V,V
105,147327,N,N
105,147583,N,N
105,147834,N,N
105,148082,N,N
105,148342,N,N
105,148613,N,N
105,148885,N,N
105,149143,N,N
105,149402,N,N
105,149654,N,N
105,149905,N,N
105,150161,N,N
105,150414,N,N
105,150672,N,N
105,150937,N,N
105,151213,N,N
105,151473,N,N
105,151724,N,N
105,151972,N,N
105,152224,N,N
105,152474,N,N
105,152734,N,N
105,153001,N,N
105,153268,N,N
105,153530,N,N
105,153796,N,N
105,154053,N,N
105,154305,N,N
105,154556,N,N
105,154816,N,N
105,155079,N,N
105,155354,N,N
105,155628,N,N
105,155886,N,N
105,156137,N,N
105,156390,N,N
105,156647,N,N
105,156804,V,V
105,157166,N,N
105,157432,N,N
105,157698,N,N
105,157964,N,N
105,158223,N,N
105,158470,N,N
105,158719,N,N
105,158968,N,N
105,159231,N,N
105,159497,N,N
105,159765,N,N
105,160028,N,N
105,160283,N,N
105,160531,N,N
105,160782,N,N
105,161035,N,N
105,161288,N,N
105,161547,N,N
105,161815,N,N
105,162090,N,N
105,162350,N,N
105,162595,N,N
105,162842,N,N
105,163094,N,N
105,163347,N,N
105,163608,N,N
105,163759,V,V
105,164142,N,N
105,164406,N,N
105,164669,N,N
105,164923,N,N
105,165172,N,N
105,165421,N,N
105,165681,N,N
105,165846,V,V
105,166216,N,N
105,166493,N,N
105,166752,N,N
105,166999,N,N
105,167254,N,N
105,167512,N,N
105,167769,N,N
105,168028,N,N
105,168297,N,N
105,168562,N,N
105,168827,N,N
105,169088,N,N
105,169335,N,N
105,169586,N,N
105,169843,N,N
105,170115,N,N
105,170382,N,N
105,170650,N,N
105,170916,N,N
105,171176,N,N
105,171428,N,N
105,171683,N,N
105,171937,N,N
105,172198,N,N
105,172461,N,N
105,172732,N,N
105,173000,N,N
105,173262,N,N
105,173510,N,N
105,173758,N,N
105,173932,V,V
105,174273,N,N
105,174543,N,N
105,174806,N,N
105,175072,N,N
105,175329,N,N
105,175591,N,N
105,175839,N,N
105,176088,N,N
105,176337,N,N
105,176601,N,N
105,176871,N,N
105,177138,N,N
105,177402,N,N
105,177659,N,N
105,177902,N,N
105,178156,N,N
105,178413,N,N
105,178670,N,N
105,178925,N,N
105,179192,N,N
105,179453,N,N
105,179713,N,N
105,179972,N,N
105,180217,N,N
105,180463,N,N
105,180721,N,N
105,180995,N,N
105,181259,N,N
105,181522,N,N
105,181784,N,N
105,182039,N,N
105,182289,N,N
105,182544,N,N
105,182799,N,N
105,183060,N,N
105,183323,N,N
105,183598,N,N
105,183866,N,N
105,184124,N,N
105,184373,N,N
105,184621,N,N
105,184872,N,N
105,185138,N,N
105,185410,N,N
105,185677,N,N
105,185942,N,N
105,186205,N,N
105,186465,N,N
105,186718,N,N
105,186967,N,N
105,187223,N,N
105,187490,N,N
105,187762,N,N
105,188031,N,N
105,188289,N,N
105,188543,N,N
105,188790,N,N
105,189047,N,N
105,189300,N,N
105,189560,N,N
105,189821,N,N
105,190092,N,N
105,190356,N,N
105,190613,N,N
105,190867,N,N
105,191117,N,N
105,191365,N,N
105,191627,N,N
105,191901,N,N
105,192170,N,N
105,192430,N,N
105,192692,N,N
105,192943,N,N
105,193196,N,N
105,193453,N,N
105,193711,N,N
105,193976,N,N
105,194244,N,N
105,194520,N,N
105,194784,N,N
105,195037,N,N
105,195287,N,N
105,195542,N,N
105,195798,N,N
105,196069,N,N
105,196339,N,N
105,196607,N,N
105,196870,N,N
105,197136,N,N
105,197392,N,N
105,197646,N,N
105,197901,N,N
105,198164,N,N
105,198328,V,V
105,198704,N,N
105,198974,N,N
105,199229,N,N
105,199477,N,N
105,199731,N,N
105,199987,N,N
105,200243,N,N
105,200503,N,N
105,200765,N,N
105,201029,N,N
105,201291,N,N
105,201545,N,N
105,201790,N,N
105,202040,N,N
105,202295,N,N
105,202561,N,N
105,202829,N,N
105,203096,N,N
105,203354,N,N
105,203609,N,N
105,203858,N,N
105,204110,N,N
105,204367,N,N
105,204629,N,N
105,204889,N,N
105,205158,N,N
105,205431,N,N
105,205691,N,N
105,205935,N,N
105,206183,N,N
105,206436,N,N
105,206697,N,N
105,206967,N,N
105,207237,N,N
105,207501,N,N
105,207765,N,N
105,208030,N,N
105,208281,N,N
105,208530,N,N
105,208788,N,N
105,209058,N,N
105,209328,N,N
105,209602,N,N
105,209868,N,N
105,210125,N,N
105,210373,N,N
105,210634,N,N
105,210892,N,N
105,211157,N,N
105,211424,N,N
105,211691,N,N
105,211952,N,N
105,212213,N,N
105,212473,N,N
105,212720,N,N
105,212971,N,N
105,213236,N,N
105,213513,N,N
105,213784,N,N
105,214048,N,N
105,214309,N,N
105,214564,N,N
105,214821,N,N
105,215081,N,N
105,215338,N,N
105,215605,N,N
105,215876,N,N
105,216154,N,N
105,216417,N,N
105,216672,N,N
105,216922,N,N
105,217179,N,N
105,217436,N,N
105,217704,N,N
105,217978,N,N
105,218247,N,N
105,218507,N,N
105,218766,N,N
105,219023,N,N
105,219277,N,N
105,219529,N,N
105,219792,N,N
105,220061,N,N
105,220334,N,N
105,220607,N,N
105,220867,N,N
105,221115,N,N
105,221371,N,N
105,221634,N,N
105,221897,N,N
105,222161,N,N
105,222431,N,N
105,222700,N,N
105,222962,N,N
105,223225,N,N
105,223476,N,N
105,223730,N,N
105,223990,N,N
105,224268,N,N
105,224537,N,N
105,224806,N,N
105,225067,N,N
105,225324,N,N
105,225578,N,N
105,225838,N,N
105,226096,N,N
105,226362,N,N
105,226629,N,N
105,226905,N,N
105,227170,N,N
105,227426,N,N
105,227678,N,N
105,227932,N,N
105,228185,N,N
105,228455,N,N
105,228729,N,N
105,228998,N,N
105,229260,N,N
105,229523,N,N
105,229780,N,N
105,230035,N,N
105,230288,N,N
105,230548,N,N
105,230817,N,N
105,231091,N,N
105,231261,V,V
105,231623,N,N
105,231878,N,N
105,232128,N,N
105,232390,N,N
105,232656,N,N
105,232920,N,N
105,233189,N,N
105,233461,N,N
105,233724,N,N
105,233984,N,N
105,234237,N,N
105,234491,N,N
105,234747,N,N
105,235025,N,N
105,235299,N,N
105,235568,N,N
105,235831,N,N
105,236091,N,N
105,236343,N,N
105,236599,N,N
105,236862,N,N
105,237132,N,N
105,237399,N,N
105,237676,N,N
105,237945,N,N
105,238086,V,V
105,238446,N,N
105,238699,N,N
105,238952,N,N
105,239215,N,N
105,239493,N,N
105,239760,N,N
105,240018,N,N
105,240279,N,N
105,240537,N,N
105,240789,N,N
105,241036,N,N
105,241292,N,N
105,241560,N,N
105,241828,N,N
105,241980,V,V
105,242352,N,N
105,242609,N,N
105,242856,N,N
105,243108,N,N
105,243366,N,N
105,243631,N,N
105,243894,N,N
105,244157,N,N
105,244417,N,N
105,244673,N,N
105,244925,N,N
105,245172,N,N
105,245422,N,N
105,245684,N,N
105,245958,N,N
105,246225,N,N
105,246484,N,N
105,246739,N,N
105,246994,N,N
105,247245,N,N
105,247498,N,N
105,247754,N,N
105,248018,N,N
105,248282,N,N
105,248556,N,N
105,248816,N,N
105,249067,N,N
105,249312,N,N
105,249564,N,N
105,249816,N,N
105,250084,N,N
105,250360,N,N
105,250625,N,N
105,250883,N,N
105,251139,N,N
105,251398,N,N
105,251649,N,N
105,251896,N,N
105,252158,N,N
105,252424,N,N
105,252697,N,N
105,252969,N,N
105,253225,N,N
105,253475,N,N
105,253729,N,N
105,253992,N,N
105,254253,N,N
105,254424,V,V
105,254793,N,N
105,255064,N,N
105,255326,N,N
105,255588,N,N
105,255840,N,N
105,256094,N,N
105,256354,N,N
105,256630,N,N
105,256905,N,N
105,257179,N,N
105,257444,N,N
105,257700,N,N
105,257955,N,N
105,258217,N,N
105,258482,N,N
105,258752,N,N
105,259022,N,N
105,259299,N,N
105,259572,N,N
105,259831,N,N
105,260083,N,N
105,260338,N,N
105,260599,N,N
105,260873,N,N
105,261155,N,N
105,261430,N,N
105,261697,N,N
105,261961,N,N
105,262226,N,N
105,262486,N,N
105,262738,N,N
105,263006,N,N
105,263281,N,N
105,263557,N,N
105,263832,N,N
105,264093,N,N
105,264344,N,N
105,264601,N,N
105,264869,N,N
105,265132,N,N
105,265400,N,N
105,265673,N,N
105,265944,N,N
105,266208,N,N
105,266471,N,N
105,266725,N,N
105,266979,N,N
105,267244,N,N
105,267526,N,N
105,267796,N,N
105,268066,N,N
105,268328,N,N
105,268584,N,N
105,268838,N,N
105,269099,N,N
105,269362,N,N
105,269524,V,V
105,269898,N,N
105,270176,N,N
105,270439,N,N
105,270698,N,N
105,270947,N,N
105,271199,N,N
105,271456,N,N
105,271728,N,N
105,272001,N,N
105,272267,N,N
105,272528,N,N
105,272789,N,N
105,273048,N,N
105,273304,N,N
105,273558,N,N
105,273821,N,N
105,274092,N,N
105,274369,N,N
105,274638,N,N
105,274894,N,N
105,275145,N,N
105,275397,N,N
105,275661,N,N
105,275922,N,N
105,276186,N,N
105,276453,N,N
105,276721,N,N
105,276980,N,N
105,277232,N,N
105,277485,N,N
105,277741,N,N
105,277995,N,N
105,278270,N,N
105,278543,N,N
105,278813,N,N
105,279072,N,N
105,279327,N,N
105,279576,N,N
105,279832,N,N
105,280099,N,N
105,280363,N,N
105,280624,N,N
105,280895,N,N
105,281166,N,N
105,281419,N,N
105,281662,N,N
105,281913,N,N
105,282166,N,N
105,282430,N,N
105,282703,N,N
105,282967,N,N
105,283230,N,N
105,283487,N,N
105,283746,N,N
105,283993,N,N
105,284243,N,N
105,284500,N,N
105,284766,N,N
105,285030,N,N
105,285297,N,N
105,285556,N,N
105,285807,N,N
105,286053,N,N
105,286306,N,N
105,286561,N,N
105,286826,N,N
105,287088,N,N
105,287351,N,N
105,287611,N,N
105,287869,N,N
105,288122,N,N
105,288368,N,N
105,288619,N,N
105,288874,N,N
105,289146,N,N
105,289415,N,N
105,289678,N,N
105,289928,N,N
105,290180,N,N
105,290428,N,N
105,290682,N,N
105,290943,N,N
105,291208,N,N
105,291470,N,N
105,291741,N,N
105,292008,N,N
105,292262,N,N
105,292505,N,N
105,292755,N,N
105,293010,N,N
105,293273,N,N
105,293546,N,N
105,293811,N,N
105,294069,N,N
105,294324,N,N
105,294583,N,N
105,294830,N,N
105,295079,N,N
105,295337,N,N
105,295603,N,N
105,295865,N,N
105,296132,N,N
105,296391,N,N
105,296540,V,V
105,296884,N,N
105,297141,N,N
105,297399,N,N
105,297662,N,N
105,297923,N,N
105,298184,N,N
105,298441,N,N
105,298698,N,N
105,298951,N,N
105,299197,N,N
105,299445,N,N
105,299704,N,N
105,299977,N,N
105,300242,N,N
105,300504,N,N
105,300755,N,N
105,301006,N,N
105,301255,N,N
105,301511,N,N
105,301767,N,N
105,302032,N,N
105,302295,N,N
105,302560,N,N
105,302821,N,N
105,303073,N,N
105,303314,N,N
105,303561,N,N
105,303812,N,N
105,304076,N,N
105,304344,N,N
105,304606,N,N
105,304863,N,N
105,305113,N,N
105,305365,N,N
105,305610,N,N
105,305855,N,N
105,306104,N,N
105,306367,N,N
105,306626,N,N
105,306887,N,N
105,307144,N,N
105,307391,N,N
105,307628,N,N
105,307875,N,N
105,308132,N,N
105,308391,N,N
105,308647,N,N
105,308905,N,N
105,309165,N,N
105,309415,N,N
105,309664,N,N
105,309909,N,N
105,310151,N,N
105,310400,N,N
105,310667,N,N
105,310931,N,N
105,311191,N,N
105,311441,N,N
105,311582,V,V
105,311927,N,N
105,312177,N,N
105,312430,N,N
105,312680,N,N
105,312936,N,N
105,313195,N,N
105,313458,N,N
105,313702,N,N
105,313943,N,N
105,314180,N,N
105,314406,N,N
105,314659,N,N
105,314911,N,N
105,315173,N,N
105,315417,N,N
105,315665,N,N
105,315907,N,N
105,316146,N,N
105,316385,N,N
105,316625,N,N
105,316868,N,N
105,317120,N,N
105,317375,N,N
105,317634,N,N
105,317891,N,N
105,318134,N,N
105,318375,N,N
105,318616,N,N
105,318869,N,N
105,319121,N,N
105,319376,N,N
105,319630,N,N
105,319891,N,N
105,320143,N,N
105,320388,N,N
105,320633,N,N
105,320880,N,N
105,321125,N,N
105,321384,N,N
105,321652,N,N
105,321913,N,N
105,322162,N,N
105,322411,N,N
105,322658,N,N
105,322904,N,N
105,323154,N,N
105,323406,N,N
105,323668,N,N
105,323929,N,N
105,324194,N,N
105,324453,N,N
105,324702,N,N
105,324945,N,N
105,325196,N,N
105,325444,N,N
105,325708,N,N
105,325981,N,N
105,326241,N,N
105,326496,N,N
105,326751,N,N
105,327009,N,N
105,327257,N,N
105,327509,N,N
105,327766,N,N
105,328035,N,N
105,328303,N,N
105,328571,N,N
105,328829,N,N
105,329079,N,N
105,329330,N,N
105,329589,N,N
105,329852,N,N
105,330120,N,N
105,330387,N,N
105,330652,N,N
105,330912,N,N
105,331169,N,N
105,331422,N,N
105,331673,N,N
105,331928,N,N
105,332194,N,N
105,332470,N,N
105,332740,N,N
105,332998,N,N
105,333249,N,N
105,333501,N,N
105,333757,N,N
105,334013,N,N
105,334274,N,N
105,334542,N,N
105,334807,N,N
105,335079,N,N
105,335338,N,N
105,335588,N,N
105,335836,N,N
105,336092,N,N
105,336350,N,N
105,336621,N,N
105,336895,N,N
105,337162,N,N
105,337417,N,N
105,337675,N,N
105,337931,N,N
105,338184,N,N
105,338437,N,N
105,338703,N,N
105,338969,N,N
105,339240,N,N
105,339510,N,N
105,339763,N,N
105,340009,N,N
105,340266,N,N
105,340530,N,N
105,340793,N,N
105,341059,N,N
105,341331,N,N
105,341594,N,N
105,341855,N,N
105,342114,N,N
105,342363,N,N
105,342617,N,N
105,342879,N,N
105,343155,N,N
105,343419,N,N
105,343688,N,N
105,343947,N,N
105,344201,N,N
105,344454,N,N
105,344715,N,N
105,344979,N,N
105,345246,N,N
105,345516,N,N
105,345792,N,N
105,346059,N,N
105,346319,N,N
105,346568,N,N
105,346825,N,N
105,347086,N,N
105,347363,N,N
105,347638,N,N
105,347911,N,N
105,348173,N,N
105,348437,N,N
105,348698,N,N
105,348956,N,N
105,349211,N,N
105,349477,N,N
105,349749,N,N
105,350019,N,N
105,350286,N,N
105,350542,N,N
105,350792,N,N
105,351048,N,N
105,351315,N,N
105,351583,N,N
105,351847,N,N
105,352119,N,N
105,352387,N,N
105,352649,N,N
105,352911,N,N
105,353166,N,N
105,353423,N,N
105,353688,N,N
105,353970,N,N
105,354237,N,N
105,354501,N,N
105,354763,N,N
105,355019,N,N
105,355277,N,N
105,355543,N,N
105,355812,N,N
105,356084,N,N
105,356359,N,N
105,356644,N,N
105,356908,N,N
105,357167,N,N
105,357423,N,N
105,357684,N,N
105,357951,N,N
105,358226,N,N
105,358494,N,N
105,358763,N,N
105,359023,N,N
105,359284,N,N
105,359537,N,N
105,359794,N,N
105,360055,N,N
105,360324,N,N
105,360595,N,N
105,360867,N,N
105,361132,N,N
105,361387,N,N
105,361634,N,N
105,361892,N,N
105,362154,N,N
105,362424,N,N
105,362689,N,N
105,362956,N,N
105,363220,N,N
105,363479,N,N
105,363734,N,N
105,363984,N,N
105,364238,N,N
105,364497,N,N
105,364777,N,N
105,365046,N,N
105,365308,N,N
105,365563,N,N
105,365817,N,N
105,366067,N,N
105,366321,N,N
105,366580,N,N
105,366843,N,N
105,367105,N,N
105,367375,N,N
105,367638,N,N
105,367888,N,N
105,368132,N,N
105,368382,N,N
105,368631,N,N
105,368895,N,N
105,369166,N,N
105,369426,N,N
105,369680,N,N
105,369933,N,N
105,370186,N,N
105,370429,N,N
105,370673,N,N
105,370927,N,N
105,371189,N,N
105,371374,V,V
105,371709,N,N
105,371964,N,N
105,372207,N,N
105,372444,N,N
105,372690,N,N
105,372941,N,N
105,373196,N,N
105,373449,N,N
105,373706,N,N
105,373959,N,N
105,374211,N,N
105,374458,N,N
105,374699,N,N
105,374944,N,N
105,375193,N,N
105,375455,N,N
105,375718,N,N
105,375979,N,N
105,376226,N,N
105,376469,N,N
105,376709,N,N
105,376956,N,N
105,377203,N,N
105,377452,N,N
105,377709,N,N
105,377965,N,N
105,378227,N,N
105,378476,N,N
105,378718,N,N
105,378955,N,N
105,379198,N,N
105,379443,N,N
105,379700,N,N
105,379964,N,N
105,380220,N,N
105,380469,N,N
105,380714,N,N
105,380963,N,N
105,381203,N,N
105,381441,N,N
105,381689,N,N
105,381947,N,N
105,382200,N,N
105,382458,N,N
105,382711,N,N
105,382954,N,N
105,383186,N,N
105,383428,N,N
105,383679,N,N
105,383929,N,N
105,384178,N,N
105,384430,N,N
105,384684,N,N
105,384927,N,N
105,385169,N,N
105,385408,N,N
105,385643,N,N
105,385878,N,N
105,386132,N,N
105,386395,N,N
105,386647,N,N
105,386892,N,N
105,387136,N,N
105,387378,N,N
105,387615,N,N
105,387859,N,N
105,388103,N,N
105,388355,N,N
105,388607,N,N
105,388864,N,N
105,389120,N,N
105,389365,N,N
105,389599,N,N
105,389838,N,N
105,390081,N,N
105,390331,N,N
105,390589,N,N
105,390845,N,N
105,391103,N,N
105,391350,N,N
105,391594,N,N
105,391841,N,N
105,392085,N,N
105,392324,N,N
105,392570,N,N
105,392830,N,N
105,393092,N,N
105,393349,N,N
105,393594,N,N
105,393839,N,N
105,394077,N,N
105,394324,N,N
105,394574,N,N
105,394831,N,N
105,395082,N,N
105,395338,N,N
105,395590,N,N
105,395839,N,N
105,396085,N,N
105,396325,N,N
105,396567,N,N
105,396817,N,N
105,397083,N,N
105,397342,N,N
105,397597,N,N
105,397848,N,N
105,398094,N,N
105,398333,N,N
105,398581,N,N
105,398834,N,N
105,399087,N,N
105,399341,N,N
105,399604,N,N
105,399870,N,N
105,400119,N,N
105,400361,N,N
105,400606,N,N
105,400854,N,N
105,401106,N,N
105,401371,N,N
105,401635,N,N
105,401894,N,N
105,402145,N,N
105,402399,N,N
105,402648,N,N
105,402897,N,N
105,403143,N,N
105,403399,N,N
105,403663,N,N
105,403932,N,N
105,404200,N,N
105,404448,N,N
105,404692,N,N
105,404938,N,N
105,405195,N,N
105,405447,N,N
105,405708,N,N
105,405967,N,N
105,406229,N,N
105,406481,N,N
105,406731,N,N
105,406979,N,N
105,407225,N,N
105,407472,N,N
105,407731,N,N
105,408002,N,N
105,408266,N,N
105,408515,N,N
105,408763,N,N
105,409008,N,N
105,409250,N,N
105,409497,N,N
105,409743,N,N
105,410001,N,N
105,410256,N,N
105,410517,N,N
105,410780,N,N
105,411026,N,N
105,411263,N,N
105,411506,N,N
105,411751,N,N
105,412009,N,N
105,412275,N,N
105,412532,N,N
105,412785,N,N
105,413034,N,N
105,413282,N,N
105,413524,N,N
105,413767,N,N
105,414014,N,N
105,414272,N,N
105,414531,N,N
105,414796,N,N
105,415058,N,N
105,415306,N,N
105,415547,N,N
105,415799,N,N
105,416056,N,N
105,416309,N,N
105,416568,N,N
105,416834,N,N
105,417094,N,N
105,417352,N,N
105,417603,N,N
105,417850,N,N
105,418097,N,N
105,418350,N,N
105,418616,N,N
105,418879,N,N
105,419143,N,N
105,419396,N,N
105,419642,N,N
105,419882,N,N
105,420132,N,N
105,420383,N,N
105,420633,N,N
105,420889,N,N
105,421151,N,N
105,421417,N,N
105,421669,N,N
105,421913,N,N
105,422156,N,N
105,422403,N,N
105,422654,N,N
105,422914,N,N
105,423176,N,N
105,423435,N,N
105,423688,N,N
105,423939,N,N
105,424189,N,N
105,424435,N,N
105,424673,N,N
105,424924,N,N
105,425182,N,N
105,425444,N,N
105,425703,N,N
105,425951,N,N
105,426195,N,N
105,426432,N,N
105,426679,N,N
105,426927,N,N
105,427075,V,V
105,427429,N,N
105,427689,N,N
105,427938,N,N
105,428183,N,N
105,428428,N,N
105,428666,N,N
105,428903,N,N
105,429144,N,N
105,429403,N,N
105,429656,N,N
105,429909,N,N
105,430157,N,N
105,430396,N,N
105,430628,N,N
105,430866,N,N
105,431110,N,N
105,431348,N,N
105,431594,N,N
105,431843,N,N
105,432098,N,N
105,432341,N,N
105,432577,N,N
105,432803,N,N
105,433031,N,N
105,433262,N,N
105,433506,N,N
105,434000,N,N
105,434247,N,N
105,434389,V,V
105,434712,N,N
105,434961,N,N
105,435189,N,N
105,435414,N,N
105,435671,N,N
105,435895,N,N
105,436140,N,N
105,436387,N,N
105,436631,N,N
105,436864,N,N
105,437093,N,N
105,437328,N,N
105,437547,N,N
105,437803,N,N
105,438047,N,N
105,438289,N,N
105,438537,N,N
105,438778,N,N
105,439032,N,N
105,439248,N,N
105,439474,N,N
105,439703,N,N
105,439929,N,N
105,440174,N,N
105,440418,N,N
105,440662,N,N
105,440893,N,N
105,441123,N,N
105,441344,N,N
105,441583,N,N
105,441811,N,N
105,442046,N,N
105,442280,N,N
105,442520,N,N
105,442766,N,N
105,443016,N,N
105,443253,N,N
105,443480,N,N
105,443710,N,N
105,443941,N,N
105,444412,N,N
105,444663,N,N
105,444906,N,N
105,445146,N,N
105,445624,N,N
105,445853,N,N
105,446083,N,N
105,446314,N,N
105,446554,N,N
105,446794,N,N
105,447043,N,N
105,447293,N,N
105,447528,N,N
105,447759,N,N
105,448218,N,N
105,448455,N,N
105,448693,N,N
105,448931,N,N
105,449173,N,N
105,449413,N,N
105,449651,N,N
105,449886,N,N
105,450112,N,N
105,450337,N,N
105,450564,N,N
105,450801,N,N
105,451046,N,N
105,451291,N,N
105,451533,N,N
105,451766,N,N
105,451997,N,N
105,452224,N,N
105,452454,N,N
105,452687,N,N
105,452919,N,N
105,453162,N,N
105,453404,N,N
105,453654,N,N
105,453897,N,N
105,454134,N,N
105,454358,N,N
105,454585,N,N
105,454815,N,N
105,455055,N,N
105,455299,N,N
105,455544,N,N
105,455790,N,N
105,456025,N,N
105,456262,N,N
105,456498,N,N
105,456672,V,V
105,456951,N,N
105,457186,N,N
105,457427,N,N
105,457668,N,N
105,457913,N,N
105,458159,N,N
105,458392,N,N
105,458616,N,N
105,458840,N,N
105,459076,N,N
105,459307,N,N
105,459542,N,N
105,459780,N,N
105,460020,N,N
105,460255,N,N
105,460491,N,N
105,460722,N,N
105,460945,N,N
105,461166,N,N
105,461388,N,N
105,461626,N,N
105,461872,N,N
105,462109,N,N
105,462342,N,N
105,462577,N,N
105,462806,N,N
105,463028,N,N
105,463254,N,N
105,463486,N,N
105,463635,V,V
105,463950,N,N
105,464194,N,N
105,464440,N,N
105,464673,N,N
105,464906,N,N
105,465128,N,N
105,465350,N,N
105,465573,N,N
105,465807,N,N
105,466046,N,N
105,466285,N,N
105,466528,N,N
105,466762,N,N
105,466998,N,N
105,467230,N,N
105,467456,N,N
105,467679,N,N
105,467905,N,N
105,468138,N,N
105,468377,N,N
105,468622,N,N
105,468866,N,N
105,469101,N,N
105,469327,N,N
105,469553,N,N
105,469781,N,N
105,470013,N,N
105,470248,N,N
105,470481,N,N
105,470721,N,N
105,470963,N,N
105,471204,N,N
105,471437,N,N
105,471665,N,N
105,472116,N,N
105,472351,N,N
105,472866,N,N
105,473079,N,N
105,473319,N,N
105,473556,N,N
105,473781,N,N
105,474005,N,N
105,474242,N,N
105,474474,N,N
105,474711,N,N
105,474956,N,N
105,475205,N,N
105,475447,N,N
105,475683,N,N
105,475907,N,N
105,476122,N,N
105,476360,N,N
105,476592,N,N
105,476834,N,N
105,477075,N,N
105,477316,N,N
105,477550,N,N
105,477791,N,N
105,478007,N,N
105,478252,N,N
105,478477,N,N
105,478948,N,N
105,479189,N,N
105,479437,N,N
105,479686,N,N
105,479918,N,N
105,480147,N,N
105,480379,N,N
105,480617,N,N
105,480848,N,N
105,481091,N,N
105,481334,N,N
105,481578,N,N
105,481822,N,N
105,482066,N,N
105,482302,N,N
105,482530,N,N
105,482762,N,N
105,482993,N,N
105,483237,N,N
105,483486,N,N
105,483737,N,N
105,483979,N,N
105,484216,N,N
105,484451,N,N
105,484684,N,N
105,484916,N,N
105,485148,N,N
105,485390,N,N
105,485627,N,N
105,485874,N,N
105,486123,N,N
105,486364,N,N
105,486589,N,N
105,486816,N,N
105,487046,N,N
105,487274,N,N
105,487509,N,N
105,487755,N,N
105,487997,N,N
105,488141,V,V
105,488470,N,N
105,488713,N,N
105,488940,N,N
105,489166,N,N
105,489389,N,N
105,489621,N,N
105,489859,N,N
105,490104,N,N
105,490254,V,V
105,490592,N,N
105,490827,N,N
105,491051,N,N
105,491284,N,N
105,491514,N,N
105,491744,N,N
105,491977,N,N
105,492220,N,N
105,492462,N,N
105,492701,N,N
105,492938,N,N
105,493168,N,N
105,493393,N,N
105,493616,N,N
105,493850,N,N
105,494093,N,N
105,494333,N,N
105,494576,N,N
105,494817,N,N
105,495052,N,N
105,495278,N,N
105,495510,N,N
105,495743,N,N
105,495972,N,N
105,496209,N,N
105,496451,N,N
105,496701,N,N
105,496946,N,N
105,497186,N,N
105,497413,N,N
105,497637,N,N
105,497865,N,N
105,498099,N,N
105,498339,N,N
105,498580,N,N
105,498823,N,N
105,499061,N,N
105,499304,N,N
105,499541,N,N
105,499771,N,N
105,499994,N,N
105,500221,N,N
105,500458,N,N
105,500698,N,N
105,500943,N,N
105,501187,N,N
105,501424,N,N
105,501654,N,N
105,501881,N,N
105,502115,N,N
105,502344,N,N
105,502578,N,N
105,502814,N,N
105,503057,N,N
105,503299,N,N
105,503539,N,N
105,503777,N,N
105,504004,N,N
105,504231,N,N
105,504454,N,N
105,504689,N,N
105,504933,N,N
105,505177,N,N
105,505411,N,N
105,505650,N,N
105,505887,N,N
105,506112,N,N
105,506340,N,N
105,506573,N,N
105,506802,N,N
105,507032,N,N
105,507275,N,N
105,507525,N,N
105,507762,N,N
105,507996,N,N
105,508222,N,N
105,508448,N,N
105,508671,N,N
105,508903,N,N
105,509141,N,N
105,509378,N,N
105,509617,N,N
105,509856,N,N
105,510097,N,N
105,510329,N,N
105,510556,N,N
105,510776,N,N
105,511004,N,N
105,511237,N,N
105,511474,N,N
105,511718,N,N
105,511961,N,N
105,512196,N,N
105,512424,N,N
105,512651,N,N
105,512882,N,N
105,513107,N,N
105,513339,N,N
105,513572,N,N
105,513812,N,N
105,514051,N,N
105,514294,N,N
105,514531,N,N
105,514756,N,N
105,514982,N,N
105,515205,N,N
105,515435,N,N
105,515677,N,N
105,515917,N,N
105,516150,N,N
105,516386,N,N
105,516622,N,N
105,516847,N,N
105,517077,N,N
105,517308,N,N
105,517534,N,N
105,517767,N,N
105,518008,N,N
105,518261,N,N
105,518506,N,N
105,518745,N,N
105,518972,N,N
105,519199,N,N
105,519427,N,N
105,519659,N,N
105,519898,N,N
105,520137,N,N
105,520379,N,N
105,520617,N,N
105,520860,N,N
105,521097,N,N
105,521324,N,N
105,521543,N,N
105,521773,N,N
105,522009,N,N
105,522246,N,N
105,522490,N,N
105,522741,N,N
105,522980,N,N
105,523209,N,N
105,523441,N,N
105,523678,N,N
105,523907,N,N
105,524141,N,N
105,524385,N,N
105,524632,N,N
105,524874,N,N
105,525122,N,N
105,525367,N,N
105,525597,N,N
105,525826,N,N
105,525964,V,V
105,526304,N,N
105,526552,N,N
105,526802,N,N
105,527048,N,N
105,527291,N,N
105,527529,N,N
105,527768,N,N
105,528009,N,N
105,528243,N,N
105,528481,N,N
105,528728,N,N
105,528986,N,N
105,529236,N,N
105,529485,N,N
105,529722,N,N
105,529958,N,N
105,530192,N,N
105,530434,N,N
105,530682,N,N
105,530929,N,N
105,531180,N,N
105,531430,N,N
105,531682,N,N
105,531923,N,N
105,532162,N,N
105,532394,N,N
105,532633,N,N
105,532874,N,N
105,533128,N,N
105,533386,N,N
105,533636,N,N
105,533881,N,N
105,534118,N,N
105,534361,N,N
105,534599,N,N
105,534839,N,N
105,535080,N,N
105,535331,N,N
105,535581,N,N
105,535834,N,N
105,536085,N,N
105,536323,N,N
105,536556,N,N
105,536791,N,N
105,537041,N,N
105,537288,N,N
105,537539,N,N
105,537789,N,N
105,538040,N,N
105,538281,N,N
105,538520,N,N
105,538762,N,N
105,538995,N,N
105,539231,N,N
105,539478,N,N
105,539739,N,N
105,539988,N,N
105,540234,N,N
105,540475,N,N
105,540710,N,N
105,540939,N,N
105,541176,N,N
105,541422,N,N
105,541664,N,N
105,541912,N,N
105,542161,N,N
105,542415,N,N
105,542654,N,N
105,542893,N,N
105,543125,N,N
105,543356,N,N
105,543594,N,N
105,543845,N,N
105,544102,N,N
105,544348,N,N
105,544595,N,N
105,544834,N,N
105,545073,N,N
105,545310,N,N
105,545549,N,N
105,545787,N,N
105,546033,N,N
105,546285,N,N
105,546541,N,N
105,546791,N,N
105,547026,N,N
105,547262,N,N
105,547495,N,N
105,547735,N,N
105,547979,N,N
105,548230,N,N
105,548475,N,N
105,548723,N,N
105,548967,N,N
105,549209,N,N
105,549447,N,N
105,549680,N,N
105,549917,N,N
105,550159,N,N
105,550413,N,N
105,550670,N,N
105,550922,N,N
105,551163,N,N
105,551402,N,N
105,551638,N,N
105,551877,N,N
105,552120,N,N
105,552366,N,N
105,552616,N,N
105,552864,N,N
105,553120,N,N
105,553369,N,N
105,553608,N,N
105,553838,N,N
105,554076,N,N
105,554315,N,N
105,554564,N,N
105,554822,N,N
105,555073,N,N
105,555320,N,N
105,555561,N,N
105,555806,N,N
105,556045,N,N
105,556281,N,N
105,556517,N,N
105,556762,N,N
105,557012,N,N
105,557266,N,N
105,557518,N,N
105,557757,N,N
105,557991,N,N
105,558224,N,N
105,558467,N,N
105,558710,N,N
105,558958,N,N
105,559205,N,N
105,559454,N,N
105,559699,N,N
105,559943,N,N
105,560182,N,N
105,560412,N,N
105,560648,N,N
105,560886,N,N
105,561136,N,N
105,561392,N,N
105,561645,N,N
105,561888,N,N
105,562125,N,N
105,562360,N,N
105,562597,N,N
105,562837,N,N
105,563077,N,N
105,563324,N,N
105,563572,N,N
105,563822,N,N
105,564073,N,N
105,564313,N,N
105,564540,N,N
105,564770,N,N
105,565009,N,N
105,565257,N,N
105,565509,N,N
105,565762,N,N
105,566018,N,N
105,566261,N,N
105,566508,N,N
105,566751,N,N
105,566990,N,N
105,567225,N,N
105,567473,N,N
105,567728,N,N
105,567986,N,N
105,568243,N,N
105,568490,N,N
105,568645,V,V
105,568965,N,N
105,569215,N,N
105,569462,N,N
105,569714,N,N
105,569969,N,N
105,570227,N,N
105,570478,N,N
105,570728,N,N
105,570974,N,N
105,571213,N,N
105,571449,N,N
105,571690,N,N
105,571951,N,N
105,572206,N,N
105,572460,N,N
105,572707,N,N
105,572951,N,N
105,573185,N,N
105,573428,N,N
105,573676,N,N
105,573919,N,N
105,574169,N,N
105,574428,N,N
105,574692,N,N
105,574940,N,N
105,575180,N,N
105,575421,N,N
105,575662,N,N
105,575905,N,N
105,576161,N,N
105,576421,N,N
105,576678,N,N
105,576929,N,N
105,577182,N,N
105,577429,N,N
105,577670,N,N
105,577906,N,N
105,578151,N,N
105,578406,N,N
105,578666,N,N
105,578925,N,N
105,579176,N,N
105,579425,N,N
105,579661,N,N
105,579799,V,V
105,580150,N,N
105,580403,N,N
105,580655,N,N
105,580910,N,N
105,581167,N,N
105,581421,N,N
105,581668,N,N
105,581909,N,N
105,582150,N,N
105,582390,N,N
105,582646,N,N
105,582906,N,N
105,583162,N,N
105,583413,N,N
105,583659,N,N
105,583899,N,N
105,584139,N,N
105,584384,N,N
105,584626,N,N
105,584874,N,N
105,585128,N,N
105,585392,N,N
105,585641,N,N
105,585882,N,N
105,586118,N,N
105,586358,N,N
105,586594,N,N
105,586841,N,N
105,587101,N,N
105,587355,N,N
105,587604,N,N
105,587853,N,N
105,588103,N,N
105,588340,N,N
105,588577,N,N
105,588818,N,N
105,589067,N,N
105,589317,N,N
105,589578,N,N
105,589836,N,N
105,590082,N,N
105,590320,N,N
105,590562,N,N
105,590810,N,N
105,591054,N,N
105,591303,N,N
105,591559,N,N
105,591815,N,N
105,592065,N,N
105,592316,N,N
105,592556,N,N
105,592792,N,N
105,593028,N,N
105,593277,N,N
105,593533,N,N
105,593784,N,N
105,594032,N,N
105,594278,N,N
105,594524,N,N
105,594760,N,N
105,594999,N,N
105,595730,N,N
105,595988,N,N
105,596246,N,N
105,596496,N,N
105,596730,N,N
105,596964,N,N
105,597205,N,N
105,597446,N,N
105,597693,N,N
105,597948,N,N
105,598204,N,N
105,598450,N,N
105,598700,N,N
105,598946,N,N
105,599184,N,N
105,599416,N,N
105,599655,N,N
105,599902,N,N
105,600157,N,N
105,600410,N,N
105,600663,N,N
105,600909,N,N
105,601141,N,N
105,601383,N,N
105,601627,N,N
105,601870,N,N
105,602112,N,N
105,602363,N,N
105,602616,N,N
105,602867,N,N
105,603113,N,N
105,603349,N,N
105,603584,N,N
105,603816,N,N
105,604064,N,N
105,604318,N,N
105,604571,N,N
105,604818,N,N
105,605068,N,N
105,605308,N,N
105,605548,N,N
105,605791,N,N
105,606025,N,N
105,606265,N,N
105,606514,N,N
105,606769,N,N
105,607020,N,N
105,607271,N,N
105,607504,N,N
105,607738,N,N
105,607967,N,N
105,608206,N,N
105,608448,N,N
105,608692,N,N
105,608858,V,V
105,609187,N,N
105,609438,N,N
105,609680,N,N
105,609915,N,N
105,610144,N,N
105,610377,N,N
105,610617,N,N
105,610863,N,N
105,611116,N,N
105,611361,N,N
105,611603,N,N
105,611834,N,N
105,612067,N,N
105,612305,N,N
105,612541,N,N
105,612772,N,N
105,613016,N,N
105,613266,N,N
105,613513,N,N
105,613757,N,N
105,613994,N,N
105,614226,N,N
105,614455,N,N
105,614691,N,N
105,614939,N,N
105,615184,N,N
105,615429,N,N
105,615672,N,N
105,615916,N,N
105,616148,N,N
105,616379,N,N
105,616612,N,N
105,616844,N,N
105,617079,N,N
105,617320,N,N
105,617522,V,V
105,617821,N,N
105,618060,N,N
105,618290,N,N
105,618520,N,N
105,618742,N,N
105,618976,N,N
105,619135,V,V
105,619463,N,N
105,619711,N,N
105,619955,N,N
105,620207,N,N
105,620449,N,N
105,620684,N,N
105,620915,N,N
105,621153,N,N
105,621394,N,N
105,621648,N,N
105,621909,N,N
105,622159,N,N
105,622404,N,N
105,622645,N,N
105,622890,N,N
105,623127,N,N
105,623368,N,N
105,623613,N,N
105,623867,N,N
105,624120,N,N
105,624379,N,N
105,624633,N,N
105,624870,N,N
105,625107,N,N
105,625347,N,N
105,625596,N,N
105,625845,N,N
105,626103,N,N
105,626356,N,N
105,626607,N,N
105,626853,N,N
105,627098,N,N
105,627342,N,N
105,627581,N,N
105,627824,N,N
105,628078,N,N
105,628345,N,N
105,628602,N,N
105,628854,N,N
105,629097,N,N
105,629340,N,N
105,629581,N,N
105,629824,N,N
105,630075,N,N
105,630330,N,N
105,630582,N,N
105,630838,N,N
105,631098,N,N
105,631339,N,N
105,631573,N,N
105,631813,N,N
105,632060,N,N
105,632314,N,N
105,632573,N,N
105,632833,N,N
105,633089,N,N
105,633335,N,N
105,633584,N,N
105,633831,N,N
105,634074,N,N
105,634317,N,N
105,634571,N,N
105,634832,N,N
105,635091,N,N
105,635351,N,N
105,635596,N,N
105,635837,N,N
105,636079,N,N
105,636332,N,N
105,636586,N,N
105,636845,N,N
105,637104,N,N
105,637363,N,N
105,637611,N,N
105,637859,N,N
105,638108,N,N
105,638350,N,N
105,638593,N,N
105,638851,N,N
105,639118,N,N
105,639374,N,N
105,639625,N,N
105,639873,N,N
105,640117,N,N
105,640358,N,N
105,640606,N,N
105,640856,N,N
105,641112,N,N
105,641370,N,N
105,641635,N,N
105,641889,N,N
105,642137,N,N
105,642376,N,N
105,642617,N,N
105,642862,N,N
105,643121,N,N
105,643388,N,N
105,643644,N,N
105,643899,N,N
105,644151,N,N
105,644403,N,N
105,644648,N,N
105,644894,N,N
105,645144,N,N
105,645406,N,N
105,645668,N,N
105,645935,N,N
105,646193,N,N
105,646445,N,N
105,646687,N,N
105,646936,N,N
105,647192,N,N
105,647450,N,N
105,647705,N,N
105,647968,N,N
105,648226,N,N
105,648483,N,N
105,648733,N,N
105,648977,N,N
105,649221,N,N
105,649471,N,N
105,649740,N,N
106,351,N,N
106,724,N,N
106,1086,N,N
106,1448,N,N
106,1829,N,N
106,2197,N,N
106,2571,N,N
106,2918,N,N
106,3234,N,N
106,3571,N,N
106,3931,N,N
106,4281,N,N
106,4612,N,N
106,4947,N,N
106,5255,N,N
106,5558,N,N
106,5863,N,N
106,6174,N,N
106,6472,N,N
106,6757,N,N
106,7045,N,N
106,7336,N,N
106,7615,N,N
106,7897,N,N
106,8183,N,N
106,8475,N,N
106,8758,N,N
106,9025,N,N
106,9271,N,N
106,9517,N,N
106,9769,N,N
106,10038,N,N
106,10315,N,N
106,10583,N,N
106,10885,N,N
106,11244,N,N
106,11588,N,N
106,11935,N,N
106,12287,N,N
106,12649,N,N
106,13001,N,N
106,13319,N,N
106,13617,N,N
106,13918,N,N
106,14227,N,N
106,14564,N,N
106,14903,N,N
106,15231,N,N
106,15561,N,N
106,15900,N,N
106,16245,N,N
106,16605,N,N
106,16998,N,N
106,17354,N,N
106,17701,N,N
106,18026,N,N
106,18333,N,N
106,18644,N,N
106,18964,N,N
106,19275,N,N
106,19579,N,N
106,19869,N,N
106,20136,N,N
106,20406,N,N
106,20690,N,N
106,20989,N,N
106,21300,N,N
106,21637,N,N
106,22008,N,N
106,22364,N,N
106,22689,N,N
106,23016,N,N
106,23364,N,N
106,23719,N,N
106,24048,N,N
106,24362,N,N
106,24683,N,N
106,25010,N,N
106,25338,N,N
106,25697,N,N
106,26068,N,N
106,26434,N,N
106,26787,N,N
106,27138,N,N
106,27471,N,N
106,27810,N,N
106,28161,N,N
106,28500,N,N
106,28801,N,N
106,29105,N,N
106,29408,N,N
106,29712,N,N
106,30024,N,N
106,30334,N,N
106,30630,N,N
106,30920,N,N
106,31190,N,N
106,31462,N,N
106,31726,N,N
106,32014,N,N
106,32336,N,N
106,32667,N,N
106,32867,V,V
106,33045,V,V
106,33476,N,N
106,33653,V,V
106,33820,V,V
106,34305,N,N
106,34666,N,N
106,34858,V,V
106,35280,N,N
106,35468,V,V
106,35638,V,V
106,36101,N,N
106,36290,V,V
106,36757,N,N
106,36951,V,V
106,37123,V,V
106,37581,N,N
106,37913,N,N
106,38092,V,V
106,38267,V,V
106,38755,N,N
106,38939,V,V
106,39118,V,V
106,39590,N,N
106,39903,N,N
106,40085,V,V
106,40255,V,V
106,40714,N,N
106,41033,N,N
106,41222,V,V
106,41395,V,V
106,41837,N,N
106,42003,V,V
106,42439,N,N
106,42625,V,V
106,42798,V,V
106,43275,N,N
106,43460,V,V
106,43906,N,N
106,44084,V,V
106,44507,N,N
106,44692,V,V
106,44867,V,V
106,45350,N,N
106,45547,V,V
106,45976,N,N
106,46156,V,V
106,46323,V,V
106,46777,N,N
106,46956,V,V
106,47413,N,N
106,47606,V,V
106,47780,V,V
106,48225,N,N
106,48413,V,V
106,48568,V,V
106,49009,N,N
106,49191,V,V
106,49374,V,V
106,49835,N,N
106,50022,V,V
106,50424,N,N
106,50607,V,V
106,50773,V,V
106,51212,N,N
106,51400,V,V
106,51850,N,N
106,52037,V,V
106,52211,V,V
106,52661,N,N
106,52836,V,V
106,53275,N,N
106,53578,N,N
106,53873,N,N
106,54074,V,V
106,54253,V,V
106,54716,N,N
106,54888,V,V
106,55063,V,V
106,55559,N,N
106,55747,V,V
106,56227,N,N
106,56548,N,N
106,56842,N,N
106,57174,N,N
106,57495,N,N
106,57684,V,V
106,57875,V,V
106,58345,N,N
106,58534,V,V
106,58992,N,N
106,59170,V,V
106,59332,V,V
106,59769,N,N
106,59954,V,V
106,60432,N,N
106,60636,V,V
106,61082,N,N
106,61277,V,V
106,61729,N,N
106,62099,N,N
106,62488,N,N
106,62823,N,N
106,63128,N,N
106,63499,N,N
106,63691,V,V
106,63864,V,V
106,64035,V,V
106,64568,N,N
106,64766,V,V
106,65287,N,N
106,65705,N,N
106,66104,N,N
106,66485,N,N
106,66886,N,N
106,67302,N,N
106,67702,N,N
106,68094,N,N
106,68464,N,N
106,68869,N,N
106,69270,N,N
106,69635,N,N
106,69964,N,N
106,70280,N,N
106,70618,N,N
106,70998,N,N
106,71407,N,N
106,71815,N,N
106,72193,N,N
106,72559,N,N
106,72945,N,N
106,73336,N,N
106,73730,N,N
106,74087,N,N
106,74408,N,N
106,74742,N,N
106,75138,N,N
106,75514,N,N
106,75907,N,N
106,76287,N,N
106,76670,N,N
106,77024,N,N
106,77400,N,N
106,77771,N,N
106,78156,N,N
106,78500,N,N
106,78856,N,N
106,79261,N,N
106,79650,N,N
106,80033,N,N
106,80374,N,N
106,80686,N,N
106,81019,N,N
106,81390,N,N
106,81804,N,N
106,82213,N,N
106,82585,N,N
106,82944,N,N
106,83307,N,N
106,83663,N,N
106,84034,N,N
106,84435,N,N
106,84836,N,N
106,85213,N,N
106,85600,N,N
106,86011,N,N
106,86380,N,N
106,86755,N,N
106,87132,N,N
106,87507,N,N
106,87888,N,N
106,88298,N,N
106,88711,N,N
106,89096,N,N
106,89430,N,N
106,89742,N,N
106,90057,N,N
106,90398,N,N
106,90777,N,N
106,91133,N,N
106,91454,N,N
106,91753,N,N
106,92046,N,N
106,92345,N,N
106,92658,N,N
106,93015,N,N
106,93393,N,N
106,93713,N,N
106,94034,N,N
106,94375,N,N
106,94716,N,N
106,95041,N,N
106,95380,N,N
106,95716,N,N
106,95905,V,V
106,96335,N,N
106,96662,N,N
106,97008,N,N
106,97330,N,N
106,97620,N,N
106,97909,N,N
106,98217,N,N
106,98513,N,N
106,98819,N,N
106,99134,N,N
106,99471,N,N
106,99807,N,N
106,100118,N,N
106,100442,N,N
106,100788,N,N
106,101148,N,N
106,101518,N,N
106,101883,N,N
106,102229,N,N
106,102559,N,N
106,102909,N,N
106,103301,N,N
106,103667,N,N
106,104041,N,N
106,104409,N,N
106,104778,N,N
106,105123,N,N
106,105503,N,N
106,105898,N,N
106,106288,N,N
106,106631,N,N
106,106977,N,N
106,107366,N,N
106,107775,N,N
106,108153,N,N
106,108537,N,N
106,108920,N,N
106,109289,N,N
106,109668,N,N
106,110064,N,N
106,110432,N,N
106,110787,N,N
106,111136,N,N
106,111470,N,N
106,111833,N,N
106,112226,N,N
106,112616,N,N
106,112955,N,N
106,113305,N,N
106,113672,N,N
106,114059,N,N
106,114403,N,N
106,114738,N,N
106,115082,N,N
106,115428,N,N
106,115764,N,N
106,116121,N,N
106,116532,N,N
106,116909,N,N
106,117279,N,N
106,117652,N,N
106,117990,N,N
106,118363,N,N
106,118759,N,N
106,119140,N,N
106,119485,N,N
106,119850,N,N
106,120223,N,N
106,120603,N,N
106,121005,N,N
106,121402,N,N
106,121770,N,N
106,122119,N,N
106,122470,N,N
106,122810,N,N
106,123138,N,N
106,123484,N,N
106,123883,N,N
106,124248,N,N
106,124645,N,N
106,125032,N,N
106,125416,N,N
106,125788,N,N
106,126116,N,N
106,126452,N,N
106,126812,N,N
106,127168,N,N
106,127564,N,N
106,127955,N,N
106,128310,N,N
106,128677,N,N
106,129049,N,N
106,129448,N,N
106,129819,N,N
106,130184,N,N
106,130539,N,N
106,130871,N,N
106,131233,N,N
106,131632,N,N
106,132012,N,N
106,132382,N,N
106,132722,N,N
106,133078,N,N
106,133465,N,N
106,133835,N,N
106,134207,N,N
106,134569,N,N
106,134904,N,N
106,135251,N,N
106,135616,N,N
106,135978,N,N
106,136354,N,N
106,136724,N,N
106,137058,N,N
106,137406,N,N
106,137757,N,N
106,138100,N,N
106,138461,N,N
106,138818,N,N
106,139173,N,N
106,139530,N,N
106,139875,N,N
106,140237,N,N
106,140573,N,N
106,140921,N,N
106,141278,N,N
106,141639,N,N
106,141974,N,N
106,142336,N,N
106,142713,N,N
106,143070,N,N
106,143397,N,N
106,143708,N,N
106,144035,N,N
106,144355,N,N
106,144680,N,N
106,144989,N,N
106,145315,N,N
106,145687,N,N
106,146066,N,N
106,146453,N,N
106,146824,N,N
106,147192,N,N
106,147539,N,N
106,147873,N,N
106,148192,N,N
106,148520,N,N
106,148888,N,N
106,149302,N,N
106,149687,N,N
106,150032,N,N
106,150386,N,N
106,150780,N,N
106,151179,N,N
106,151573,N,N
106,151932,N,N
106,152288,N,N
106,152665,N,N
106,153053,N,N
106,153431,N,N
106,153786,N,N
106,154088,N,N
106,154381,N,N
106,154683,N,N
106,155006,N,N
106,155320,N,N
106,155634,N,N
106,155941,N,N
106,156227,N,N
106,156499,N,N
106,156773,N,N
106,157052,N,N
106,157340,N,N
106,157616,N,N
106,157896,N,N
106,158171,N,N
106,158433,N,N
106,158691,N,N
106,158938,N,N
106,159202,N,N
106,159484,N,N
106,159785,N,N
106,160122,N,N
106,160482,N,N
106,160654,V,V
106,161075,N,N
106,161416,N,N
106,161750,N,N
106,162076,N,N
106,162425,N,N
106,162779,N,N
106,162955,V,V
106,163369,N,N
106,163708,N,N
106,164068,N,N
106,164415,N,N
106,164736,N,N
106,165061,N,N
106,165402,N,N
106,165753,N,N
106,166100,N,N
106,166419,N,N
106,166725,N,N
106,167029,N,N
106,167361,N,N
106,167696,N,N
106,168040,N,N
106,168401,N,N
106,168770,N,N
106,169111,N,N
106,169437,N,N
106,169757,N,N
106,170091,N,N
106,170466,N,N
106,170824,N,N
106,171158,N,N
106,171484,N,N
106,171830,N,N
106,172200,N,N
106,172563,N,N
106,172909,N,N
106,173258,N,N
106,173599,N,N
106,173919,N,N
106,174234,N,N
106,174557,N,N
106,174888,N,N
106,175187,N,N
106,175490,N,N
106,175783,N,N
106,176070,N,N
106,176383,N,N
106,176700,N,N
106,177016,N,N
106,177330,N,N
106,177617,N,N
106,177888,N,N
106,178186,N,N
106,178495,N,N
106,178832,N,N
106,179177,N,N
106,179502,N,N
106,179810,N,N
106,180122,N,N
106,180442,N,N
106,180781,N,N
106,181141,N,N
106,181501,N,N
106,181831,N,N
106,182146,N,N
106,182464,N,N
106,182784,N,N
106,183104,N,N
106,183435,N,N
106,183777,N,N
106,184117,N,N
106,184431,N,N
106,184751,N,N
106,185091,N,N
106,185453,N,N
106,185806,N,N
106,186148,N,N
106,186495,N,N
106,186821,N,N
106,187148,N,N
106,187508,N,N
106,187851,N,N
106,188209,N,N
106,188549,N,N
106,188871,N,N
106,189197,N,N
106,189514,N,N
106,189834,N,N
106,190151,N,N
106,190481,N,N
106,190787,N,N
106,191105,N,N
106,191451,N,N
106,191814,N,N
106,192181,N,N
106,192549,N,N
106,192904,N,N
106,193232,N,N
106,193566,N,N
106,193912,N,N
106,194255,N,N
106,194606,N,N
106,194956,N,N
106,195281,N,N
106,195604,N,N
106,195962,N,N
106,196323,N,N
106,196685,N,N
106,197050,N,N
106,197399,N,N
106,197735,N,N
106,198069,N,N
106,198412,N,N
106,198763,N,N
106,199135,N,N
106,199484,N,N
106,199803,N,N
106,200137,N,N
106,200495,N,N
106,200856,N,N
106,201216,N,N
106,201548,N,N
106,201858,N,N
106,202167,N,N
106,202479,N,N
106,202778,N,N
106,203083,N,N
106,203388,N,N
106,203682,N,N
106,203971,N,N
106,204264,N,N
106,204577,N,N
106,204917,N,N
106,205294,N,N
106,205666,N,N
106,206010,N,N
106,206359,N,N
106,206703,N,N
106,207067,N,N
106,207461,N,N
106,207831,N,N
106,208182,N,N
106,208530,N,N
106,208889,N,N
106,209250,N,N
106,209614,N,N
106,209970,N,N
106,210305,N,N
106,210642,N,N
106,210989,N,N
106,211353,N,N
106,211714,N,N
106,212080,N,N
106,212421,N,N
106,212755,N,N
106,213115,N,N
106,213473,N,N
106,213828,N,N
106,214184,N,N
106,214524,N,N
106,214817,N,N
106,215131,N,N
106,215477,N,N
106,215842,N,N
106,216204,N,N
106,216534,N,N
106,216849,N,N
106,217159,N,N
106,217486,N,N
106,217812,N,N
106,218136,N,N
106,218463,N,N
106,218793,N,N
106,219122,N,N
106,219450,N,N
106,219789,N,N
106,220142,N,N
106,220517,N,N
106,220877,N,N
106,221225,N,N
106,221597,N,N
106,221990,N,N
106,222392,N,N
106,222773,N,N
106,223138,N,N
106,223497,N,N
106,223843,N,N
106,224204,N,N
106,224563,N,N
106,224898,N,N
106,225229,N,N
106,225549,N,N
106,225857,N,N
106,226176,N,N
106,226496,N,N
106,226821,N,N
106,227130,N,N
106,227420,N,N
106,227719,N,N
106,228014,N,N
106,228338,N,N
106,228677,N,N
106,229005,N,N
106,229332,N,N
106,229669,N,N
106,229987,N,N
106,230288,N,N
106,230594,N,N
106,230926,N,N
106,231266,N,N
106,231610,N,N
106,231944,N,N
106,232246,N,N
106,232565,N,N
106,232910,N,N
106,233259,N,N
106,233596,N,N
106,233921,N,N
106,234243,N,N
106,234569,N,N
106,234891,N,N
106,235228,N,N
106,235577,N,N
106,235934,N,N
106,236268,N,N
106,236594,N,N
106,236909,N,N
106,237236,N,N
106,237582,N,N
106,237933,N,N
106,238245,N,N
106,238565,N,N
106,238896,N,N
106,239256,N,N
106,239617,N,N
106,239960,N,N
106,240279,N,N
106,240574,N,N
106,240863,N,N
106,241171,N,N
106,241514,N,N
106,241866,N,N
106,242232,N,N
106,242598,N,N
106,242961,N,N
106,243304,N,N
106,243662,N,N
106,244021,N,N
106,244356,N,N
106,244698,N,N
106,245030,N,N
106,245367,N,N
106,245723,N,N
106,246073,N,N
106,246414,N,N
106,246748,N,N
106,247045,N,N
106,247339,N,N
106,247637,N,N
106,247951,N,N
106,248257,N,N
106,248563,N,N
106,248862,N,N
106,249161,N,N
106,249457,N,N
106,249743,N,N
106,250043,N,N
106,250353,N,N
106,250653,N,N
106,250959,N,N
106,251236,N,N
106,251519,N,N
106,251813,N,N
106,252118,N,N
106,252475,N,N
106,252829,N,N
106,253162,N,N
106,253472,N,N
106,253762,N,N
106,254064,N,N
106,254357,N,N
106,254669,N,N
106,254996,N,N
106,255307,N,N
106,255614,N,N
106,255919,N,N
106,256105,V,V
106,256508,N,N
106,256810,N,N
106,257112,N,N
106,257403,N,N
106,257583,V,V
106,257959,N,N
106,258138,V,V
106,258533,N,N
106,258715,V,V
106,259127,N,N
106,259418,N,N
106,259601,V,V
106,259991,N,N
106,260167,V,V
106,260596,N,N
106,260888,N,N
106,261167,N,N
106,261479,N,N
106,261667,V,V
106,262044,N,N
106,262314,N,N
106,262577,N,N
106,262749,V,V
106,262918,V,V
106,263355,N,N
106,263646,N,N
106,263825,V,V
106,264211,N,N
106,264385,V,V
106,264759,N,N
106,265041,N,N
106,265336,N,N
106,265523,V,V
106,265932,N,N
106,266211,N,N
106,266387,V,V
106,266557,V,V
106,266939,N,N
106,267120,V,V
106,267492,N,N
106,267761,N,N
106,267946,V,V
106,268130,V,V
106,268507,N,N
106,268678,V,V
106,269003,N,N
106,269191,V,V
106,269526,N,N
106,269719,V,V
106,270043,N,N
106,270225,V,V
106,270547,N,N
106,270721,V,V
106,271027,N,N
106,271192,V,V
106,271515,N,N
106,271687,V,V
106,272046,N,N
106,272220,V,V
106,272579,N,N
106,272749,V,V
106,273080,N,N
106,273242,V,V
106,273592,N,N
106,273767,V,V
106,274133,N,N
106,274313,V,V
106,274683,N,N
106,274849,V,V
106,275191,N,N
106,275361,V,V
106,275687,N,N
106,275876,V,V
106,276204,N,N
106,276380,V,V
106,276719,N,N
106,276897,V,V
106,277226,N,N
106,277390,V,V
106,277719,N,N
106,277883,V,V
106,278233,N,N
106,278414,V,V
106,278770,N,N
106,278942,V,V
106,279270,N,N
106,279430,V,V
106,279740,N,N
106,279900,V,V
106,280228,N,N
106,280401,V,V
106,280728,N,N
106,280901,V,V
106,281224,N,N
106,281389,V,V
106,281707,N,N
106,281866,V,V
106,282203,N,N
106,282362,V,V
106,282714,N,N
106,282884,V,V
106,283228,N,N
106,283401,V,V
106,283714,N,N
106,283872,V,V
106,284183,N,N
106,284353,V,V
106,284690,N,N
106,284862,V,V
106,285200,N,N
106,285364,V,V
106,285694,N,N
106,285848,V,V
106,286168,N,N
106,286331,V,V
106,286663,N,N
106,286830,V,V
106,287182,N,N
106,287355,V,V
106,287720,N,N
106,287882,V,V
106,288230,N,N
106,288389,V,V
106,288744,N,N
106,288916,V,V
106,289296,N,N
106,289477,V,V
106,289830,N,N
106,289996,V,V
106,290318,N,N
106,290487,V,V
106,290817,N,N
106,290993,V,V
106,291330,N,N
106,291509,V,V
106,291843,N,N
106,292014,V,V
106,292336,N,N
106,292503,V,V
106,292835,N,N
106,293002,V,V
106,293365,N,N
106,293539,V,V
106,293921,N,N
106,294108,V,V
106,294443,N,N
106,294622,V,V
106,294948,N,N
106,295133,V,V
106,295466,N,N
106,295665,V,V
106,296005,N,N
106,296184,V,V
106,296534,N,N
106,296701,V,V
106,297054,N,N
106,297223,V,V
106,297611,N,N
106,297789,V,V
106,298206,N,N
106,298385,V,V
106,298793,N,N
106,298961,V,V
106,299365,N,N
106,299539,V,V
106,299996,N,N
106,300180,V,V
106,300609,N,N
106,300786,V,V
106,301211,N,N
106,301387,V,V
106,301826,N,N
106,302009,V,V
106,302442,N,N
106,302631,V,V
106,303032,N,N
106,303209,V,V
106,303575,N,N
106,303753,V,V
106,304158,N,N
106,304343,V,V
106,304782,N,N
106,304967,V,V
106,305378,N,N
106,305550,V,V
106,305972,N,N
106,306162,V,V
106,306598,N,N
106,306790,V,V
106,307187,N,N
106,307378,V,V
106,307750,N,N
106,307931,V,V
106,308343,N,N
106,308531,V,V
106,308961,N,N
106,309157,V,V
106,309569,N,N
106,309742,V,V
106,310134,N,N
106,310326,V,V
106,310721,N,N
106,310919,V,V
106,311314,N,N
106,311497,V,V
106,311872,N,N
106,312048,V,V
106,312215,V,V
106,312638,N,N
106,312815,V,V
106,313216,N,N
106,313398,V,V
106,313583,V,V
106,313994,N,N
106,314152,V,V
106,314546,N,N
106,314722,V,V
106,315115,N,N
106,315317,V,V
106,315692,N,N
106,315880,V,V
106,316221,N,N
106,316392,V,V
106,316749,N,N
106,316933,V,V
106,317315,N,N
106,317493,V,V
106,317873,N,N
106,318049,V,V
106,318436,N,N
106,318609,V,V
106,318997,N,N
106,319176,V,V
106,319583,N,N
106,319781,V,V
106,320165,N,N
106,320343,V,V
106,320689,N,N
106,320949,N,N
106,321140,V,V
106,321324,V,V
106,321758,N,N
106,321945,V,V
106,322330,N,N
106,322512,V,V
106,322885,N,N
106,323064,V,V
106,323472,N,N
106,323673,V,V
106,324066,N,N
106,324349,N,N
106,324616,N,N
106,324877,N,N
106,325060,V,V
106,325229,V,V
106,325622,N,N
106,325910,N,N
106,326191,N,N
106,326463,N,N
106,326644,V,V
106,327026,N,N
106,327201,V,V
106,327578,N,N
106,327798,V,V
106,328157,N,N
106,328438,N,N
106,328621,V,V
106,328790,V,V
106,329208,N,N
106,329390,V,V
106,329766,N,N
106,329977,V,V
106,330368,N,N
106,330650,N,N
106,330946,N,N
106,331240,N,N
106,331550,N,N
106,331727,V,V
106,332173,N,N
106,332514,N,N
106,332837,N,N
106,333164,N,N
106,333515,N,N
106,333836,N,N
106,334166,N,N
106,334515,N,N
106,334854,N,N
106,335177,N,N
106,335496,N,N
106,335796,N,N
106,336107,N,N
106,336422,N,N
106,336750,N,N
106,337067,N,N
106,337361,N,N
106,337655,N,N
106,337947,N,N
106,338235,N,N
106,338551,N,N
106,338874,N,N
106,339186,N,N
106,339505,N,N
106,339819,N,N
106,340122,N,N
106,340437,N,N
106,340780,N,N
106,341115,N,N
106,341456,N,N
106,341799,N,N
106,342110,N,N
106,342430,N,N
106,342773,N,N
106,343110,N,N
106,343449,N,N
106,343772,N,N
106,344088,N,N
106,344406,N,N
106,344704,N,N
106,345022,N,N
106,345357,N,N
106,345683,N,N
106,346011,N,N
106,346322,N,N
106,346615,N,N
106,346899,N,N
106,347169,N,N
106,347457,N,N
106,347753,N,N
106,347955,V,V
106,348121,V,V
106,348514,N,N
106,348695,V,V
106,349047,N,N
106,349247,V,V
106,349589,N,N
106,349772,V,V
106,350124,N,N
106,350322,V,V
106,350657,N,N
106,350904,N,N
106,351083,V,V
106,351245,V,V
106,351652,N,N
106,351850,V,V
106,352243,N,N
106,352514,N,N
106,352780,N,N
106,352956,V,V
106,353107,V,V
106,353546,N,N
106,353743,V,V
106,354156,N,N
106,354350,V,V
106,354748,N,N
106,355013,N,N
106,355273,N,N
106,355537,N,N
106,355810,N,N
106,356114,N,N
106,356424,N,N
106,356611,V,V
106,357013,N,N
106,357301,N,N
106,357572,N,N
106,357875,N,N
106,358213,N,N
106,358410,V,V
106,358830,N,N
106,359135,N,N
106,359417,N,N
106,359603,V,V
106,359769,V,V
106,360202,N,N
106,360397,V,V
106,360817,N,N
106,361113,N,N
106,361386,N,N
106,361564,V,V
106,361721,V,V
106,362144,N,N
106,362335,V,V
106,362777,N,N
106,363076,N,N
106,363365,N,N
106,363646,N,N
106,363922,N,N
106,364198,N,N
106,364482,N,N
106,364788,N,N
106,365084,N,N
106,365375,N,N
106,365676,N,N
106,365969,N,N
106,366246,N,N
106,366521,N,N
106,366816,N,N
106,367131,N,N
106,367442,N,N
106,367732,N,N
106,368015,N,N
106,368302,N,N
106,368594,N,N
106,368896,N,N
106,369202,N,N
106,369504,N,N
106,369794,N,N
106,370090,N,N
106,370399,N,N
106,370704,N,N
106,371019,N,N
106,371348,N,N
106,371665,N,N
106,371991,N,N
106,372305,N,N
106,372594,N,N
106,372922,N,N
106,373279,N,N
106,373628,N,N
106,373941,N,N
106,374246,N,N
106,374526,N,N
106,374816,N,N
106,375130,N,N
106,375473,N,N
106,375803,N,N
106,376161,N,N
106,376517,N,N
106,376842,N,N
106,377189,N,N
106,377550,N,N
106,377769,V,V
106,378246,N,N
106,378447,V,V
106,378856,N,N
106,379154,N,N
106,379454,N,N
106,379791,N,N
106,379989,V,V
106,380163,V,V
106,380625,N,N
106,380802,V,V
106,381244,N,N
106,381422,V,V
106,381587,V,V
106,382055,N,N
106,382255,V,V
106,382722,N,N
106,382901,V,V
106,383325,N,N
106,383507,V,V
106,383962,N,N
106,384153,V,V
106,384651,N,N
106,384834,V,V
106,385283,N,N
106,385466,V,V
106,385927,N,N
106,386109,V,V
106,386609,N,N
106,386797,V,V
106,387278,N,N
106,387456,V,V
106,387908,N,N
106,388105,V,V
106,388592,N,N
106,388792,V,V
106,389252,N,N
106,389598,N,N
106,389919,N,N
106,390108,V,V
106,390289,V,V
106,390780,N,N
106,390977,V,V
106,391457,N,N
106,391653,V,V
106,391821,V,V
106,392256,N,N
106,392450,V,V
106,392911,N,N
106,393111,V,V
106,393573,N,N
106,393902,N,N
106,394083,V,V
106,394525,N,N
106,394868,N,N
106,395075,V,V
106,395262,V,V
106,395715,N,N
106,395911,V,V
106,396343,N,N
106,396528,V,V
106,396977,N,N
106,397172,V,V
106,397648,N,N
106,397996,N,N
106,398180,V,V
106,398358,V,V
106,398815,N,N
106,399000,V,V
106,399493,N,N
106,399869,N,N
106,400210,N,N
106,400565,N,N
106,400759,V,V
106,401234,N,N
106,401621,N,N
106,401980,N,N
106,402358,N,N
106,402552,V,V
106,403003,N,N
106,403354,N,N
106,403563,V,V
106,403755,V,V
106,404238,N,N
106,404438,V,V
106,404874,N,N
106,405059,V,V
106,405507,N,N
106,405730,V,V
106,406196,N,N
106,406537,N,N
106,406733,V,V
106,406911,V,V
106,407349,N,N
106,407531,V,V
106,407994,N,N
106,408326,N,N
106,408524,V,V
106,408707,V,V
106,409137,N,N
106,409310,V,V
106,409759,N,N
106,409952,V,V
106,410410,N,N
106,410603,V,V
106,411048,N,N
106,411228,V,V
106,411647,N,N
106,411830,V,V
106,412275,N,N
106,412468,V,V
106,412937,N,N
106,413117,V,V
106,413545,N,N
106,413724,V,V
106,414181,N,N
106,414375,V,V
106,414854,N,N
106,415043,V,V
106,415490,N,N
106,415669,V,V
106,416125,N,N
106,416321,V,V
106,416783,N,N
106,416978,V,V
106,417433,N,N
106,417616,V,V
106,418055,N,N
106,418235,V,V
106,418700,N,N
106,418900,V,V
106,419368,N,N
106,419551,V,V
106,419996,N,N
106,420172,V,V
106,420622,N,N
106,420819,V,V
106,421291,N,N
106,421475,V,V
106,421926,N,N
106,422109,V,V
106,422540,N,N
106,422720,V,V
106,423197,N,N
106,423385,V,V
106,423846,N,N
106,424031,V,V
106,424473,N,N
106,424653,V,V
106,425135,N,N
106,425330,V,V
106,425800,N,N
106,425984,V,V
106,426415,N,N
106,426598,V,V
106,427040,N,N
106,427235,V,V
106,427682,N,N
106,428029,N,N
106,428376,N,N
106,428567,V,V
106,428996,N,N
106,429334,N,N
106,429690,N,N
106,430034,N,N
106,430234,V,V
106,430676,N,N
106,431023,N,N
106,431370,N,N
106,431729,N,N
106,432092,N,N
106,432449,N,N
106,432794,N,N
106,433157,N,N
106,433354,V,V
106,433827,N,N
106,434228,N,N
106,434601,N,N
106,434967,N,N
106,435333,N,N
106,435527,V,V
106,436007,N,N
106,436394,N,N
106,436598,V,V
106,437054,N,N
106,437425,N,N
106,437617,V,V
106,438091,N,N
106,438296,V,V
106,438754,N,N
106,438974,V,V
106,439408,N,N
106,439596,V,V
106,439780,V,V
106,440248,N,N
106,440447,V,V
106,440928,N,N
106,441116,V,V
106,441568,N,N
106,441749,V,V
106,442204,N,N
106,442402,V,V
106,442881,N,N
106,443072,V,V
106,443535,N,N
106,443716,V,V
106,444163,N,N
106,444354,V,V
106,444823,N,N
106,445186,N,N
106,445386,V,V
106,445817,N,N
106,446000,V,V
106,446447,N,N
106,446651,V,V
106,447085,N,N
106,447286,V,V
106,447679,N,N
106,447867,V,V
106,448294,N,N
106,448625,N,N
106,448824,V,V
106,449288,N,N
106,449497,V,V
106,449961,N,N
106,450140,V,V
106,450571,N,N
106,450762,V,V
106,451233,N,N
106,451593,N,N
106,451792,V,V
106,452236,N,N
106,452585,N,N
106,452777,V,V
106,453263,N,N
106,453460,V,V
106,453954,N,N
106,454149,V,V
106,454605,N,N
106,454794,V,V
106,455269,N,N
106,455470,V,V
106,455958,N,N
106,456156,V,V
106,456607,N,N
106,456789,V,V
106,457256,N,N
106,457462,V,V
106,457939,N,N
106,458137,V,V
106,458600,N,N
106,458785,V,V
106,459217,N,N
106,459543,N,N
106,459895,N,N
106,460098,V,V
106,460583,N,N
106,460935,N,N
106,461270,N,N
106,461646,N,N
106,462055,N,N
106,462436,N,N
106,462826,N,N
106,463210,N,N
106,463594,N,N
106,463964,N,N
106,464358,N,N
106,464753,N,N
106,465135,N,N
106,465504,N,N
106,465879,N,N
106,466295,N,N
106,466701,N,N
106,467086,N,N
106,467452,N,N
106,467844,N,N
106,468248,N,N
106,468625,N,N
106,469011,N,N
106,469379,N,N
106,469758,N,N
106,470139,N,N
106,470523,N,N
106,470923,N,N
106,471280,N,N
106,471630,N,N
106,472017,N,N
106,472405,N,N
106,472777,N,N
106,473161,N,N
106,473528,N,N
106,473893,N,N
106,474239,N,N
106,474595,N,N
106,474987,N,N
106,475404,N,N
106,475811,N,N
106,476210,N,N
106,476609,N,N
106,477011,N,N
106,477417,N,N
106,477810,N,N
106,478186,N,N
106,478548,N,N
106,478946,N,N
106,479350,N,N
106,479741,N,N
106,480157,N,N
106,480525,N,N
106,480891,N,N
106,481278,N,N
106,481684,N,N
106,482100,N,N
106,482465,N,N
106,482856,N,N
106,483247,N,N
106,483657,N,N
106,484024,N,N
106,484387,N,N
106,484754,N,N
106,485114,N,N
106,485451,N,N
106,485814,N,N
106,486203,N,N
106,486575,N,N
106,486920,N,N
106,487281,N,N
106,487632,N,N
106,488036,N,N
106,488404,N,N
106,488777,N,N
106,489159,N,N
106,489515,N,N
106,489903,N,N
106,490297,N,N
106,490658,N,N
106,491007,N,N
106,491365,N,N
106,491725,N,N
106,492105,N,N
106,492498,N,N
106,492881,N,N
106,493242,N,N
106,493581,N,N
106,493930,N,N
106,494290,N,N
106,494664,N,N
106,495055,N,N
106,495412,N,N
106,495772,N,N
106,496151,N,N
106,496537,N,N
106,496929,N,N
106,497312,N,N
106,497671,N,N
106,498015,N,N
106,498354,N,N
106,498710,N,N
106,499063,N,N
106,499430,N,N
106,499793,N,N
106,500132,N,N
106,500498,N,N
106,500893,N,N
106,501269,N,N
106,501647,N,N
106,502007,N,N
106,502351,N,N
106,502721,N,N
106,503121,N,N
106,503523,N,N
106,503919,N,N
106,504293,N,N
106,504701,N,N
106,505109,N,N
106,505518,N,N
106,505915,N,N
106,506283,N,N
106,506658,N,N
106,507039,N,N
106,507438,N,N
106,507860,N,N
106,508242,N,N
106,508633,N,N
106,509017,N,N
106,509414,N,N
106,509828,N,N
106,510218,N,N
106,510603,N,N
106,510953,N,N
106,511348,N,N
106,511749,N,N
106,512125,N,N
106,512474,N,N
106,512787,N,N
106,513098,N,N
106,513402,N,N
106,513721,N,N
106,514036,N,N
106,514337,N,N
106,514636,N,N
106,514928,N,N
106,515230,N,N
106,515532,N,N
106,515843,N,N
106,516145,N,N
106,516453,N,N
106,516779,N,N
106,516966,V,V
106,517393,N,N
106,517707,N,N
106,517903,V,V
106,518363,N,N
106,518712,N,N
106,518900,V,V
106,519327,N,N
106,519526,V,V
106,519948,N,N
106,520159,V,V
106,520592,N,N
106,520784,V,V
106,520961,V,V
106,521410,N,N
106,521581,V,V
106,522038,N,N
106,522222,V,V
106,522692,N,N
106,522886,V,V
106,523339,N,N
106,523512,V,V
106,523932,N,N
106,524111,V,V
106,524593,N,N
106,524792,V,V
106,525253,N,N
106,525436,V,V
106,525885,N,N
106,526060,V,V
106,526517,N,N
106,526709,V,V
106,527179,N,N
106,527372,V,V
106,527798,N,N
106,527974,V,V
106,528381,N,N
106,528564,V,V
106,529019,N,N
106,529210,V,V
106,529671,N,N
106,529847,V,V
106,530284,N,N
106,530461,V,V
106,530923,N,N
106,531116,V,V
106,531590,N,N
106,531779,V,V
106,532223,N,N
106,532398,V,V
106,532810,N,N
106,532997,V,V
106,533447,N,N
106,533637,V,V
106,534071,N,N
106,534246,V,V
106,534634,N,N
106,534815,V,V
106,535257,N,N
106,535442,V,V
106,535903,N,N
106,536087,V,V
106,536518,N,N
106,536698,V,V
106,537159,N,N
106,537357,V,V
106,537823,N,N
106,538016,V,V
106,538457,N,N
106,538638,V,V
106,539065,N,N
106,539257,V,V
106,539703,N,N
106,540036,N,N
106,540229,V,V
106,540420,V,V
106,540870,N,N
106,541055,V,V
106,541489,N,N
106,541810,N,N
106,542006,V,V
106,542194,V,V
106,542661,N,N
106,542836,V,V
106,543274,N,N
106,543449,V,V
106,543906,N,N
106,544110,V,V
106,544571,N,N
106,544770,V,V
106,545195,N,N
106,545374,V,V
106,545788,N,N
106,545986,V,V
106,546165,V,V
106,546631,N,N
106,546813,V,V
106,547268,N,N
106,547444,V,V
106,547863,N,N
106,548044,V,V
106,548506,N,N
106,548697,V,V
106,549133,N,N
106,549313,V,V
106,549737,N,N
106,549915,V,V
106,550357,N,N
106,550551,V,V
106,550993,N,N
106,551181,V,V
106,551597,N,N
106,551774,V,V
106,552196,N,N
106,552382,V,V
106,552839,N,N
106,553033,V,V
106,553492,N,N
106,553677,V,V
106,554115,N,N
106,554299,V,V
106,554758,N,N
106,554954,V,V
106,555425,N,N
106,555613,V,V
106,556035,N,N
106,556218,V,V
106,556678,N,N
106,556879,V,V
106,557337,N,N
106,557527,V,V
106,557973,N,N
106,558173,V,V
106,558593,N,N
106,558775,V,V
106,559248,N,N
106,559451,V,V
106,559923,N,N
106,560105,V,V
106,560287,V,V
106,560730,N,N
106,560919,V,V
106,561382,N,N
106,561582,V,V
106,561759,V,V
106,562230,N,N
106,562410,V,V
106,562879,N,N
106,563065,V,V
106,563243,V,V
106,563759,N,N
106,564145,N,N
106,564497,N,N
106,564687,V,V
106,564853,V,V
106,565339,N,N
106,565756,N,N
106,565959,V,V
106,566139,V,V
106,566620,N,N
106,566798,V,V
106,566969,V,V
106,567457,N,N
106,567850,N,N
106,568197,N,N
106,568562,N,N
106,568757,V,V
106,568930,V,V
106,569392,N,N
106,569787,N,N
106,570197,N,N
106,570594,N,N
106,570977,N,N
106,571390,N,N
106,571770,N,N
106,572127,N,N
106,572496,N,N
106,572898,N,N
106,573260,N,N
106,573649,N,N
106,574070,N,N
106,574479,N,N
106,574893,N,N
106,575311,N,N
106,575737,N,N
106,576185,N,N
106,576618,N,N
106,577058,N,N
106,577458,N,N
106,577858,N,N
106,578240,N,N
106,578656,N,N
106,579103,N,N
106,579528,N,N
106,579873,N,N
106,580227,N,N
106,580604,N,N
106,580952,N,N
106,581292,N,N
106,581505,V,V
106,581686,V,V
106,582134,N,N
106,582480,N,N
106,582836,N,N
106,583183,N,N
106,583391,V,V
106,583578,V,V
106,584064,N,N
106,584460,N,N
106,584865,N,N
106,585074,V,V
106,585266,V,V
106,585778,N,N
106,586184,N,N
106,586376,V,V
106,586550,V,V
106,587071,N,N
106,587510,N,N
106,587713,V,V
106,587897,V,V
106,588394,N,N
106,588831,N,N
106,589023,V,V
106,589216,V,V
106,589757,N,N
106,589948,V,V
106,590128,V,V
106,590618,N,N
106,591021,N,N
106,591216,V,V
106,591396,V,V
106,591926,N,N
106,592352,N,N
106,592541,V,V
106,592712,V,V
106,593213,N,N
106,593646,N,N
106,593850,V,V
106,594033,V,V
106,594550,N,N
106,594966,N,N
106,595155,V,V
106,595323,V,V
106,595846,N,N
106,596305,N,N
106,596500,V,V
106,596681,V,V
106,597174,N,N
106,597364,V,V
106,597537,V,V
106,598061,N,N
106,598523,N,N
106,598719,V,V
106,598900,V,V
106,599388,N,N
106,599565,V,V
106,599737,V,V
106,600277,N,N
106,600707,N,N
106,600906,V,V
106,601078,V,V
106,601572,N,N
106,601984,N,N
106,602185,V,V
106,602372,V,V
106,602902,N,N
106,603298,N,N
106,603487,V,V
106,603658,V,V
106,604146,N,N
106,604570,N,N
106,604773,V,V
106,604958,V,V
106,605452,N,N
106,605834,N,N
106,606024,V,V
106,606203,V,V
106,606699,N,N
106,607133,N,N
106,607330,V,V
106,607521,V,V
106,607993,N,N
106,608179,V,V
106,608353,V,V
106,608853,N,N
106,609042,V,V
106,609229,V,V
106,609708,N,N
106,609895,V,V
106,610319,N,N
106,610510,V,V
106,610682,V,V
106,611163,N,N
106,611355,V,V
106,611528,V,V
106,611988,N,N
106,612166,V,V
106,612630,N,N
106,612822,V,V
106,613029,V,V
106,613516,N,N
106,613704,V,V
106,614170,N,N
106,614511,N,N
106,614694,V,V
106,615159,N,N
106,615527,N,N
106,615730,V,V
106,616211,N,N
106,616564,N,N
106,616750,V,V
106,616931,V,V
106,617447,N,N
106,617876,N,N
106,618074,V,V
106,618560,N,N
106,618757,V,V
106,618940,V,V
106,619451,N,N
106,619877,N,N
106,620082,V,V
106,620275,V,V
106,620775,N,N
106,621146,N,N
106,621340,V,V
106,621523,V,V
106,622062,N,N
106,622475,N,N
106,622845,N,N
106,623040,V,V
106,623224,V,V
106,623724,N,N
106,624132,N,N
106,624339,V,V
106,624521,V,V
106,625017,N,N
106,625370,N,N
106,625559,V,V
106,626017,N,N
106,626238,V,V
106,626675,N,N
106,626983,N,N
106,627318,N,N
106,627629,N,N
106,627831,V,V
106,628008,V,V
106,628493,N,N
106,628697,V,V
106,629117,N,N
106,629405,N,N
106,629680,N,N
106,629971,N,N
106,630258,N,N
106,630568,N,N
106,630774,V,V
106,630950,V,V
106,631401,N,N
106,631585,V,V
106,631982,N,N
106,632305,N,N
106,632510,V,V
106,632695,V,V
106,633131,N,N
106,633326,V,V
106,633703,N,N
106,633883,V,V
106,634048,V,V
106,634470,N,N
106,634660,V,V
106,635076,N,N
106,635269,V,V
106,635655,N,N
106,635836,V,V
106,636227,N,N
106,636406,V,V
106,636840,N,N
106,637038,V,V
106,637473,N,N
106,637662,V,V
106,638078,N,N
106,638257,V,V
106,638661,N,N
106,638856,V,V
106,639301,N,N
106,639491,V,V
106,639899,N,N
106,640085,V,V
106,640262,V,V
106,640692,N,N
106,640877,V,V
106,641308,N,N
106,641617,N,N
106,641807,V,V
106,641989,V,V
106,642400,N,N
106,642572,V,V
106,642969,N,N
106,643157,V,V
106,643560,N,N
106,643761,V,V
106,644140,N,N
106,644413,N,N
106,644600,V,V
106,644768,V,V
106,645187,N,N
106,645388,V,V
106,645801,N,N
106,645996,V,V
106,646177,V,V
106,646616,N,N
106,646915,N,N
106,647223,N,N
106,647570,N,N
106,647778,V,V
106,648265,N,N
106,648622,N,N
106,648968,N,N
106,649162,V,V
106,649340,V,V
106,649791,N,N
108,88,N,N
108,442,N,N
108,789,N,N
108,1155,N,N
108,1493,N,N
108,1821,N,N
108,2157,N,N
108,2517,N,N
108,2889,N,N
108,3238,N,N
108,3593,N,N
108,3924,N,N
108,4105,V,V
108,4602,N,N
108,4971,N,N
108,5350,N,N
108,5715,N,N
108,6115,N,N
108,6479,N,N
108,6886,N,N
108,7287,N,N
108,7687,N,N
108,8056,N,N
108,8432,N,N
108,8804,N,N
108,9196,N,N
108,9586,N,N
108,9963,N,N
108,10325,N,N
108,10696,N,N
108,10876,V,V
108,11453,N,N
108,11819,N,N
108,12174,N,N
108,12509,N,N
108,12856,N,N
108,13236,N,N
108,13644,N,N
108,14073,N,N
108,14467,N,N
108,14847,N,N
108,15222,N,N
108,15620,N,N
108,16018,N,N
108,16403,N,N
108,16788,N,N
108,17161,N,N
108,17534,N,N
108,17932,N,N
108,18327,N,N
108,18685,N,N
108,19045,N,N
108,19416,N,N
108,19802,N,N
108,20193,N,N
108,20586,N,N
108,20942,N,N
108,21308,N,N
108,21676,N,N
108,22054,N,N
108,22427,N,N
108,22794,N,N
108,23189,N,N
108,23610,N,N
108,24037,N,N
108,24454,N,N
108,24850,N,N
108,25232,N,N
108,25617,N,N
108,25991,N,N
108,26386,N,N
108,26787,N,N
108,27181,N,N
108,27545,N,N
108,27926,N,N
108,28313,N,N
108,28717,N,N
108,29100,N,N
108,29455,N,N
108,29796,N,N
108,30150,N,N
108,30545,N,N
108,30976,N,N
108,31420,N,N
108,31855,N,N
108,32262,N,N
108,32698,N,N
108,33121,N,N
108,33513,N,N
108,33889,N,N
108,34259,N,N
108,34625,N,N
108,35018,N,N
108,35414,N,N
108,35764,N,N
108,36115,N,N
108,36473,N,N
108,36849,N,N
108,37297,N,N
108,37781,N,N
108,38198,N,N
108,38590,N,N
108,38991,N,N
108,39388,N,N
108,39780,N,N
108,40170,N,N
108,40538,N,N
108,40915,N,N
108,41308,N,N
108,41701,N,N
108,42092,N,N
108,42468,N,N
108,42839,N,N
108,43221,N,N
108,43618,N,N
108,44008,N,N
108,44391,N,N
108,44777,N,N
108,45147,N,N
108,45518,N,N
108,45906,N,N
108,46305,N,N
108,46660,N,N
108,47006,N,N
108,47352,N,N
108,47727,N,N
108,48194,N,N
108,48638,N,N
108,49009,N,N
108,49393,N,N
108,49781,N,N
108,50177,N,N
108,50545,N,N
108,50914,N,N
108,51267,N,N
108,51623,N,N
108,52009,N,N
108,52396,N,N
108,52775,N,N
108,53149,N,N
108,53501,N,N
108,53865,N,N
108,54260,N,N
108,54662,N,N
108,55039,N,N
108,55411,N,N
108,55782,N,N
108,56173,N,N
108,56565,N,N
108,56968,N,N
108,57329,N,N
108,57712,N,N
108,58080,N,N
108,58484,N,N
108,58867,N,N
108,59289,N,N
108,59649,N,N
108,60002,N,N
108,60370,N,N
108,60787,N,N
108,61180,N,N
108,61581,N,N
108,61953,N,N
108,62322,N,N
108,62698,N,N
108,63108,N,N
108,63491,N,N
108,63872,N,N
108,64247,N,N
108,64615,N,N
108,64995,N,N
108,65393,N,N
108,65792,N,N
108,66159,N,N
108,66541,N,N
108,66912,N,N
108,67296,N,N
108,67685,N,N
108,68075,N,N
108,68451,N,N
108,68799,N,N
108,69173,N,N
108,69528,N,N
108,69921,N,N
108,70276,N,N
108,70727,N,N
108,71158,N,N
108,71628,N,N
108,72057,N,N
108,72458,N,N
108,72839,N,N
108,73220,N,N
108,73604,N,N
108,74004,N,N
108,74393,N,N
108,74779,N,N
108,75132,N,N
108,75511,N,N
108,75893,N,N
108,76309,N,N
108,76703,N,N
108,77062,N,N
108,77435,N,N
108,77829,N,N
108,78197,N,N
108,78592,N,N
108,78977,N,N
108,79338,N,N
108,79724,N,N
108,80112,N,N
108,80492,N,N
108,80860,N,N
108,81217,N,N
108,81557,N,N
108,81901,N,N
108,82281,N,N
108,82675,N,N
108,83134,N,N
108,83545,N,N
108,83824,V,V
108,84360,N,N
108,84809,N,N
108,85225,N,N
108,85583,N,N
108,85966,N,N
108,86317,N,N
108,86710,N,N
108,87078,N,N
108,87466,N,N
108,87837,N,N
108,88216,N,N
108,88598,N,N
108,88987,N,N
108,89411,N,N
108,89812,N,N
108,90197,N,N
108,90563,N,N
108,90960,N,N
108,91358,N,N
108,91751,N,N
108,92122,N,N
108,92493,N,N
108,92866,N,N
108,93264,N,N
108,93626,N,N
108,94006,N,N
108,94366,N,N
108,94731,N,N
108,95073,N,N
108,95449,N,N
108,95873,N,N
108,96330,N,N
108,96765,N,N
108,97144,N,N
108,97562,N,N
108,97981,N,N
108,98352,N,N
108,98705,N,N
108,99067,N,N
108,99443,N,N
108,99837,N,N
108,100213,N,N
108,100582,N,N
108,100944,N,N
108,101307,N,N
108,101669,N,N
108,102038,N,N
108,102402,N,N
108,102775,N,N
108,103219,N,N
108,103622,N,N
108,104043,N,N
108,104459,N,N
108,104843,N,N
108,105227,N,N
108,105602,N,N
108,105983,N,N
108,106382,N,N
108,106797,N,N
108,107176,N,N
108,107330,V,V
108,107593,N,N
108,107948,N,N
108,108340,N,N
108,108737,N,N
108,109143,N,N
108,109534,N,N
108,109890,N,N
108,110301,N,N
108,110713,N,N
108,111101,N,N
108,111501,N,N
108,111863,N,N
108,112247,N,N
108,112653,N,N
108,113049,N,N
108,113436,N,N
108,113820,N,N
108,114200,N,N
108,114572,N,N
108,114991,N,N
108,115379,N,N
108,115770,N,N
108,116143,N,N
108,116524,N,N
108,116894,N,N
108,117314,N,N
108,117713,N,N
108,118096,N,N
108,118478,N,N
108,118872,N,N
108,119262,N,N
108,119678,N,N
108,120058,N,N
108,120427,N,N
108,120815,N,N
108,121217,N,N
108,121617,N,N
108,122010,N,N
108,122401,N,N
108,122743,N,N
108,123110,N,N
108,123491,N,N
108,123889,N,N
108,124265,N,N
108,124640,N,N
108,124999,N,N
108,125381,N,N
108,125766,N,N
108,126170,N,N
108,126542,N,N
108,126926,N,N
108,127308,N,N
108,127684,N,N
108,128085,N,N
108,128499,N,N
108,128859,N,N
108,129253,N,N
108,129627,N,N
108,130018,N,N
108,130421,N,N
108,130809,N,N
108,131189,N,N
108,131556,N,N
108,131950,N,N
108,132342,N,N
108,132736,N,N
108,133099,N,N
108,133456,N,N
108,133796,N,N
108,134161,N,N
108,134542,N,N
108,134927,N,N
108,135408,N,N
108,135847,N,N
108,136258,N,N
108,136659,N,N
108,137075,N,N
108,137448,N,N
108,137830,N,N
108,138216,N,N
108,138599,N,N
108,139014,N,N
108,139400,N,N
108,139773,N,N
108,140149,N,N
108,140538,N,N
108,140940,N,N
108,141329,N,N
108,141718,N,N
108,142094,N,N
108,142469,N,N
108,142884,N,N
108,143288,N,N
108,143692,N,N
108,144080,N,N
108,144465,N,N
108,144847,N,N
108,145268,N,N
108,145670,N,N
108,146060,N,N
108,146459,N,N
108,146841,N,N
108,147252,N,N
108,147663,N,N
108,148070,N,N
108,148451,N,N
108,148842,N,N
108,149237,N,N
108,149641,N,N
108,150057,N,N
108,150445,N,N
108,150825,N,N
108,151220,N,N
108,151612,N,N
108,152019,N,N
108,152405,N,N
108,152788,N,N
108,153143,N,N
108,153537,N,N
108,153921,N,N
108,154306,N,N
108,154673,N,N
108,155043,N,N
108,155415,N,N
108,155798,N,N
108,156213,N,N
108,156583,N,N
108,156945,N,N
108,157319,N,N
108,157701,N,N
108,158079,N,N
108,158473,N,N
108,158842,N,N
108,159200,N,N
108,159558,N,N
108,159958,N,N
108,160448,N,N
108,160892,N,N
108,161290,N,N
108,161684,N,N
108,162064,N,N
108,162463,N,N
108,162838,N,N
108,163229,N,N
108,163582,N,N
108,163942,N,N
108,164329,N,N
108,164722,N,N
108,165111,N,N
108,165493,N,N
108,165870,N,N
108,166247,N,N
108,166630,N,N
108,167033,N,N
108,167420,N,N
108,167784,N,N
108,168145,N,N
108,168523,N,N
108,168905,N,N
108,169304,N,N
108,169686,N,N
108,170047,N,N
108,170425,N,N
108,170801,N,N
108,171188,N,N
108,171581,N,N
108,171955,N,N
108,172326,N,N
108,172683,N,N
108,173070,N,N
108,173452,N,N
108,173824,N,N
108,174185,N,N
108,174536,N,N
108,174874,N,N
108,175254,N,N
108,175679,N,N
108,176132,N,N
108,176528,N,N
108,176909,N,N
108,177286,N,N
108,177682,N,N
108,178074,N,N
108,178437,N,N
108,178786,N,N
108,179155,N,N
108,179500,N,N
108,179844,N,N
108,180041,V,V
108,181027,N,N
108,181400,N,N
108,181790,N,N
108,182158,N,N
108,182556,N,N
108,182920,N,N
108,183273,N,N
108,183648,N,N
108,184038,N,N
108,184418,N,N
108,184796,N,N
108,185164,N,N
108,185508,N,N
108,185873,N,N
108,186356,N,N
108,186808,N,N
108,187213,N,N
108,187601,N,N
108,187978,N,N
108,188368,N,N
108,188775,N,N
108,189148,N,N
108,189502,N,N
108,189876,N,N
108,190235,N,N
108,190619,N,N
108,191003,N,N
108,191362,N,N
108,191697,N,N
108,192059,N,N
108,192429,N,N
108,192881,N,N
108,193342,N,N
108,193553,V,V
108,194133,N,N
108,194553,N,N
108,194944,N,N
108,195319,N,N
108,195696,N,N
108,196072,N,N
108,196433,N,N
108,196803,N,N
108,197180,N,N
108,197550,N,N
108,197906,N,N
108,198371,N,N
108,198826,N,N
108,199241,N,N
108,199660,N,N
108,200045,N,N
108,200415,N,N
108,200792,N,N
108,201187,N,N
108,201574,N,N
108,201971,N,N
108,202342,N,N
108,202704,N,N
108,203074,N,N
108,203467,N,N
108,203835,N,N
108,204214,N,N
108,204608,N,N
108,205063,N,N
108,205495,N,N
108,205731,V,V
108,206305,N,N
108,206704,N,N
108,207065,N,N
108,207434,N,N
108,207811,N,N
108,208205,N,N
108,208574,N,N
108,208929,N,N
108,209293,N,N
108,209649,N,N
108,210016,N,N
108,210460,N,N
108,210887,N,N
108,211265,N,N
108,211640,N,N
108,212015,N,N
108,212404,N,N
108,212809,N,N
108,213190,N,N
108,213547,N,N
108,213941,N,N
108,214332,N,N
108,214710,N,N
108,215094,N,N
108,215469,N,N
108,215837,N,N
108,216215,N,N
108,216619,N,N
108,216994,N,N
108,217354,N,N
108,217728,N,N
108,218073,N,N
108,218440,N,N
108,218906,N,N
108,219385,N,N
108,219806,N,N
108,220207,N,N
108,220597,N,N
108,220989,N,N
108,221206,V,V
108,221738,N,N
108,222085,N,N
108,222447,N,N
108,222805,N,N
108,223215,N,N
108,223664,N,N
108,224051,N,N
108,224436,N,N
108,224821,N,N
108,225226,N,N
108,225611,N,N
108,225999,N,N
108,226369,N,N
108,226742,N,N
108,227128,N,N
108,227530,N,N
108,227899,N,N
108,228274,N,N
108,228634,N,N
108,229005,N,N
108,229380,N,N
108,229755,N,N
108,230134,N,N
108,230481,N,N
108,230948,N,N
108,231371,N,N
108,231783,N,N
108,232181,N,N
108,232586,N,N
108,232964,N,N
108,233372,N,N
108,233748,N,N
108,234137,N,N
108,234516,N,N
108,234868,N,N
108,235230,N,N
108,235593,N,N
108,236000,N,N
108,236380,N,N
108,236750,N,N
108,237124,N,N
108,237487,N,N
108,237839,N,N
108,238302,N,N
108,238802,N,N
108,239205,N,N
108,239640,N,N
108,240024,N,N
108,240446,N,N
108,240857,N,N
108,241220,N,N
108,241587,N,N
108,241986,N,N
108,242385,N,N
108,242786,N,N
108,243162,N,N
108,243519,N,N
108,243881,N,N
108,244254,N,N
108,244655,N,N
108,245037,N,N
108,245427,N,N
108,245782,N,N
108,246151,N,N
108,246542,N,N
108,246948,N,N
108,247341,N,N
108,247732,N,N
108,248114,N,N
108,248503,N,N
108,248908,N,N
108,249312,N,N
108,249688,N,N
108,250054,N,N
108,250435,N,N
108,250822,N,N
108,251220,N,N
108,251606,N,N
108,251973,N,N
108,252321,N,N
108,252678,N,N
108,253029,N,N
108,253419,N,N
108,253873,N,N
108,254259,N,N
108,254623,N,N
108,255022,N,N
108,255412,N,N
108,255797,N,N
108,256157,N,N
108,256506,N,N
108,256842,N,N
108,257187,N,N
108,257615,N,N
108,257956,N,N
108,258301,N,N
108,258629,N,N
108,259090,N,N
108,259490,N,N
108,259930,N,N
108,260310,N,N
108,260665,N,N
108,261018,N,N
108,261386,N,N
108,261745,N,N
108,262114,N,N
108,262474,N,N
108,262958,N,N
108,263192,A,S
108,263670,N,N
108,264186,N,N
108,264555,N,N
108,264949,N,N
108,265315,N,N
108,265681,N,N
108,266082,N,N
108,266473,N,N
108,266848,N,N
108,267211,N,N
108,267557,N,N
108,267931,N,N
108,268510,N,N
108,268697,V,V
108,268976,N,N
108,269368,N,N
108,269782,N,N
108,270176,N,N
108,270574,N,N
108,270988,N,N
108,271373,N,N
108,271749,N,N
108,272129,N,N
108,272520,N,N
108,272906,N,N
108,273277,N,N
108,273633,N,N
108,273989,N,N
108,274451,N,N
108,274894,N,N
108,275301,N,N
108,275687,N,N
108,276052,N,N
108,276430,N,N
108,276816,N,N
108,277186,N,N
108,277565,N,N
108,277905,N,N
108,278289,N,N
108,278657,N,N
108,279048,N,N
108,279432,N,N
108,279793,N,N
108,280145,N,N
108,280500,N,N
108,280944,N,N
108,281419,N,N
108,281865,N,N
108,282251,N,N
108,282633,N,N
108,283030,N,N
108,283437,N,N
108,283831,N,N
108,284221,N,N
108,284593,N,N
108,284955,N,N
108,285350,N,N
108,285740,N,N
108,286128,N,N
108,286496,N,N
108,286861,N,N
108,287229,N,N
108,287614,N,N
108,287995,N,N
108,288349,N,N
108,288741,N,N
108,289160,N,N
108,289564,N,N
108,289944,N,N
108,290324,N,N
108,290678,N,N
108,291025,N,N
108,291381,N,N
108,291731,N,N
108,292106,N,N
108,292485,N,N
108,292846,N,N
108,293198,N,N
108,293555,N,N
108,293939,N,N
108,294300,N,N
108,294671,N,N
108,295039,N,N
108,295391,N,N
108,295739,N,N
108,296125,N,N
108,296514,N,N
108,296901,N,N
108,297264,N,N
108,297628,N,N
108,297982,N,N
108,298355,N,N
108,298742,N,N
108,299164,N,N
108,299591,N,N
108,299992,N,N
108,300380,N,N
108,300782,N,N
108,301187,N,N
108,301551,N,N
108,301897,N,N
108,302305,N,N
108,302716,N,N
108,303115,N,N
108,303510,N,N
108,303886,N,N
108,304251,N,N
108,304631,N,N
108,305012,N,N
108,305372,N,N
108,305751,N,N
108,306122,N,N
108,306677,N,N
108,306962,N,N
108,307380,N,N
108,307779,N,N
108,308180,N,N
108,308549,N,N
108,308930,N,N
108,309325,N,N
108,309713,N,N
108,310078,N,N
108,310445,N,N
108,310806,N,N
108,311164,N,N
108,311535,N,N
108,311987,N,N
108,312423,N,N
108,312838,N,N
108,313238,N,N
108,313650,N,N
108,314055,N,N
108,314443,N,N
108,314817,N,N
108,315182,N,N
108,315605,N,N
108,315997,N,N
108,316385,N,N
108,316774,N,N
108,317138,N,N
108,317530,N,N
108,317931,N,N
108,318323,N,N
108,318688,N,N
108,319095,N,N
108,319467,N,N
108,319864,N,N
108,320262,N,N
108,320664,N,N
108,321043,N,N
108,321411,N,N
108,321790,N,N
108,322177,N,N
108,322578,N,N
108,322953,N,N
108,323326,N,N
108,323695,N,N
108,324077,N,N
108,324454,N,N
108,324874,N,N
108,325255,N,N
108,325603,N,N
108,326005,N,N
108,326392,N,N
108,326580,V,V
108,327161,N,N
108,327543,N,N
108,327900,N,N
108,328267,N,N
108,328648,N,N
108,329035,N,N
108,329401,N,N
108,329755,N,N
108,330116,N,N
108,330489,N,N
108,331001,N,N
108,331464,N,N
108,331868,N,N
108,332264,N,N
108,332642,N,N
108,333040,N,N
108,333441,N,N
108,333831,N,N
108,334190,N,N
108,334573,N,N
108,334953,N,N
108,335334,N,N
108,335722,N,N
108,336094,N,N
108,336431,N,N
108,336780,N,N
108,337156,N,N
108,337630,N,N
108,338069,N,N
108,338488,N,N
108,338890,N,N
108,339290,N,N
108,339706,N,N
108,340099,N,N
108,340481,N,N
108,340850,N,N
108,341234,N,N
108,341610,N,N
108,342015,N,N
108,342382,N,N
108,342755,N,N
108,343112,N,N
108,343489,N,N
108,343871,N,N
108,344251,N,N
108,344641,N,N
108,345179,N,N
108,345623,N,N
108,346052,N,N
108,346447,N,N
108,346853,N,N
108,347216,N,N
108,347585,N,N
108,347976,N,N
108,348367,N,N
108,348752,N,N
108,349129,N,N
108,349491,N,N
108,349855,N,N
108,350240,N,N
108,350636,N,N
108,351009,N,N
108,351399,N,N
108,351764,N,N
108,352138,N,N
108,352531,N,N
108,352921,N,N
108,353295,N,N
108,353659,N,N
108,354039,N,N
108,354426,N,N
108,354821,N,N
108,355230,N,N
108,355604,N,N
108,355977,N,N
108,356363,N,N
108,356757,N,N
108,357152,N,N
108,357525,N,N
108,357899,N,N
108,358288,N,N
108,358684,N,N
108,359087,N,N
108,359501,N,N
108,359875,N,N
108,360260,N,N
108,360660,N,N
108,361050,N,N
108,361452,N,N
108,361854,N,N
108,362235,N,N
108,362628,N,N
108,363000,N,N
108,363407,N,N
108,363808,N,N
108,364183,N,N
108,364555,N,N
108,364931,N,N
108,365314,N,N
108,365698,N,N
108,366090,N,N
108,366453,N,N
108,366810,N,N
108,367185,N,N
108,367562,N,N
108,367908,N,N
108,368299,N,N
108,368645,N,N
108,369003,N,N
108,369466,N,N
108,369906,N,N
108,370311,N,N
108,370665,N,N
108,371059,N,N
108,371429,N,N
108,371823,N,N
108,372227,N,N
108,372616,N,N
108,372977,N,N
108,373352,N,N
108,373714,N,N
108,374101,N,N
108,374484,N,N
108,374852,N,N
108,375199,N,N
108,375554,N,N
108,375937,N,N
108,376355,N,N
108,376741,N,N
108,377108,N,N
108,377449,N,N
108,377789,N,N
108,378143,N,N
108,378494,N,N
108,378844,N,N
108,379185,N,N
108,379526,N,N
108,379858,N,N
108,380203,N,N
108,380554,N,N
108,380896,N,N
108,381233,N,N
108,381562,N,N
108,381886,N,N
108,382209,N,N
108,382550,N,N
108,382911,N,N
108,383257,N,N
108,383599,N,N
108,383933,N,N
108,384275,N,N
108,384616,N,N
108,384968,N,N
108,385318,N,N
108,385646,N,N
108,385971,N,N
108,386291,N,N
108,386630,N,N
108,386965,N,N
108,387305,N,N
108,387644,N,N
108,387948,N,N
108,388268,N,N
108,388580,N,N
108,388908,N,N
108,389232,N,N
108,389553,N,N
108,389883,N,N
108,390201,N,N
108,390502,N,N
108,390845,N,N
108,391194,N,N
108,391554,N,N
108,391892,N,N
108,392230,N,N
108,392555,N,N
108,393056,V,V
108,393521,N,N
108,393850,N,N
108,394158,N,N
108,394440,N,N
108,394752,N,N
108,395065,N,N
108,395368,N,N
108,395687,N,N
108,396004,N,N
108,396313,N,N
108,396618,N,N
108,396918,N,N
108,397234,N,N
108,397559,N,N
108,397913,N,N
108,398258,N,N
108,398590,N,N
108,398917,N,N
108,399231,N,N
108,399581,N,N
108,399924,N,N
108,400246,N,N
108,400584,N,N
108,400933,N,N
108,401253,N,N
108,401605,N,N
108,401982,N,N
108,402349,N,N
108,402678,N,N
108,403021,N,N
108,403355,N,N
108,403700,N,N
108,404062,N,N
108,404432,N,N
108,404796,N,N
108,405111,N,N
108,405436,N,N
108,405787,N,N
108,406105,N,N
108,406572,N,N
108,406941,N,N
108,407289,N,N
108,407629,N,N
108,408138,N,N
108,408548,N,N
108,408923,N,N
108,409297,N,N
108,409616,N,N
108,409942,N,N
108,410285,N,N
108,410690,N,N
108,411060,N,N
108,411504,N,N
108,411844,N,N
108,412190,N,N
108,412560,N,N
108,412957,N,N
108,413512,N,N
108,413957,N,N
108,414373,N,N
108,414758,N,N
108,415150,N,N
108,415535,N,N
108,415870,N,N
108,416228,N,N
108,416678,N,N
108,417024,N,N
108,417409,N,N
108,417846,N,N
108,418198,N,N
108,418579,N,N
108,418964,N,N
108,419358,N,N
108,419761,N,N
108,420144,N,N
108,420515,N,N
108,420845,N,N
108,421252,N,N
108,421669,N,N
108,422157,N,N
108,422524,N,N
108,422921,N,N
108,423315,N,N
108,423726,N,N
108,424115,N,N
108,424505,N,N
108,424861,N,N
108,425244,N,N
108,425627,N,N
108,426020,N,N
108,426448,N,N
108,427064,N,N
108,427428,N,N
108,427840,N,N
108,428240,N,N
108,428661,N,N
108,429039,N,N
108,429396,N,N
108,429767,N,N
108,430176,N,N
108,430563,N,N
108,430952,N,N
108,431494,N,N
108,431978,N,N
108,432421,N,N
108,432815,N,N
108,433193,N,N
108,433562,N,N
108,433922,N,N
108,434313,N,N
108,434700,N,N
108,435093,N,N
108,435657,j,N
108,436069,N,N
108,436469,N,N
108,436887,N,N
108,437295,N,N
108,437665,N,N
108,438029,N,N
108,438399,N,N
108,438760,N,N
108,439133,N,N
108,439548,N,N
108,439987,N,N
108,440424,N,N
108,440857,N,N
108,441261,N,N
108,441645,N,N
108,442028,N,N
108,442396,N,N
108,442751,N,N
108,443135,N,N
108,443510,N,N
108,443873,N,N
108,444227,N,N
108,444599,N,N
108,444956,N,N
108,445358,N,N
108,445747,N,N
108,446121,N,N
108,446477,N,N
108,446837,N,N
108,447193,N,N
108,447588,N,N
108,448058,N,N
108,448401,N,N
108,448753,N,N
108,449123,N,N
108,449488,N,N
108,449861,N,N
108,450223,N,N
108,450567,N,N
108,450908,N,N
108,451250,N,N
108,451613,N,N
108,451970,N,N
108,452321,N,N
108,452648,N,N
108,452977,N,N
108,453327,N,N
108,453665,N,N
108,454026,N,N
108,454362,N,N
108,454712,N,N
108,455049,N,N
108,455366,N,N
108,455716,N,N
108,456062,N,N
108,456422,N,N
108,456760,N,N
108,457078,N,N
108,457258,V,V
108,457752,N,N
108,458096,N,N
108,458454,N,N
108,458806,N,N
108,459137,N,N
108,459451,N,N
108,459785,N,N
108,460136,N,N
108,460497,N,N
108,460856,N,N
108,461216,N,N
108,461555,N,N
108,461899,N,N
108,462239,N,N
108,462602,N,N
108,462939,N,N
108,463287,N,N
108,463624,N,N
108,463931,N,N
108,464259,N,N
108,464607,N,N
108,464962,N,N
108,465310,N,N
108,465651,N,N
108,465994,N,N
108,466317,N,N
108,466653,N,N
108,467012,N,N
108,467346,N,N
108,467668,N,N
108,467985,N,N
108,468302,N,N
108,468617,N,N
108,468959,N,N
108,469316,N,N
108,469639,N,N
108,469978,N,N
108,470321,N,N
108,470643,N,N
108,470982,N,N
108,471316,N,N
108,471655,N,N
108,471985,N,N
108,472305,N,N
108,472602,N,N
108,472919,N,N
108,473247,N,N
108,473577,N,N
108,473890,N,N
108,474218,N,N
108,474534,N,N
108,474844,N,N
108,475171,N,N
108,475510,N,N
108,475848,N,N
108,476163,N,N
108,476494,N,N
108,476813,N,N
108,477112,N,N
108,477446,N,N
108,477790,N,N
108,478143,N,N
108,478464,N,N
108,478794,N,N
108,479123,N,N
108,479446,N,N
108,479794,N,N
108,480157,N,N
108,480504,N,N
108,480835,N,N
108,481163,N,N
108,481505,N,N
108,481837,N,N
108,482191,N,N
108,482547,N,N
108,482885,N,N
108,483198,N,N
108,483523,N,N
108,483851,N,N
108,484196,N,N
108,484536,N,N
108,484857,N,N
108,485193,N,N
108,485517,N,N
108,485840,N,N
108,486183,N,N
108,486531,N,N
108,486869,N,N
108,487193,N,N
108,487526,N,N
108,487849,N,N
108,488180,N,N
108,488539,N,N
108,488880,N,N
108,489211,N,N
108,489576,N,N
108,489912,N,N
108,490263,N,N
108,490593,N,N
108,490797,V,V
108,491338,N,N
108,491647,N,N
108,491967,N,N
108,492302,N,N
108,492626,N,N
108,492946,N,N
108,493292,N,N
108,493611,N,N
108,493901,N,N
108,494200,N,N
108,494523,N,N
108,494853,N,N
108,495198,N,N
108,495532,N,N
108,495869,N,N
108,496171,N,N
108,496478,N,N
108,496797,N,N
108,497137,N,N
108,497479,N,N
108,497813,N,N
108,498150,N,N
108,498470,N,N
108,498791,N,N
108,499119,N,N
108,499452,N,N
108,499785,N,N
108,500105,N,N
108,500414,N,N
108,500737,N,N
108,501064,N,N
108,501403,N,N
108,501751,N,N
108,502080,N,N
108,502418,N,N
108,502727,N,N
108,503077,N,N
108,503428,N,N
108,503764,N,N
108,504126,N,N
108,504476,N,N
108,504812,N,N
108,505135,N,N
108,505491,N,N
108,505835,N,N
108,506185,N,N
108,506546,N,N
108,506863,N,N
108,507200,N,N
108,507561,N,N
108,507933,N,N
108,508266,N,N
108,508626,N,N
108,508968,N,N
108,509292,N,N
108,509631,N,N
108,509803,V,V
108,510333,N,N
108,510679,N,N
108,510991,N,N
108,511324,N,N
108,511676,N,N
108,512001,N,N
108,512352,N,N
108,512727,N,N
108,513055,N,N
108,513396,N,N
108,513728,N,N
108,514108,N,N
108,514463,N,N
108,514835,N,N
108,515187,N,N
108,515523,N,N
108,515873,N,N
108,516218,N,N
108,516603,N,N
108,516974,N,N
108,517322,N,N
108,517664,N,N
108,518023,N,N
108,518366,N,N
108,518747,N,N
108,519098,N,N
108,519439,N,N
108,519775,N,N
108,520138,N,N
108,520456,N,N
108,520800,N,N
108,521184,N,N
108,521516,N,N
108,521877,N,N
108,522231,N,N
108,522562,N,N
108,522979,N,N
108,523357,N,N
108,523728,N,N
108,524098,N,N
108,524460,N,N
108,524803,N,N
108,525182,N,N
108,525529,N,N
108,525899,N,N
108,526230,N,N
108,526417,V,V
108,526953,N,N
108,527326,N,N
108,527651,N,N
108,528026,N,N
108,528246,A,S
108,528756,N,N
108,528960,A,S
108,529389,N,N
108,529762,N,N
108,530114,N,N
108,530468,N,N
108,530823,N,N
108,531143,N,N
108,531533,N,N
108,531896,N,N
108,532241,N,N
108,532611,N,N
108,532972,N,N
108,533340,N,N
108,533697,N,N
108,534071,N,N
108,534441,N,N
108,534807,N,N
108,535166,N,N
108,535512,N,N
108,535879,N,N
108,536232,N,N
108,536601,N,N
108,536964,N,N
108,537294,N,N
108,537648,N,N
108,538021,N,N
108,538380,N,N
108,538765,N,N
108,539114,N,N
108,539457,N,N
108,539790,N,N
108,540147,N,N
108,540510,N,N
108,540890,N,N
108,541222,N,N
108,541571,N,N
108,541916,N,N
108,542276,N,N
108,542626,N,N
108,543000,N,N
108,543367,N,N
108,543711,N,N
108,544088,N,N
108,544465,N,N
108,544832,N,N
108,545213,N,N
108,545549,N,N
108,545915,N,N
108,546280,N,N
108,546682,N,N
108,547029,N,N
108,547409,N,N
108,547749,N,N
108,548115,N,N
108,548462,N,N
108,548885,N,N
108,549273,N,N
108,549655,N,N
108,550042,N,N
108,550402,N,N
108,550751,N,N
108,551170,N,N
108,551539,N,N
108,551902,N,N
108,552291,N,N
108,552634,N,N
108,553104,N,N
108,553575,N,N
108,553977,N,N
108,554330,N,N
108,554714,N,N
108,555088,N,N
108,555466,N,N
108,555864,N,N
108,556210,N,N
108,556575,N,N
108,557011,N,N
108,557470,N,N
108,557884,N,N
108,558302,N,N
108,558669,N,N
108,559052,N,N
108,559414,N,N
108,559847,N,N
108,560237,N,N
108,560625,N,N
108,560993,N,N
108,561362,N,N
108,561739,N,N
108,562157,N,N
108,562558,N,N
108,562950,N,N
108,563317,N,N
108,563706,N,N
108,564086,N,N
108,564468,N,N
108,564846,N,N
108,565212,N,N
108,565572,N,N
108,565952,N,N
108,566307,N,N
108,566674,N,N
108,567036,N,N
108,567385,N,N
108,567752,N,N
108,568109,N,N
108,568546,N,N
108,568978,N,N
108,569337,N,N
108,569722,N,N
108,570095,N,N
108,570447,N,N
108,570835,N,N
108,571175,N,N
108,571508,N,N
108,571906,N,N
108,572235,N,N
108,572662,N,N
108,573037,N,N
108,573369,N,N
108,573730,N,N
108,574067,N,N
108,574405,N,N
108,574779,N,N
108,575185,N,N
108,575525,N,N
108,575908,N,N
108,576278,N,N
108,576620,N,N
108,577020,N,N
108,577394,N,N
108,577783,N,N
108,578104,N,N
108,578473,N,N
108,578850,N,N
108,579194,N,N
108,579592,N,N
108,579935,N,N
108,580289,N,N
108,580619,N,N
108,580794,V,V
108,581312,N,N
108,581645,N,N
108,581964,N,N
108,582337,N,N
108,582659,N,N
108,582995,N,N
108,583336,N,N
108,583741,N,N
108,584064,N,N
108,584408,N,N
108,584785,N,N
108,585105,N,N
108,585447,N,N
108,585838,N,N
108,586214,N,N
108,586538,N,N
108,586937,N,N
108,587285,N,N
108,587629,N,N
108,588029,N,N
108,588384,N,N
108,588750,N,N
108,589061,N,N
108,589419,N,N
108,589759,N,N
108,590143,N,N
108,590491,N,N
108,590834,N,N
108,591185,N,N
108,591506,N,N
108,591847,N,N
108,592235,N,N
108,592575,N,N
108,592937,N,N
108,593280,N,N
108,593635,N,N
108,593996,N,N
108,594339,N,N
108,594727,N,N
108,595069,N,N
108,595416,N,N
108,595738,N,N
108,596080,N,N
108,596451,N,N
108,596808,N,N
108,597158,N,N
108,597492,N,N
108,597824,N,N
108,598188,N,N
108,598546,N,N
108,598898,N,N
108,599288,N,N
108,599637,N,N
108,599997,N,N
108,600358,N,N
108,600745,N,N
108,601109,N,N
108,601485,N,N
108,601827,N,N
108,602172,N,N
108,602530,N,N
108,602910,N,N
108,603275,N,N
108,603629,N,N
108,603976,N,N
108,604307,N,N
108,604655,N,N
108,605019,N,N
108,605387,N,N
108,605745,N,N
108,606080,N,N
108,606422,N,N
108,606753,N,N
108,607101,N,N
108,607453,N,N
108,607799,N,N
108,608121,N,N
108,608439,N,N
108,608757,N,N
108,609074,N,N
108,609401,N,N
108,609738,N,N
108,610069,N,N
108,610380,N,N
108,610683,N,N
108,611005,N,N
108,611323,N,N
108,611647,N,N
108,611968,N,N
108,612283,N,N
108,612590,N,N
108,612888,N,N
108,613186,N,N
108,613500,N,N
108,613811,N,N
108,614116,N,N
108,614419,N,N
108,614720,N,N
108,615018,N,N
108,615317,N,N
108,615630,N,N
108,615960,N,N
108,616278,N,N
108,616601,N,N
108,616909,N,N
108,617224,N,N
108,617531,N,N
108,617841,N,N
108,618169,N,N
108,618482,N,N
108,618779,N,N
108,619062,N,N
108,619235,V,V
108,619643,N,N
108,619930,N,N
108,620228,N,N
108,620536,N,N
108,620829,N,N
108,621112,N,N
108,621389,N,N
108,621668,N,N
108,621962,N,N
108,622255,N,N
108,622550,N,N
108,622863,N,N
108,623156,N,N
108,623439,N,N
108,623726,N,N
108,624015,N,N
108,624322,N,N
108,624633,N,N
108,624933,N,N
108,625241,N,N
108,625534,N,N
108,625814,N,N
108,626105,N,N
108,626397,N,N
108,626715,N,N
108,627019,N,N
108,627320,N,N
108,627624,N,N
108,627914,N,N
108,628196,N,N
108,628492,N,N
108,628795,N,N
108,629108,N,N
108,629414,N,N
108,629711,N,N
108,630011,N,N
108,630306,N,N
108,630605,N,N
108,630910,N,N
108,631218,N,N
108,631433,A,S
108,631840,N,N
108,632124,N,N
108,632428,N,N
108,632729,N,N
108,633033,N,N
108,633343,N,N
108,633654,N,N
108,633966,N,N
108,634259,N,N
108,634546,N,N
108,634851,N,N
108,635157,N,N
108,635470,N,N
108,635783,N,N
108,636091,N,N
108,636397,N,N
108,636694,N,N
108,636996,N,N
108,637317,N,N
108,637637,N,N
108,637953,N,N
108,638272,N,N
108,638573,N,N
108,638884,N,N
108,639185,N,N
108,639501,N,N
108,639836,N,N
108,640165,N,N
108,640467,N,N
108,640770,N,N
108,641080,N,N
108,641406,N,N
108,641744,N,N
108,642096,N,N
108,642449,N,N
108,642770,N,N
108,643089,N,N
108,643416,N,N
108,643743,N,N
108,644072,N,N
108,644411,N,N
108,644733,N,N
108,645034,N,N
108,645328,N,N
108,645618,N,N
108,645952,N,N
108,646271,N,N
108,646593,N,N
108,646924,N,N
108,647241,N,N
108,647549,N,N
108,647864,N,N
108,648199,N,N
108,648531,N,N
108,648853,N,N
108,649170,N,N
108,649471,N,N
108,649769,N,N
109,111,L,N
109,343,L,N
109,571,L,N
109,807,L,N
109,1048,L,N
109,1287,L,N
109,1523,L,N
109,1765,L,N
109,1994,L,N
109,2219,L,N
109,2435,L,N
109,2661,L,N
109,2883,L,N
109,3116,L,N
109,3352,L,N
109,3586,L,N
109,3813,L,N
109,4041,L,N
109,4264,L,N
109,4480,L,N
109,4690,L,N
109,4908,L,N
109,5128,L,N
109,5358,L,N
109,5592,L,N
109,5820,L,N
109,6047,L,N
109,6482,L,N
109,6696,L,N
109,6918,L,N
109,7134,L,N
109,7357,L,N
109,7584,L,N
109,7824,L,N
109,8067,L,N
109,8292,L,N
109,8512,L,N
109,8737,L,N
109,8971,L,N
109,9197,L,N
109,9423,L,N
109,9660,L,N
109,9902,L,N
109,10148,L,N
109,10391,L,N
109,10620,L,N
109,10845,L,N
109,11075,L,N
109,11549,L,N
109,11784,L,N
109,12030,L,N
109,12277,L,N
109,12523,L,N
109,12765,L,N
109,12997,L,N
109,13228,L,N
109,13464,L,N
109,13716,L,N
109,13924,V,V
109,14212,L,N
109,14463,L,N
109,14714,L,N
109,14958,L,N
109,15201,L,N
109,15437,L,N
109,15669,L,N
109,15918,L,N
109,16181,L,N
109,16437,L,N
109,16686,L,N
109,16936,L,N
109,17178,L,N
109,17424,L,N
109,17663,L,N
109,17903,L,N
109,18154,L,N
109,18422,L,N
109,18679,L,N
109,18929,L,N
109,19176,L,N
109,19415,L,N
109,19660,L,N
109,19907,L,N
109,20151,L,N
109,20400,L,N
109,20668,L,N
109,20929,L,N
109,21180,L,N
109,21425,L,N
109,21668,L,N
109,21910,L,N
109,22160,L,N
109,22408,L,N
109,22661,L,N
109,22922,L,N
109,23189,L,N
109,23439,L,N
109,23677,L,N
109,23918,L,N
109,24158,L,N
109,24408,L,N
109,24664,L,N
109,24923,L,N
109,25180,L,N
109,25448,L,N
109,25699,L,N
109,25938,L,N
109,26178,L,N
109,26422,L,N
109,26679,L,N
109,26940,L,N
109,27200,L,N
109,27455,L,N
109,27656,V,V
109,27965,L,N
109,28204,L,N
109,28452,L,N
109,28699,L,N
109,28960,L,N
109,29230,L,N
109,29490,L,N
109,29743,L,N
109,30004,L,N
109,30255,L,N
109,30499,L,N
109,30743,L,N
109,30997,L,N
109,31259,L,N
109,31532,L,N
109,31792,L,N
109,32042,L,N
109,32295,L,N
109,32551,L,N
109,32799,L,N
109,33042,L,N
109,33243,V,V
109,33561,L,N
109,33826,L,N
109,34088,L,N
109,34335,L,N
109,34580,L,N
109,34837,L,N
109,35086,L,N
109,35332,L,N
109,35591,L,N
109,35853,L,N
109,36119,L,N
109,36378,L,N
109,36627,L,N
109,36874,L,N
109,37131,L,N
109,37383,L,N
109,37639,L,N
109,37902,L,N
109,38165,L,N
109,38431,L,N
109,38691,L,N
109,38937,L,N
109,39178,L,N
109,39434,L,N
109,39691,L,N
109,39952,L,N
109,40212,L,N
109,40473,L,N
109,40729,L,N
109,40984,L,N
109,41228,L,N
109,41470,L,N
109,41721,L,N
109,41989,L,N
109,42251,L,N
109,42504,L,N
109,42764,L,N
109,43012,L,N
109,43264,L,N
109,43512,L,N
109,43760,L,N
109,44010,L,N
109,44283,L,N
109,44547,L,N
109,44800,L,N
109,45054,L,N
109,45302,L,N
109,45549,L,N
109,45777,V,V
109,46046,L,N
109,46292,L,N
109,46556,L,N
109,46820,L,N
109,47076,L,N
109,47316,L,N
109,47558,L,N
109,47796,L,N
109,48044,L,N
109,48291,L,N
109,48546,L,N
109,48805,L,N
109,49073,L,N
109,49328,L,N
109,49567,L,N
109,49809,L,N
109,50049,L,N
109,50300,L,N
109,50558,L,N
109,50810,L,N
109,51062,L,N
109,51329,L,N
109,51580,L,N
109,51821,L,N
109,52059,L,N
109,52302,L,N
109,52550,L,N
109,52812,L,N
109,53068,L,N
109,53319,L,N
109,53578,L,N
109,53833,L,N
109,54073,L,N
109,54307,L,N
109,54550,L,N
109,54793,L,N
109,55049,L,N
109,55306,L,N
109,55560,L,N
109,55805,L,N
109,56057,L,N
109,56297,L,N
109,56532,L,N
109,56773,L,N
109,57021,L,N
109,57283,L,N
109,57550,L,N
109,57803,L,N
109,58049,L,N
109,58299,L,N
109,58547,L,N
109,58793,L,N
109,59037,L,N
109,59295,L,N
109,59561,L,N
109,59829,L,N
109,60083,L,N
109,60329,L,N
109,60581,L,N
109,60833,L,N
109,61081,L,N
109,61333,L,N
109,61597,L,N
109,61859,L,N
109,62126,L,N
109,62378,L,N
109,62620,L,N
109,62865,L,N
109,63120,L,N
109,63370,L,N
109,63620,L,N
109,63879,L,N
109,64131,L,N
109,64389,L,N
109,64636,L,N
109,64875,L,N
109,65108,L,N
109,65357,L,N
109,65609,L,N
109,65862,L,N
109,66112,L,N
109,66370,L,N
109,66626,L,N
109,66878,L,N
109,67118,L,N
109,67355,L,N
109,67609,L,N
109,67871,L,N
109,68133,L,N
109,68388,L,N
109,68646,L,N
109,68895,L,N
109,69145,L,N
109,69386,L,N
109,69629,L,N
109,69881,L,N
109,70148,L,N
109,70409,L,N
109,70662,L,N
109,70916,L,N
109,71160,L,N
109,71406,L,N
109,71656,L,N
109,71902,L,N
109,72150,L,N
109,72417,L,N
109,72681,L,N
109,72937,L,N
109,73185,L,N
109,73432,L,N
109,73676,L,N
109,73929,L,N
109,74180,L,N
109,74432,L,N
109,74697,L,N
109,74970,L,N
109,75226,L,N
109,75466,L,N
109,75712,L,N
109,75954,L,N
109,76206,L,N
109,76463,L,N
109,76726,L,N
109,76984,L,N
109,77256,L,N
109,77511,L,N
109,77754,L,N
109,77999,L,N
109,78248,L,N
109,78506,L,N
109,78771,L,N
109,79032,L,N
109,79288,L,N
109,79550,L,N
109,79803,L,N
109,80049,L,N
109,80290,L,N
109,80539,L,N
109,80797,L,N
109,81065,L,N
109,81324,L,N
109,81578,L,N
109,81835,L,N
109,82089,L,N
109,82335,L,N
109,82576,L,N
109,82829,L,N
109,83085,L,N
109,83354,L,N
109,83616,L,N
109,83868,L,N
109,84119,L,N
109,84378,L,N
109,84622,L,N
109,84823,V,V
109,85114,L,N
109,85367,L,N
109,85636,L,N
109,85895,L,N
109,86143,L,N
109,86380,L,N
109,86628,L,N
109,86866,L,N
109,87103,L,N
109,87344,L,N
109,87592,L,N
109,87841,L,N
109,88085,L,N
109,88320,L,N
109,88550,L,N
109,88776,L,N
109,89020,L,N
109,89255,L,N
109,89490,L,N
109,89732,L,N
109,89980,L,N
109,90230,L,N
109,90478,L,N
109,90707,L,N
109,90935,L,N
109,91175,L,N
109,91424,L,N
109,91673,L,N
109,91919,L,N
109,92173,L,N
109,92424,L,N
109,92676,L,N
109,92920,L,N
109,93159,L,N
109,93405,L,N
109,93671,L,N
109,93933,L,N
109,94190,L,N
109,94455,L,N
109,94712,L,N
109,94970,L,N
109,95223,L,N
109,95474,L,N
109,95726,L,N
109,96004,L,N
109,96276,L,N
109,96540,L,N
109,96805,L,N
109,97062,L,N
109,97320,L,N
109,97575,L,N
109,97831,L,N
109,98091,L,N
109,98372,L,N
109,98645,L,N
109,98902,L,N
109,99157,L,N
109,99407,L,N
109,99665,L,N
109,99919,L,N
109,100176,L,N
109,100441,L,N
109,100722,L,N
109,100983,L,N
109,101234,L,N
109,101483,L,N
109,101727,L,N
109,101979,L,N
109,102236,L,N
109,102493,L,N
109,102752,L,N
109,103024,L,N
109,103284,L,N
109,103531,L,N
109,103779,L,N
109,104027,L,N
109,104282,L,N
109,104538,V,V
109,104817,L,N
109,105076,L,N
109,105346,L,N
109,105606,L,N
109,105854,L,N
109,106097,L,N
109,106349,L,N
109,106605,L,N
109,106872,L,N
109,107137,L,N
109,107396,L,N
109,107657,L,N
109,107920,L,N
109,108170,L,N
109,108413,L,N
109,108669,L,N
109,108932,L,N
109,109204,L,N
109,109471,L,N
109,109733,L,N
109,109990,L,N
109,110249,L,N
109,110499,L,N
109,110744,L,N
109,111002,L,N
109,111264,L,N
109,111537,L,N
109,111802,L,N
109,112058,L,N
109,112308,L,N
109,112571,L,N
109,112822,L,N
109,113075,L,N
109,113340,L,N
109,113606,L,N
109,113882,L,N
109,114147,L,N
109,114398,L,N
109,114643,L,N
109,114906,L,N
109,115161,L,N
109,115415,L,N
109,115684,L,N
109,115948,L,N
109,116217,L,N
109,116479,L,N
109,116730,L,N
109,116974,L,N
109,117241,L,N
109,117501,L,N
109,117761,L,N
109,118027,L,N
109,118288,L,N
109,118544,L,N
109,118796,L,N
109,119037,L,N
109,119274,L,N
109,119531,L,N
109,119787,L,N
109,120043,L,N
109,120291,L,N
109,120536,L,N
109,120780,L,N
109,121016,L,N
109,121243,L,N
109,121470,L,N
109,121700,L,N
109,121954,L,N
109,122191,L,N
109,122430,L,N
109,122662,L,N
109,122891,L,N
109,123119,L,N
109,123354,L,N
109,123576,L,N
109,123801,L,N
109,124037,L,N
109,124289,L,N
109,124527,L,N
109,124758,L,N
109,124992,L,N
109,125221,L,N
109,125452,L,N
109,125687,L,N
109,125917,L,N
109,126151,L,N
109,126397,L,N
109,126651,L,N
109,126892,L,N
109,127121,L,N
109,127352,L,N
109,127580,L,N
109,127816,L,N
109,128056,L,N
109,128296,L,N
109,128538,L,N
109,128793,L,N
109,129048,L,N
109,129294,L,N
109,129525,L,N
109,129760,L,N
109,129994,L,N
109,130240,L,N
109,130488,L,N
109,130741,L,N
109,130993,L,N
109,131256,L,N
109,131506,L,N
109,131744,L,N
109,131981,L,N
109,132222,L,N
109,132476,L,N
109,132741,L,N
109,132996,L,N
109,133250,L,N
109,133515,L,N
109,133773,L,N
109,134018,L,N
109,134258,L,N
109,134509,L,N
109,134764,L,N
109,135034,L,N
109,135297,L,N
109,135553,L,N
109,135813,L,N
109,136072,L,N
109,136320,L,N
109,136563,L,N
109,136816,L,N
109,137075,L,N
109,137345,L,N
109,137610,L,N
109,137869,L,N
109,138115,L,N
109,138373,L,N
109,138619,L,N
109,138861,L,N
109,139114,L,N
109,139374,L,N
109,139644,L,N
109,139912,L,N
109,140166,L,N
109,140407,L,N
109,140659,L,N
109,140909,L,N
109,141162,L,N
109,141414,L,N
109,141678,L,N
109,141943,L,N
109,142204,L,N
109,142448,L,N
109,142689,L,N
109,142936,L,N
109,143190,L,N
109,143442,L,N
109,143696,L,N
109,143957,L,N
109,144210,L,N
109,144467,L,N
109,144712,L,N
109,144953,L,N
109,145195,L,N
109,145456,L,N
109,145712,L,N
109,145970,L,N
109,146230,L,N
109,146487,L,N
109,146742,L,N
109,146996,L,N
109,147243,L,N
109,147484,L,N
109,147751,L,N
109,148021,L,N
109,148283,L,N
109,148538,L,N
109,148793,L,N
109,149045,L,N
109,149298,L,N
109,149541,L,N
109,149787,L,N
109,150053,L,N
109,150325,L,N
109,150588,L,N
109,150837,L,N
109,151089,L,N
109,151337,L,N
109,151588,L,N
109,151835,L,N
109,152086,L,N
109,152353,L,N
109,152624,L,N
109,152885,L,N
109,153073,V,V
109,153378,L,N
109,153620,L,N
109,153876,L,N
109,154125,L,N
109,154320,V,V
109,154645,L,N
109,154916,L,N
109,155173,L,N
109,155416,L,N
109,155658,L,N
109,155897,L,N
109,156145,L,N
109,156400,L,N
109,156654,L,N
109,156905,L,N
109,157169,L,N
109,157415,L,N
109,157652,L,N
109,157890,L,N
109,158132,L,N
109,158383,L,N
109,158645,L,N
109,158907,L,N
109,159161,L,N
109,159426,L,N
109,159680,L,N
109,159922,L,N
109,160162,L,N
109,160411,L,N
109,160669,L,N
109,160938,L,N
109,161197,L,N
109,161453,L,N
109,161715,L,N
109,161968,L,N
109,162216,L,N
109,162457,L,N
109,162710,L,N
109,162969,L,N
109,163241,L,N
109,163502,L,N
109,163754,L,N
109,164009,L,N
109,164266,L,N
109,164516,L,N
109,164761,L,N
109,165020,L,N
109,165283,L,N
109,165554,L,N
109,165816,L,N
109,166067,L,N
109,166318,L,N
109,166576,L,N
109,166826,L,N
109,167072,L,N
109,167334,L,N
109,167597,L,N
109,167867,L,N
109,168129,L,N
109,168380,L,N
109,168627,L,N
109,168890,L,N
109,169145,L,N
109,169401,L,N
109,169670,L,N
109,169935,L,N
109,170205,L,N
109,170463,L,N
109,170716,L,N
109,170963,L,N
109,171224,L,N
109,171483,L,N
109,171744,L,N
109,172008,L,N
109,172269,L,N
109,172533,L,N
109,172790,L,N
109,173036,L,N
109,173277,L,N
109,173538,L,N
109,173801,L,N
109,174063,L,N
109,174318,L,N
109,174577,L,N
109,174827,L,N
109,175075,L,N
109,175314,L,N
109,175554,L,N
109,175812,L,N
109,176053,V,V
109,176340,L,N
109,176589,L,N
109,176845,L,N
109,177087,L,N
109,177336,L,N
109,177584,L,N
109,177830,L,N
109,178083,L,N
109,178355,L,N
109,178614,L,N
109,178862,L,N
109,179104,L,N
109,179345,L,N
109,179591,L,N
109,179842,L,N
109,180088,L,N
109,180336,L,N
109,180600,L,N
109,180868,L,N
109,181124,L,N
109,181362,L,N
109,181609,L,N
109,181857,L,N
109,182114,L,N
109,182370,L,N
109,182630,L,N
109,182903,L,N
109,183174,L,N
109,183431,L,N
109,183625,V,V
109,183929,L,N
109,184183,L,N
109,184458,L,N
109,184723,L,N
109,184987,L,N
109,185262,L,N
109,185529,L,N
109,185780,L,N
109,186028,L,N
109,186282,L,N
109,186539,L,N
109,186812,L,N
109,187078,L,N
109,187339,L,N
109,187607,L,N
109,187865,L,N
109,188115,L,N
109,188362,L,N
109,188618,L,N
109,188885,L,N
109,189164,L,N
109,189427,L,N
109,189684,L,N
109,189945,L,N
109,190198,L,N
109,190399,V,V
109,190692,L,N
109,190951,L,N
109,191227,L,N
109,191500,L,N
109,191760,L,N
109,192010,L,N
109,192270,L,N
109,192520,L,N
109,192767,L,N
109,193018,L,N
109,193280,L,N
109,193549,L,N
109,193819,L,N
109,194071,L,N
109,194311,L,N
109,194565,L,N
109,194815,L,N
109,195063,L,N
109,195318,L,N
109,195583,L,N
109,195849,L,N
109,196117,L,N
109,196368,L,N
109,196608,L,N
109,196858,L,N
109,197115,L,N
109,197372,L,N
109,197625,L,N
109,197891,L,N
109,198154,L,N
109,198417,L,N
109,198665,L,N
109,198909,L,N
109,199164,L,N
109,199430,L,N
109,199697,L,N
109,199961,L,N
109,200231,L,N
109,200498,L,N
109,200760,L,N
109,201008,L,N
109,201258,L,N
109,201518,L,N
109,201788,L,N
109,202057,L,N
109,202321,L,N
109,202589,L,N
109,202846,L,N
109,203108,L,N
109,203359,L,N
109,203612,L,N
109,203878,L,N
109,204157,L,N
109,204429,L,N
109,204695,L,N
109,204959,L,N
109,205213,L,N
109,205475,L,N
109,205731,L,N
109,205987,L,N
109,206260,L,N
109,206543,L,N
109,206813,L,N
109,207070,L,N
109,207330,L,N
109,207584,L,N
109,207843,L,N
109,208101,L,N
109,208364,L,N
109,208637,L,N
109,208914,L,N
109,209177,L,N
109,209424,L,N
109,209676,L,N
109,209925,L,N
109,210182,L,N
109,210440,L,N
109,210703,L,N
109,210971,L,N
109,211240,L,N
109,211497,L,N
109,211742,L,N
109,211989,L,N
109,212237,L,N
109,212501,L,N
109,212767,L,N
109,213029,L,N
109,213291,L,N
109,213561,L,N
109,213813,L,N
109,214056,L,N
109,214307,L,N
109,214560,L,N
109,214832,L,N
109,215102,L,N
109,215364,L,N
109,215628,L,N
109,215898,L,N
109,216148,L,N
109,216394,L,N
109,216588,V,V
109,216910,L,N
109,217182,L,N
109,217454,L,N
109,217715,L,N
109,217973,L,N
109,218236,L,N
109,218488,L,N
109,218734,L,N
109,218995,L,N
109,219262,L,N
109,219535,L,N
109,219757,V,V
109,220055,L,N
109,220309,L,N
109,220573,L,N
109,220825,L,N
109,221078,L,N
109,221341,L,N
109,221609,L,N
109,221881,L,N
109,222140,L,N
109,222387,L,N
109,222640,L,N
109,222899,L,N
109,223153,L,N
109,223408,L,N
109,223676,L,N
109,223941,L,N
109,224213,L,N
109,224467,L,N
109,224712,L,N
109,224968,L,N
109,225228,L,N
109,225490,L,N
109,225751,L,N
109,226023,L,N
109,226290,L,N
109,226556,L,N
109,226806,L,N
109,227051,L,N
109,227308,L,N
109,227572,L,N
109,227839,L,N
109,228102,L,N
109,228371,L,N
109,228637,L,N
109,228897,L,N
109,229145,L,N
109,229393,L,N
109,229656,L,N
109,229926,L,N
109,230196,L,N
109,230457,L,N
109,230720,L,N
109,230981,L,N
109,231241,L,N
109,231487,L,N
109,231733,L,N
109,232004,L,N
109,232276,L,N
109,232540,L,N
109,232801,L,N
109,233057,L,N
109,233309,L,N
109,233565,L,N
109,233810,L,N
109,234057,L,N
109,234325,L,N
109,234598,L,N
109,234817,V,V
109,235114,L,N
109,235368,L,N
109,235619,L,N
109,235873,L,N
109,236129,L,N
109,236388,L,N
109,236658,L,N
109,236935,L,N
109,237202,L,N
109,237453,L,N
109,237706,L,N
109,237957,L,N
109,238216,L,N
109,238480,L,N
109,238745,L,N
109,239015,L,N
109,239291,L,N
109,239552,L,N
109,239798,L,N
109,240048,L,N
109,240300,L,N
109,240566,L,N
109,240832,L,N
109,241100,L,N
109,241369,L,N
109,241639,L,N
109,241892,L,N
109,242139,L,N
109,242393,L,N
109,242647,L,N
109,242921,L,N
109,243190,L,N
109,243455,L,N
109,243720,L,N
109,243987,L,N
109,244239,L,N
109,244486,L,N
109,244746,L,N
109,245007,L,N
109,245285,L,N
109,245497,V,V
109,245821,L,N
109,246078,L,N
109,246347,L,N
109,246602,L,N
109,246851,L,N
109,247116,L,N
109,247385,L,N
109,247661,L,N
109,247925,L,N
109,248180,L,N
109,248436,L,N
109,248697,L,N
109,248953,L,N
109,249205,L,N
109,249473,L,N
109,249742,L,N
109,250015,L,N
109,250274,L,N
109,250523,L,N
109,250783,L,N
109,251042,L,N
109,251302,L,N
109,251565,L,N
109,251836,L,N
109,252111,L,N
109,252382,L,N
109,252633,L,N
109,252877,L,N
109,253136,L,N
109,253394,L,N
109,253656,L,N
109,253918,L,N
109,254185,L,N
109,254451,L,N
109,254717,L,N
109,254968,L,N
109,255210,L,N
109,255470,L,N
109,255734,L,N
109,255998,L,N
109,256259,L,N
109,256525,L,N
109,256788,L,N
109,257046,L,N
109,257296,L,N
109,257544,L,N
109,257811,L,N
109,258079,L,N
109,258345,L,N
109,258610,L,N
109,258872,L,N
109,259133,L,N
109,259388,L,N
109,259638,L,N
109,259890,L,N
109,260164,L,N
109,260434,L,N
109,260699,L,N
109,260963,L,N
109,261216,L,N
109,261472,L,N
109,261727,L,N
109,261978,L,N
109,262234,L,N
109,262510,L,N
109,262779,L,N
109,263034,L,N
109,263291,L,N
109,263540,L,N
109,263795,L,N
109,264053,L,N
109,264308,L,N
109,264571,L,N
109,264853,L,N
109,265122,L,N
109,265377,L,N
109,265629,L,N
109,265879,L,N
109,266135,L,N
109,266394,L,N
109,266657,L,N
109,266924,L,N
109,267202,L,N
109,267466,L,N
109,267717,L,N
109,267966,L,N
109,268216,L,N
109,268477,L,N
109,268745,L,N
109,269013,L,N
109,269275,L,N
109,269549,L,N
109,269803,L,N
109,270050,L,N
109,270296,L,N
109,270544,L,N
109,270806,L,N
109,271082,L,N
109,271346,L,N
109,271603,L,N
109,271869,L,N
109,272122,L,N
109,272369,L,N
109,272611,L,N
109,272866,L,N
109,273127,L,N
109,273399,L,N
109,273662,L,N
109,273913,L,N
109,274172,L,N
109,274427,L,N
109,274674,L,N
109,274921,L,N
109,275180,L,N
109,275442,L,N
109,275710,L,N
109,275971,L,N
109,276224,L,N
109,276472,L,N
109,276727,L,N
109,276977,L,N
109,277225,L,N
109,277488,L,N
109,277754,L,N
109,278027,L,N
109,278288,L,N
109,278541,L,N
109,278792,L,N
109,279055,L,N
109,279313,L,N
109,279570,L,N
109,279840,L,N
109,280108,L,N
109,280381,L,N
109,280638,L,N
109,280885,L,N
109,281142,L,N
109,281405,L,N
109,281667,L,N
109,281930,L,N
109,282201,L,N
109,282465,L,N
109,282731,L,N
109,282983,L,N
109,283229,L,N
109,283489,L,N
109,283756,L,N
109,284024,L,N
109,284287,L,N
109,284558,L,N
109,284819,L,N
109,285077,L,N
109,285326,L,N
109,285572,L,N
109,285832,L,N
109,286102,L,N
109,286371,L,N
109,286632,L,N
109,286896,L,N
109,287154,L,N
109,287411,L,N
109,287660,L,N
109,287909,L,N
109,288177,L,N
109,288451,L,N
109,288719,L,N
109,288979,L,N
109,289235,L,N
109,289490,L,N
109,289748,L,N
109,289999,L,N
109,290249,L,N
109,290525,L,N
109,290795,L,N
109,291056,L,N
109,291317,L,N
109,291569,L,N
109,291824,L,N
109,292083,L,N
109,292340,L,N
109,292598,L,N
109,292876,L,N
109,293145,L,N
109,293402,L,N
109,293656,L,N
109,293906,L,N
109,294162,L,N
109,294421,L,N
109,294683,L,N
109,294946,L,N
109,295223,L,N
109,295490,L,N
109,295742,L,N
109,295989,L,N
109,296240,L,N
109,296499,L,N
109,296764,L,N
109,297027,L,N
109,297292,L,N
109,297570,L,N
109,297829,L,N
109,298077,L,N
109,298327,L,N
109,298579,L,N
109,298842,L,N
109,299112,L,N
109,299379,L,N
109,299643,L,N
109,299916,L,N
109,300169,L,N
109,300414,L,N
109,300663,L,N
109,300916,L,N
109,301179,L,N
109,301454,L,N
109,301721,L,N
109,301976,L,N
109,302239,L,N
109,302491,L,N
109,302739,L,N
109,302989,L,N
109,303249,L,N
109,303521,L,N
109,303797,L,N
109,304062,L,N
109,304315,L,N
109,304544,V,V
109,304828,L,N
109,305081,L,N
109,305338,L,N
109,305607,L,N
109,305882,L,N
109,306154,L,N
109,306417,L,N
109,306667,L,N
109,306926,L,N
109,307182,L,N
109,307441,L,N
109,307704,L,N
109,307976,L,N
109,308249,L,N
109,308521,L,N
109,308774,L,N
109,309021,L,N
109,309279,L,N
109,309537,L,N
109,309800,L,N
109,310068,L,N
109,310336,L,N
109,310604,L,N
109,310868,L,N
109,311116,L,N
109,311362,L,N
109,311620,L,N
109,311885,L,N
109,312150,L,N
109,312411,L,N
109,312678,L,N
109,312935,L,N
109,313193,L,N
109,313439,L,N
109,313683,L,N
109,313946,L,N
109,314217,L,N
109,314483,L,N
109,314745,L,N
109,315007,L,N
109,315265,L,N
109,315520,L,N
109,315769,L,N
109,316019,L,N
109,316291,L,N
109,316560,L,N
109,316828,L,N
109,317091,L,N
109,317348,L,N
109,317605,L,N
109,317865,L,N
109,318119,L,N
109,318376,L,N
109,318655,L,N
109,318926,L,N
109,319189,L,N
109,319449,L,N
109,319698,L,N
109,319955,L,N
109,320215,L,N
109,320471,L,N
109,320733,L,N
109,321013,L,N
109,321279,L,N
109,321532,L,N
109,321783,L,N
109,322032,L,N
109,322287,L,N
109,322546,L,N
109,322806,L,N
109,323069,L,N
109,323346,L,N
109,323608,L,N
109,323854,L,N
109,324102,L,N
109,324348,L,N
109,324606,L,N
109,324863,L,N
109,325127,L,N
109,325390,L,N
109,325663,L,N
109,325921,L,N
109,326168,L,N
109,326418,L,N
109,326665,L,N
109,326927,L,N
109,327194,L,N
109,327459,L,N
109,327720,L,N
109,327989,L,N
109,328241,L,N
109,328483,L,N
109,328729,L,N
109,328976,L,N
109,329240,L,N
109,329510,L,N
109,329771,L,N
109,330027,L,N
109,330238,V,V
109,330544,L,N
109,330783,L,N
109,331035,L,N
109,331289,L,N
109,331553,L,N
109,331822,L,N
109,332084,L,N
109,332333,L,N
109,332588,L,N
109,332834,L,N
109,333079,L,N
109,333325,L,N
109,333583,L,N
109,333849,L,N
109,334119,L,N
109,334379,L,N
109,334628,L,N
109,334878,L,N
109,335129,L,N
109,335379,L,N
109,335577,V,V
109,335894,L,N
109,336155,L,N
109,336427,L,N
109,336679,L,N
109,336925,L,N
109,337174,L,N
109,337432,L,N
109,337684,L,N
109,337937,L,N
109,338204,L,N
109,338466,L,N
109,338733,L,N
109,338986,L,N
109,339233,L,N
109,339483,L,N
109,339746,L,N
109,340006,L,N
109,340265,L,N
109,340537,L,N
109,340799,L,N
109,341061,L,N
109,341315,L,N
109,341564,L,N
109,341814,L,N
109,342084,L,N
109,342352,L,N
109,342614,L,N
109,342881,L,N
109,343141,L,N
109,343399,L,N
109,343653,L,N
109,343904,L,N
109,344157,L,N
109,344434,L,N
109,344707,L,N
109,344968,L,N
109,345230,L,N
109,345483,L,N
109,345743,L,N
109,345995,L,N
109,346247,L,N
109,346509,L,N
109,346791,L,N
109,347061,L,N
109,347321,L,N
109,347578,L,N
109,347826,L,N
109,348082,L,N
109,348333,L,N
109,348588,L,N
109,348854,L,N
109,349133,L,N
109,349398,L,N
109,349650,L,N
109,349905,L,N
109,350152,L,N
109,350408,L,N
109,350665,L,N
109,350928,L,N
109,351196,L,N
109,351474,L,N
109,351738,L,N
109,351988,L,N
109,352239,L,N
109,352491,L,N
109,352751,L,N
109,353014,L,N
109,353279,L,N
109,353550,L,N
109,353822,L,N
109,354079,L,N
109,354325,L,N
109,354578,L,N
109,354835,L,N
109,355103,L,N
109,355367,L,N
109,355629,L,N
109,355901,L,N
109,356162,L,N
109,356410,L,N
109,356655,L,N
109,356907,L,N
109,357164,L,N
109,357438,L,N
109,357706,L,N
109,357967,L,N
109,358240,L,N
109,358499,L,N
109,358750,L,N
109,359002,L,N
109,359263,L,N
109,359534,L,N
109,359814,L,N
109,360084,L,N
109,360344,L,N
109,360610,L,N
109,360866,L,N
109,361115,L,N
109,361369,L,N
109,361632,L,N
109,361908,L,N
109,362183,L,N
109,362448,L,N
109,362704,L,N
109,362970,L,N
109,363223,L,N
109,363474,L,N
109,363734,L,N
109,364000,L,N
109,364273,L,N
109,364542,L,N
109,364798,L,N
109,365047,L,N
109,365307,L,N
109,365556,L,N
109,365806,L,N
109,366071,L,N
109,366335,L,N
109,366603,L,N
109,366869,L,N
109,367122,L,N
109,367366,L,N
109,367622,L,N
109,367876,L,N
109,368133,L,N
109,368395,L,N
109,368662,L,N
109,368927,L,N
109,369191,L,N
109,369439,L,N
109,369685,L,N
109,369944,L,N
109,370209,L,N
109,370475,L,N
109,370736,L,N
109,370975,V,V
109,371268,L,N
109,371522,L,N
109,371772,L,N
109,372019,L,N
109,372280,L,N
109,372548,L,N
109,372816,L,N
109,373076,L,N
109,373339,L,N
109,373595,L,N
109,373849,L,N
109,374076,V,V
109,374345,L,N
109,374608,L,N
109,374883,L,N
109,375151,L,N
109,375410,L,N
109,375666,L,N
109,375914,L,N
109,376168,L,N
109,376419,L,N
109,376670,L,N
109,376938,L,N
109,377215,L,N
109,377480,L,N
109,377732,L,N
109,377985,L,N
109,378232,L,N
109,378486,L,N
109,378741,L,N
109,378998,L,N
109,379269,L,N
109,379545,L,N
109,379805,L,N
109,380052,L,N
109,380303,L,N
109,380553,L,N
109,380810,L,N
109,381071,L,N
109,381279,V,V
109,381610,L,N
109,381884,L,N
109,382146,L,N
109,382394,L,N
109,382645,L,N
109,382901,L,N
109,383166,L,N
109,383430,L,N
109,383693,L,N
109,383961,L,N
109,384226,L,N
109,384477,L,N
109,384723,L,N
109,384973,L,N
109,385229,L,N
109,385503,L,N
109,385769,L,N
109,386028,L,N
109,386294,L,N
109,386550,L,N
109,386797,L,N
109,387039,L,N
109,387292,L,N
109,387553,L,N
109,387823,L,N
109,388088,L,N
109,388344,L,N
109,388606,L,N
109,388860,L,N
109,389109,L,N
109,389356,L,N
109,389616,L,N
109,389886,L,N
109,390162,L,N
109,390426,L,N
109,390679,L,N
109,390938,L,N
109,391190,L,N
109,391441,L,N
109,391694,L,N
109,391914,V,V
109,392227,L,N
109,392499,L,N
109,392759,L,N
109,393005,L,N
109,393261,L,N
109,393515,L,N
109,393767,L,N
109,394022,L,N
109,394289,L,N
109,394504,V,V
109,394830,L,N
109,395080,L,N
109,395327,L,N
109,395585,L,N
109,395841,L,N
109,396095,L,N
109,396355,L,N
109,396621,L,N
109,396888,L,N
109,397153,L,N
109,397405,L,N
109,397650,L,N
109,397907,L,N
109,398167,L,N
109,398397,V,V
109,398697,L,N
109,398963,L,N
109,399230,L,N
109,399489,L,N
109,399738,L,N
109,399984,L,N
109,400241,L,N
109,400506,L,N
109,400776,L,N
109,401038,L,N
109,401302,L,N
109,401561,L,N
109,401819,L,N
109,402068,L,N
109,402317,L,N
109,402578,L,N
109,402852,L,N
109,403119,L,N
109,403378,L,N
109,403636,L,N
109,403885,L,N
109,404138,L,N
109,404387,L,N
109,404639,L,N
109,404902,L,N
109,405181,L,N
109,405444,L,N
109,405700,L,N
109,405954,L,N
109,406199,L,N
109,406453,L,N
109,406708,L,N
109,406966,L,N
109,407229,L,N
109,407507,L,N
109,407773,L,N
109,407958,V,V
109,408273,L,N
109,408519,L,N
109,408781,L,N
109,409041,L,N
109,409309,L,N
109,409574,L,N
109,409853,L,N
109,410115,L,N
109,410362,L,N
109,410612,L,N
109,410862,L,N
109,411125,L,N
109,411350,V,V
109,411657,L,N
109,411923,L,N
109,412201,L,N
109,412454,L,N
109,412699,L,N
109,412950,L,N
109,413201,L,N
109,413467,L,N
109,413733,L,N
109,413996,L,N
109,414260,L,N
109,414527,L,N
109,414773,L,N
109,415016,L,N
109,415265,L,N
109,415517,L,N
109,415783,L,N
109,416051,L,N
109,416313,L,N
109,416568,L,N
109,416829,L,N
109,417077,L,N
109,417320,L,N
109,417571,L,N
109,417828,L,N
109,418098,L,N
109,418365,L,N
109,418624,L,N
109,418875,L,N
109,419132,L,N
109,419380,L,N
109,419624,L,N
109,419877,L,N
109,420137,L,N
109,420372,V,V
109,420673,L,N
109,420930,L,N
109,421186,L,N
109,421446,L,N
109,421696,L,N
109,421945,L,N
109,422211,L,N
109,422474,L,N
109,422746,L,N
109,423006,L,N
109,423255,L,N
109,423504,L,N
109,423762,L,N
109,424014,L,N
109,424268,L,N
109,424536,L,N
109,424799,L,N
109,425067,L,N
109,425326,L,N
109,425574,L,N
109,425820,L,N
109,426082,L,N
109,426343,L,N
109,426600,L,N
109,426866,L,N
109,427130,L,N
109,427394,L,N
109,427644,L,N
109,427891,L,N
109,428142,L,N
109,428408,L,N
109,428672,L,N
109,428933,L,N
109,429198,L,N
109,429457,L,N
109,429717,L,N
109,429963,L,N
109,430210,L,N
109,430461,L,N
109,430732,L,N
109,430995,L,N
109,431254,L,N
109,431516,L,N
109,431767,L,N
109,432020,L,N
109,432273,L,N
109,432521,L,N
109,432772,L,N
109,433048,L,N
109,433316,L,N
109,433574,L,N
109,433833,L,N
109,434084,L,N
109,434337,L,N
109,434597,L,N
109,434850,L,N
109,435104,L,N
109,435382,L,N
109,435652,L,N
109,435911,L,N
109,436162,L,N
109,436413,L,N
109,436667,L,N
109,436925,L,N
109,437183,L,N
109,437442,L,N
109,437715,L,N
109,437982,L,N
109,438239,L,N
109,438486,L,N
109,438737,L,N
109,438992,L,N
109,439255,L,N
109,439516,L,N
109,439779,L,N
109,440051,L,N
109,440316,L,N
109,440570,L,N
109,440817,L,N
109,441068,L,N
109,441326,L,N
109,441596,L,N
109,441862,L,N
109,442122,L,N
109,442391,L,N
109,442651,L,N
109,442898,L,N
109,443140,L,N
109,443393,L,N
109,443651,L,N
109,443922,L,N
109,444182,L,N
109,444439,L,N
109,444707,L,N
109,444964,L,N
109,445212,L,N
109,445457,L,N
109,445716,L,N
109,445984,L,N
109,446259,L,N
109,446522,L,N
109,446777,L,N
109,447036,L,N
109,447289,L,N
109,447537,L,N
109,447786,L,N
109,448046,L,N
109,448318,L,N
109,448593,L,N
109,448854,L,N
109,449104,L,N
109,449363,L,N
109,449617,L,N
109,449868,L,N
109,450124,L,N
109,450387,L,N
109,450656,L,N
109,450930,L,N
109,451186,L,N
109,451429,L,N
109,451687,L,N
109,451937,L,N
109,452190,L,N
109,452453,L,N
109,452721,L,N
109,452992,L,N
109,453260,L,N
109,453513,L,N
109,453759,L,N
109,454021,L,N
109,454276,L,N
109,454532,L,N
109,454798,L,N
109,455065,L,N
109,455334,L,N
109,455591,L,N
109,455839,L,N
109,456086,L,N
109,456346,L,N
109,456605,L,N
109,456867,L,N
109,457133,L,N
109,457392,L,N
109,457656,L,N
109,457910,L,N
109,458156,L,N
109,458401,L,N
109,458666,L,N
109,458930,L,N
109,459189,L,N
109,459453,L,N
109,459711,L,N
109,459967,L,N
109,460219,L,N
109,460466,L,N
109,460714,L,N
109,460987,L,N
109,461254,L,N
109,461512,L,N
109,461775,L,N
109,462029,L,N
109,462282,L,N
109,462534,L,N
109,462785,L,N
109,463034,L,N
109,463306,L,N
109,463574,L,N
109,463833,L,N
109,464088,L,N
109,464337,L,N
109,464589,L,N
109,464844,L,N
109,465096,L,N
109,465350,L,N
109,465620,L,N
109,465888,L,N
109,466149,L,N
109,466396,L,N
109,466641,L,N
109,466890,L,N
109,467146,L,N
109,467397,L,N
109,467652,L,N
109,467919,L,N
109,468191,L,N
109,468447,L,N
109,468690,L,N
109,468938,L,N
109,469186,L,N
109,469444,L,N
109,469705,L,N
109,469968,L,N
109,470237,L,N
109,470509,L,N
109,470762,L,N
109,471005,L,N
109,471257,L,N
109,471508,L,N
109,471773,L,N
109,472040,L,N
109,472305,L,N
109,472568,L,N
109,472838,L,N
109,473090,L,N
109,473334,L,N
109,473586,L,N
109,473842,L,N
109,474074,V,V
109,474381,L,N
109,474645,L,N
109,474903,L,N
109,475167,L,N
109,475420,L,N
109,475661,L,N
109,475914,L,N
109,476174,L,N
109,476448,L,N
109,476713,L,N
109,476971,L,N
109,477224,L,N
109,477484,L,N
109,477732,L,N
109,477977,L,N
109,478235,L,N
109,478495,L,N
109,478767,L,N
109,479032,L,N
109,479284,L,N
109,479534,L,N
109,479793,L,N
109,480045,L,N
109,480295,L,N
109,480559,L,N
109,480823,L,N
109,481091,L,N
109,481353,L,N
109,481604,L,N
109,481850,L,N
109,482110,L,N
109,482362,L,N
109,482615,L,N
109,482881,L,N
109,483144,L,N
109,483411,L,N
109,483665,L,N
109,483912,L,N
109,484159,L,N
109,484419,L,N
109,484677,L,N
109,484933,L,N
109,485197,L,N
109,485459,L,N
109,485722,L,N
109,485970,L,N
109,486213,L,N
109,486461,L,N
109,486725,L,N
109,486984,L,N
109,487240,L,N
109,487504,L,N
109,487761,L,N
109,488020,L,N
109,488270,L,N
109,488514,L,N
109,488764,L,N
109,489033,L,N
109,489298,L,N
109,489556,L,N
109,489819,L,N
109,490074,L,N
109,490327,L,N
109,490576,L,N
109,490824,L,N
109,491074,L,N
109,491349,L,N
109,491618,L,N
109,491875,L,N
109,492132,L,N
109,492383,L,N
109,492638,L,N
109,492886,L,N
109,493135,L,N
109,493391,L,N
109,493669,L,N
109,493932,L,N
109,494186,L,N
109,494439,L,N
109,494683,L,N
109,494935,L,N
109,495188,L,N
109,495441,L,N
109,495701,L,N
109,495976,L,N
109,496239,L,N
109,496493,L,N
109,496742,L,N
109,496989,L,N
109,497241,L,N
109,497503,L,N
109,497763,L,N
109,498022,L,N
109,498295,L,N
109,498557,L,N
109,498809,L,N
109,499053,L,N
109,499301,L,N
109,499556,L,N
109,499822,L,N
109,500088,L,N
109,500346,L,N
109,500615,L,N
109,500879,L,N
109,501129,L,N
109,501368,L,N
109,501619,L,N
109,501876,L,N
109,502140,L,N
109,502402,L,N
109,502662,L,N
109,502925,L,N
109,503179,L,N
109,503425,L,N
109,503667,L,N
109,503919,L,N
109,504178,L,N
109,504449,L,N
109,504712,L,N
109,504973,L,N
109,505231,L,N
109,505491,L,N
109,505739,L,N
109,505984,L,N
109,506242,L,N
109,506504,L,N
109,506778,L,N
109,507045,L,N
109,507299,L,N
109,507550,L,N
109,507812,L,N
109,508065,L,N
109,508310,L,N
109,508576,L,N
109,508840,L,N
109,509111,L,N
109,509374,L,N
109,509624,L,N
109,509874,L,N
109,510135,L,N
109,510389,L,N
109,510642,L,N
109,510907,L,N
109,511144,V,V
109,511443,L,N
109,511698,L,N
109,511950,L,N
109,512202,L,N
109,512464,L,N
109,512723,L,N
109,512984,L,N
109,513251,L,N
109,513516,L,N
109,513781,L,N
109,514030,L,N
109,514275,L,N
109,514527,L,N
109,514788,L,N
109,515048,L,N
109,515309,L,N
109,515575,L,N
109,515833,L,N
109,516093,L,N
109,516340,L,N
109,516583,L,N
109,516837,L,N
109,517103,L,N
109,517368,L,N
109,517624,L,N
109,517889,L,N
109,518145,L,N
109,518398,L,N
109,518644,L,N
109,518887,L,N
109,519142,L,N
109,519412,L,N
109,519678,L,N
109,519935,L,N
109,520195,L,N
109,520447,L,N
109,520699,L,N
109,520945,L,N
109,521194,L,N
109,521455,L,N
109,521728,L,N
109,521995,L,N
109,522255,L,N
109,522512,L,N
109,522759,L,N
109,523012,L,N
109,523263,L,N
109,523514,L,N
109,523777,L,N
109,524051,L,N
109,524267,V,V
109,524564,L,N
109,524813,L,N
109,525055,L,N
109,525307,L,N
109,525555,L,N
109,525806,L,N
109,526065,L,N
109,526336,L,N
109,526592,L,N
109,526831,L,N
109,527072,L,N
109,527313,L,N
109,527560,L,N
109,527810,L,N
109,528067,L,N
109,528321,L,N
109,528587,L,N
109,528842,L,N
109,529085,L,N
109,529324,L,N
109,529561,L,N
109,529806,L,N
109,530053,L,N
109,530302,L,N
109,530549,L,N
109,530798,L,N
109,531050,L,N
109,531280,L,N
109,531504,L,N
109,531718,L,N
109,531934,L,N
109,532155,L,N
109,532383,L,N
109,532622,L,N
109,532868,L,N
109,533107,L,N
109,533357,L,N
109,533584,L,N
109,533814,L,N
109,534042,L,N
109,534278,L,N
109,534520,L,N
109,534769,L,N
109,535013,L,N
109,535253,L,N
109,535490,L,N
109,535736,L,N
109,535968,L,N
109,536199,L,N
109,536441,L,N
109,536693,L,N
109,536955,L,N
109,537219,L,N
109,537467,L,N
109,537705,L,N
109,537950,L,N
109,538196,L,N
109,538438,L,N
109,538680,L,N
109,538938,L,N
109,539196,L,N
109,539456,L,N
109,539706,L,N
109,539948,L,N
109,540193,L,N
109,540450,L,N
109,540705,L,N
109,540960,L,N
109,541229,L,N
109,541497,L,N
109,541770,L,N
109,542027,L,N
109,542278,L,N
109,542539,L,N
109,542807,L,N
109,543073,L,N
109,543342,L,N
109,543614,L,N
109,543886,L,N
109,544156,L,N
109,544412,L,N
109,544663,L,N
109,544932,L,N
109,545162,V,V
109,545476,L,N
109,545745,L,N
109,546014,L,N
109,546275,L,N
109,546533,L,N
109,546782,L,N
109,547028,L,N
109,547291,L,N
109,547558,L,N
109,547818,L,N
109,548083,L,N
109,548340,L,N
109,548598,L,N
109,548855,L,N
109,549107,L,N
109,549361,L,N
109,549639,L,N
109,549912,L,N
109,550178,L,N
109,550442,L,N
109,550694,L,N
109,550957,L,N
109,551213,L,N
109,551469,L,N
109,551737,L,N
109,552023,L,N
109,552296,L,N
109,552557,L,N
109,552821,L,N
109,553076,L,N
109,553337,L,N
109,553595,L,N
109,553858,L,N
109,554135,L,N
109,554416,L,N
109,554686,L,N
109,554943,L,N
109,555203,L,N
109,555464,L,N
109,555731,L,N
109,555998,L,N
109,556269,L,N
109,556554,L,N
109,556833,L,N
109,557093,L,N
109,557349,L,N
109,557606,L,N
109,557875,L,N
109,558145,L,N
109,558413,L,N
109,558685,L,N
109,558970,L,N
109,559232,L,N
109,559484,L,N
109,559738,L,N
109,559992,L,N
109,560261,L,N
109,560531,L,N
109,560801,L,N
109,561067,L,N
109,561340,L,N
109,561592,L,N
109,561837,L,N
109,562091,L,N
109,562344,L,N
109,562613,L,N
109,562884,L,N
109,563152,L,N
109,563410,L,N
109,563677,L,N
109,563929,L,N
109,564173,L,N
109,564427,L,N
109,564681,L,N
109,564949,L,N
109,565213,L,N
109,565466,L,N
109,565712,L,N
109,565954,L,N
109,566184,L,N
109,566420,L,N
109,566644,L,N
109,566894,L,N
109,567140,L,N
109,567396,L,N
109,567630,L,N
109,567874,L,N
109,568101,L,N
109,568347,L,N
109,568574,L,N
109,568811,L,N
109,569051,L,N
109,569300,L,N
109,569544,L,N
109,569796,L,N
109,570031,L,N
109,570255,L,N
109,570513,L,N
109,570751,L,N
109,570986,L,N
109,571220,L,N
109,571465,L,N
109,571705,L,N
109,571936,L,N
109,572177,L,N
109,572405,L,N
109,572629,L,N
109,572868,L,N
109,573115,L,N
109,573365,L,N
109,573612,L,N
109,573869,L,N
109,574122,L,N
109,574373,L,N
109,574620,L,N
109,574863,L,N
109,575112,L,N
109,575382,L,N
109,575649,L,N
109,575909,L,N
109,576174,L,N
109,576435,L,N
109,576693,L,N
109,576943,L,N
109,577193,L,N
109,577454,L,N
109,577731,L,N
109,578001,L,N
109,578267,L,N
109,578531,L,N
109,578788,L,N
109,579048,L,N
109,579302,L,N
109,579553,L,N
109,579826,L,N
109,580104,L,N
109,580349,V,V
109,580630,L,N
109,580883,L,N
109,581138,L,N
109,581397,L,N
109,581646,L,N
109,581896,L,N
109,582167,L,N
109,582442,L,N
109,582703,L,N
109,582955,L,N
109,583206,L,N
109,583457,L,N
109,583668,V,V
109,583973,L,N
109,584231,L,N
109,584515,L,N
109,584782,L,N
109,585044,L,N
109,585297,L,N
109,585553,L,N
109,585814,L,N
109,586079,L,N
109,586347,L,N
109,586619,L,N
109,586896,L,N
109,587163,L,N
109,587416,L,N
109,587670,L,N
109,587918,L,N
109,588180,L,N
109,588448,L,N
109,588716,L,N
109,588982,L,N
109,589259,L,N
109,589521,L,N
109,589768,L,N
109,590021,L,N
109,590272,L,N
109,590538,L,N
109,590814,L,N
109,591084,L,N
109,591357,L,N
109,591634,L,N
109,591893,L,N
109,592145,L,N
109,592410,L,N
109,592681,L,N
109,592962,L,N
109,593235,L,N
109,593508,L,N
109,593782,L,N
109,594045,L,N
109,594305,L,N
109,594563,L,N
109,594830,L,N
109,595113,L,N
109,595398,L,N
109,595672,L,N
109,595934,L,N
109,596173,V,V
109,596459,L,N
109,596712,L,N
109,596980,L,N
109,597247,L,N
109,597529,L,N
109,597807,L,N
109,598070,L,N
109,598323,L,N
109,598589,L,N
109,598847,L,N
109,599102,L,N
109,599370,L,N
109,599638,L,N
109,599915,L,N
109,600183,L,N
109,600441,L,N
109,600692,L,N
109,600964,L,N
109,601228,L,N
109,601491,L,N
109,601765,L,N
109,602037,L,N
109,602310,L,N
109,602568,L,N
109,602818,L,N
109,603073,L,N
109,603342,L,N
109,603548,V,V
109,603876,L,N
109,604143,L,N
109,604418,L,N
109,604683,L,N
109,604935,L,N
109,605185,L,N
109,605449,L,N
109,605725,L,N
109,606000,L,N
109,606265,L,N
109,606534,L,N
109,606800,L,N
109,607064,L,N
109,607313,L,N
109,607560,L,N
109,607838,L,N
109,608075,V,V
109,608385,L,N
109,608652,L,N
109,608919,L,N
109,609182,L,N
109,609445,L,N
109,609701,L,N
109,609961,L,N
109,610251,L,N
109,610526,L,N
109,610793,L,N
109,611058,L,N
109,611319,L,N
109,611583,L,N
109,611848,L,N
109,612114,L,N
109,612389,L,N
109,612671,L,N
109,612946,L,N
109,613205,L,N
109,613460,L,N
109,613718,L,N
109,613984,L,N
109,614247,L,N
109,614517,L,N
109,614803,L,N
109,615079,L,N
109,615342,L,N
109,615604,L,N
109,615863,L,N
109,616131,L,N
109,616402,L,N
109,616677,L,N
109,616956,L,N
109,617245,L,N
109,617510,L,N
109,617765,L,N
109,618027,L,N
109,618288,L,N
109,618558,L,N
109,618828,L,N
109,619101,L,N
109,619379,L,N
109,619650,L,N
109,619905,L,N
109,620157,L,N
109,620413,L,N
109,620679,L,N
109,620953,L,N
109,621226,L,N
109,621493,L,N
109,621770,L,N
109,622031,L,N
109,622283,L,N
109,622542,L,N
109,622804,L,N
109,623082,L,N
109,623361,L,N
109,623633,L,N
109,623903,L,N
109,624176,L,N
109,624430,L,N
109,624680,L,N
109,624945,L,N
109,625211,L,N
109,625491,L,N
109,625762,L,N
109,626028,L,N
109,626294,L,N
109,626561,L,N
109,626820,L,N
109,627074,L,N
109,627349,L,N
109,627628,L,N
109,627910,L,N
109,628183,L,N
109,628440,L,N
109,628703,L,N
109,628971,L,N
109,629232,L,N
109,629499,L,N
109,629775,L,N
109,630056,L,N
109,630339,L,N
109,630602,L,N
109,630858,L,N
109,631126,L,N
109,631392,L,N
109,631628,V,V
109,631940,L,N
109,632215,L,N
109,632495,L,N
109,632756,L,N
109,633012,L,N
109,633265,L,N
109,633534,L,N
109,633798,L,N
109,634064,L,N
109,634338,L,N
109,634604,L,N
109,634871,L,N
109,635129,L,N
109,635384,L,N
109,635645,L,N
109,635922,L,N
109,636195,L,N
109,636467,L,N
109,636744,L,N
109,637009,L,N
109,637271,L,N
109,637531,L,N
109,637787,L,N
109,638058,L,N
109,638342,L,N
109,638618,L,N
109,638887,L,N
109,639157,L,N
109,639423,L,N
109,639689,L,N
109,639949,L,N
109,640215,L,N
109,640494,L,N
109,640762,L,N
109,641017,L,N
109,641264,L,N
109,641504,L,N
109,641748,L,N
109,642007,L,N
109,642248,L,N
109,642491,L,N
109,642740,L,N
109,642992,L,N
109,643243,L,N
109,643485,L,N
109,643720,L,N
109,643959,L,N
109,644205,L,N
109,644455,L,N
109,644701,L,N
109,644961,L,N
109,645227,L,N
109,645483,L,N
109,645723,L,N
109,645965,L,N
109,646206,L,N
109,646459,L,N
109,646719,L,N
109,646982,L,N
109,647252,L,N
109,647528,L,N
109,647790,L,N
109,648042,L,N
109,648297,L,N
109,648559,L,N
109,648784,V,V
109,649109,L,N
109,649378,L,N
109,649663,L,N
109,649931,L,N
111,197,L,N
111,489,L,N
111,804,L,N
111,1127,L,N
111,1430,L,N
111,1739,L,N
111,2040,L,N
111,2344,L,N
111,2641,L,N
111,2961,L,N
111,3278,L,N
111,3579,L,N
111,3887,L,N
111,4195,L,N
111,4494,L,N
111,4786,L,N
111,5101,L,N
111,5419,L,N
111,5725,L,N
111,6044,L,N
111,6343,L,N
111,6638,L,N
111,6934,L,N
111,7261,L,N
111,7578,L,N
111,7884,L,N
111,8195,L,N
111,8499,L,N
111,8802,L,N
111,9104,L,N
111,9423,L,N
111,9733,L,N
111,10042,L,N
111,10362,L,N
111,10669,L,N
111,10970,L,N
111,11275,L,N
111,11603,L,N
111,11935,L,N
111,12253,L,N
111,12573,L,N
111,12888,L,N
111,13196,L,N
111,13512,L,N
111,13845,L,N
111,14167,L,N
111,14480,L,N
111,14799,L,N
111,15102,L,N
111,15402,L,N
111,15717,L,N
111,16033,L,N
111,16360,L,N
111,16663,L,N
111,16973,L,N
111,17273,L,N
111,17565,L,N
111,17886,L,N
111,18209,L,N
111,18516,L,N
111,18821,L,N
111,19143,L,N
111,19450,L,N
111,19749,L,N
111,20070,L,N
111,20395,L,N
111,20720,L,N
111,21033,L,N
111,21347,L,N
111,21653,L,N
111,21954,L,N
111,22285,L,N
111,22615,L,N
111,22942,L,N
111,23253,L,N
111,23567,L,N
111,23876,L,N
111,24182,L,N
111,24502,L,N
111,24829,L,N
111,25137,L,N
111,25454,L,N
111,25766,L,N
111,26066,L,N
111,26370,L,N
111,26695,L,N
111,27031,L,N
111,27355,L,N
111,27674,L,N
111,27983,L,N
111,28299,L,N
111,28621,L,N
111,28954,L,N
111,29283,L,N
111,29589,L,N
111,29903,L,N
111,30213,L,N
111,30523,L,N
111,30835,L,N
111,31159,L,N
111,31496,L,N
111,31813,L,N
111,32129,L,N
111,32439,L,N
111,32743,L,N
111,33071,L,N
111,33403,L,N
111,33726,L,N
111,34030,L,N
111,34336,L,N
111,34648,L,N
111,34952,L,N
111,35277,L,N
111,35604,L,N
111,35925,L,N
111,36242,L,N
111,36560,L,N
111,36868,L,N
111,37170,L,N
111,37497,L,N
111,37826,L,N
111,38135,L,N
111,38435,L,N
111,38734,L,N
111,39036,L,N
111,39337,L,N
111,39667,L,N
111,39987,L,N
111,40298,L,N
111,40617,L,N
111,40930,L,N
111,41242,L,N
111,41551,L,N
111,41875,L,N
111,42204,L,N
111,42523,L,N
111,42842,L,N
111,43143,L,N
111,43443,L,N
111,43759,L,N
111,44088,L,N
111,44411,L,N
111,44716,L,N
111,45032,L,N
111,45343,L,N
111,45650,L,N
111,45968,L,N
111,46301,L,N
111,46631,L,N
111,46946,L,N
111,47258,L,N
111,47562,L,N
111,47861,L,N
111,48187,L,N
111,48517,L,N
111,48847,L,N
111,49150,L,N
111,49455,L,N
111,49763,L,N
111,50067,L,N
111,50390,L,N
111,50698,L,N
111,51016,L,N
111,51321,L,N
111,51632,L,N
111,51940,L,N
111,52237,L,N
111,52556,L,N
111,52888,L,N
111,53209,L,N
111,53521,L,N
111,53820,L,N
111,54104,L,N
111,54430,L,N
111,54760,L,N
111,55080,L,N
111,55391,L,N
111,55703,L,N
111,56014,L,N
111,56316,L,N
111,56604,L,N
111,56922,L,N
111,57238,L,N
111,57550,L,N
111,57868,L,N
111,58171,L,N
111,58470,L,N
111,58772,L,N
111,59097,L,N
111,59416,L,N
111,59723,L,N
111,60036,L,N
111,60337,L,N
111,60641,L,N
111,60939,L,N
111,61252,L,N
111,61567,L,N
111,61874,L,N
111,62189,L,N
111,62489,L,N
111,62781,L,N
111,63073,L,N
111,63388,L,N
111,63707,L,N
111,64022,L,N
111,64321,L,N
111,64619,L,N
111,64919,L,N
111,65217,L,N
111,65534,L,N
111,65844,L,N
111,66153,L,N
111,66452,L,N
111,66753,L,N
111,67046,L,N
111,67329,L,N
111,67620,L,N
111,67937,L,N
111,68238,L,N
111,68525,L,N
111,68811,L,N
111,69093,L,N
111,69371,L,N
111,69666,L,N
111,69978,L,N
111,70284,L,N
111,70578,L,N
111,70880,L,N
111,71180,L,N
111,71466,L,N
111,71754,L,N
111,72064,L,N
111,72374,L,N
111,72676,L,N
111,72982,L,N
111,73282,L,N
111,73578,L,N
111,73864,L,N
111,74180,L,N
111,74489,L,N
111,74793,L,N
111,75082,L,N
111,75382,L,N
111,75671,L,N
111,75957,L,N
111,76270,L,N
111,76585,L,N
111,76891,L,N
111,77192,L,N
111,77490,L,N
111,77777,L,N
111,78060,L,N
111,78368,L,N
111,78679,L,N
111,78990,L,N
111,79293,L,N
111,79599,L,N
111,79895,L,N
111,80197,L,N
111,80514,L,N
111,80830,L,N
111,81143,L,N
111,81448,L,N
111,81757,L,N
111,82060,L,N
111,82363,L,N
111,82670,L,N
111,82992,L,N
111,83318,L,N
111,83635,L,N
111,83951,L,N
111,84258,L,N
111,84561,L,N
111,84887,L,N
111,85220,L,N
111,85540,L,N
111,85847,L,N
111,86158,L,N
111,86467,L,N
111,86769,L,N
111,87091,L,N
111,87413,L,N
111,87738,L,N
111,88041,L,N
111,88352,L,N
111,88665,L,N
111,88963,L,N
111,89269,L,N
111,89593,L,N
111,89910,L,N
111,90212,L,N
111,90528,L,N
111,90826,L,N
111,91113,L,N
111,91433,L,N
111,91750,L,N
111,92063,L,N
111,92363,L,N
111,92679,L,N
111,92978,L,N
111,93270,L,N
111,93589,L,N
111,93908,L,N
111,94220,L,N
111,94527,L,N
111,94830,L,N
111,95123,L,N
111,95413,L,N
111,95732,L,N
111,96051,L,N
111,96362,L,N
111,96668,L,N
111,96964,L,N
111,97266,L,N
111,97564,L,N
111,97883,L,N
111,98201,L,N
111,98522,L,N
111,98829,L,N
111,99136,L,N
111,99432,L,N
111,99721,L,N
111,100034,L,N
111,100364,L,N
111,100684,L,N
111,100988,L,N
111,101291,L,N
111,101600,L,N
111,101901,L,N
111,102222,L,N
111,102543,L,N
111,102864,L,N
111,103164,L,N
111,103475,L,N
111,103774,L,N
111,104067,L,N
111,104387,L,N
111,104711,L,N
111,105019,L,N
111,105317,L,N
111,105620,L,N
111,105920,L,N
111,106215,L,N
111,106537,L,N
111,106856,L,N
111,107172,L,N
111,107483,L,N
111,107803,L,N
111,108110,L,N
111,108407,L,N
111,108725,L,N
111,109046,L,N
111,109363,L,N
111,109670,L,N
111,109972,L,N
111,110267,L,N
111,110562,L,N
111,110885,L,N
111,111207,L,N
111,111521,L,N
111,111826,L,N
111,112131,L,N
111,112436,L,N
111,112747,L,N
111,113064,L,N
111,113379,L,N
111,113705,L,N
111,114021,L,N
111,114333,L,N
111,114630,L,N
111,114932,L,N
111,115260,L,N
111,115585,L,N
111,115891,L,N
111,116204,L,N
111,116509,L,N
111,116816,L,N
111,117108,L,N
111,117427,L,N
111,117745,L,N
111,118051,L,N
111,118364,L,N
111,118671,L,N
111,118970,L,N
111,119270,L,N
111,119588,L,N
111,119912,L,N
111,120220,L,N
111,120531,L,N
111,120835,L,N
111,121130,L,N
111,121423,L,N
111,121748,L,N
111,122066,L,N
111,122369,L,N
111,122679,L,N
111,122988,L,N
111,123294,L,N
111,123586,L,N
111,123899,L,N
111,124220,L,N
111,124524,L,N
111,124836,L,N
111,125139,L,N
111,125430,L,N
111,125720,L,N
111,126047,L,N
111,126371,L,N
111,126681,L,N
111,126982,L,N
111,127291,L,N
111,127594,L,N
111,127895,L,N
111,128219,L,N
111,128539,L,N
111,128847,L,N
111,129169,L,N
111,129475,L,N
111,129773,L,N
111,130070,L,N
111,130397,L,N
111,130719,L,N
111,131033,L,N
111,131347,L,N
111,131654,L,N
111,131962,L,N
111,132276,L,N
111,132602,L,N
111,132922,L,N
111,133231,L,N
111,133541,L,N
111,133846,L,N
111,134153,L,N
111,134456,L,N
111,134775,L,N
111,135100,L,N
111,135408,L,N
111,135717,L,N
111,136013,L,N
111,136314,L,N
111,136621,L,N
111,136950,L,N
111,137281,L,N
111,137591,L,N
111,137904,L,N
111,138213,L,N
111,138510,L,N
111,138813,L,N
111,139130,L,N
111,139454,L,N
111,139757,L,N
111,140068,L,N
111,140366,L,N
111,140662,L,N
111,140968,L,N
111,141292,L,N
111,141603,L,N
111,141904,L,N
111,142212,L,N
111,142514,L,N
111,142818,L,N
111,143123,L,N
111,143448,L,N
111,143769,L,N
111,144080,L,N
111,144399,L,N
111,144704,L,N
111,145006,L,N
111,145321,L,N
111,145646,L,N
111,145978,L,N
111,146292,L,N
111,146595,L,N
111,146891,L,N
111,147192,L,N
111,147514,L,N
111,147841,L,N
111,148158,L,N
111,148465,L,N
111,148775,L,N
111,149077,L,N
111,149369,L,N
111,149691,L,N
111,150012,L,N
111,150345,L,N
111,150656,L,N
111,150961,L,N
111,151269,L,N
111,151573,L,N
111,151898,L,N
111,152229,L,N
111,152549,L,N
111,152857,L,N
111,153170,L,N
111,153481,L,N
111,153785,L,N
111,154102,L,N
111,154425,L,N
111,154746,L,N
111,155062,L,N
111,155368,L,N
111,155671,L,N
111,155971,L,N
111,156295,L,N
111,156618,L,N
111,156931,L,N
111,157237,L,N
111,157539,L,N
111,157845,L,N
111,158153,L,N
111,158483,L,N
111,158807,L,N
111,159119,L,N
111,159446,L,N
111,159760,L,N
111,160063,L,N
111,160370,L,N
111,160700,L,N
111,161023,L,N
111,161334,L,N
111,161646,L,N
111,161941,L,N
111,162239,L,N
111,162543,L,N
111,162864,L,N
111,163188,L,N
111,163495,L,N
111,163811,L,N
111,164117,L,N
111,164423,L,N
111,164731,L,N
111,165058,L,N
111,165376,L,N
111,165684,L,N
111,165994,L,N
111,166298,L,N
111,166602,L,N
111,166915,L,N
111,167238,L,N
111,167568,L,N
111,167877,L,N
111,168186,L,N
111,168488,L,N
111,168797,L,N
111,169113,L,N
111,169424,L,N
111,169744,L,N
111,170054,L,N
111,170364,L,N
111,170670,L,N
111,170966,L,N
111,171280,L,N
111,171598,L,N
111,171925,L,N
111,172227,L,N
111,172528,L,N
111,172825,L,N
111,173117,L,N
111,173431,L,N
111,173756,L,N
111,174073,L,N
111,174374,L,N
111,174684,L,N
111,174989,L,N
111,175287,L,N
111,175594,L,N
111,175914,L,N
111,176235,L,N
111,176543,L,N
111,176859,L,N
111,177156,L,N
111,177440,L,N
111,177760,L,N
111,178083,L,N
111,178393,L,N
111,178687,L,N
111,178990,L,N
111,179285,L,N
111,179582,L,N
111,179887,L,N
111,180200,L,N
111,180517,L,N
111,180828,L,N
111,181140,L,N
111,181438,L,N
111,181733,L,N
111,182045,L,N
111,182369,L,N
111,182696,L,N
111,183008,L,N
111,183312,L,N
111,183614,L,N
111,183924,L,N
111,184242,L,N
111,184561,L,N
111,184882,L,N
111,185188,L,N
111,185497,L,N
111,185803,L,N
111,186095,L,N
111,186351,V,V
111,186720,L,N
111,187044,L,N
111,187342,L,N
111,187634,L,N
111,187920,L,N
111,188208,L,N
111,188504,L,N
111,188820,L,N
111,189126,L,N
111,189419,L,N
111,189725,L,N
111,190024,L,N
111,190324,L,N
111,190612,L,N
111,190947,L,N
111,191269,L,N
111,191578,L,N
111,191892,L,N
111,192207,L,N
111,192512,L,N
111,192823,L,N
111,193157,L,N
111,193486,L,N
111,193790,L,N
111,194098,L,N
111,194398,L,N
111,194708,L,N
111,195027,L,N
111,195346,L,N
111,195680,L,N
111,195997,L,N
111,196312,L,N
111,196619,L,N
111,196915,L,N
111,197238,L,N
111,197563,L,N
111,197874,L,N
111,198175,L,N
111,198486,L,N
111,198780,L,N
111,199071,L,N
111,199383,L,N
111,199693,L,N
111,199999,L,N
111,200296,L,N
111,200598,L,N
111,200891,L,N
111,201182,L,N
111,201486,L,N
111,201795,L,N
111,202105,L,N
111,202401,L,N
111,202700,L,N
111,202987,L,N
111,203282,L,N
111,203574,L,N
111,203889,L,N
111,204201,L,N
111,204496,L,N
111,204799,L,N
111,205098,L,N
111,205394,L,N
111,205681,L,N
111,205987,L,N
111,206300,L,N
111,206602,L,N
111,206909,L,N
111,207216,L,N
111,207513,L,N
111,207802,L,N
111,208114,L,N
111,208428,L,N
111,208735,L,N
111,209032,L,N
111,209330,L,N
111,209627,L,N
111,209922,L,N
111,210235,L,N
111,210543,L,N
111,210854,L,N
111,211152,L,N
111,211454,L,N
111,211748,L,N
111,212034,L,N
111,212347,L,N
111,212665,L,N
111,212977,L,N
111,213274,L,N
111,213575,L,N
111,213867,L,N
111,214153,L,N
111,214464,L,N
111,214780,L,N
111,215094,L,N
111,215389,L,N
111,215690,L,N
111,215989,L,N
111,216288,L,N
111,216581,L,N
111,216890,L,N
111,217201,L,N
111,217505,L,N
111,217805,L,N
111,218095,L,N
111,218396,L,N
111,218674,L,N
111,218984,L,N
111,219294,L,N
111,219589,L,N
111,219891,L,N
111,220182,L,N
111,220467,L,N
111,220750,L,N
111,221056,L,N
111,221365,L,N
111,221667,L,N
111,221958,L,N
111,222260,L,N
111,222555,L,N
111,222843,L,N
111,223149,L,N
111,223466,L,N
111,223775,L,N
111,224068,L,N
111,224362,L,N
111,224660,L,N
111,224948,L,N
111,225255,L,N
111,225574,L,N
111,225890,L,N
111,226190,L,N
111,226501,L,N
111,226804,L,N
111,227106,L,N
111,227421,L,N
111,227742,L,N
111,228062,L,N
111,228368,L,N
111,228686,L,N
111,228988,L,N
111,229297,L,N
111,229612,L,N
111,229944,L,N
111,230258,L,N
111,230562,L,N
111,230874,L,N
111,231182,L,N
111,231493,L,N
111,231800,L,N
111,232119,L,N
111,232443,L,N
111,232742,L,N
111,233051,L,N
111,233345,L,N
111,233640,L,N
111,233962,L,N
111,234292,L,N
111,234616,L,N
111,234937,L,N
111,235157,L,N
111,235510,L,N
111,235816,L,N
111,236144,L,N
111,236467,L,N
111,236797,L,N
111,237090,L,N
111,237402,L,N
111,237703,L,N
111,238001,L,N
111,238325,L,N
111,238652,L,N
111,238975,L,N
111,239287,L,N
111,239597,L,N
111,239895,L,N
111,240197,L,N
111,240530,L,N
111,240851,L,N
111,241167,L,N
111,241481,L,N
111,241794,L,N
111,242092,L,N
111,242386,L,N
111,242703,L,N
111,243017,L,N
111,243337,L,N
111,243653,L,N
111,243954,L,N
111,244257,L,N
111,244560,L,N
111,244890,L,N
111,245210,L,N
111,245517,L,N
111,245836,L,N
111,246143,L,N
111,246447,L,N
111,246752,L,N
111,247075,L,N
111,247391,L,N
111,247698,L,N
111,248023,L,N
111,248330,L,N
111,248625,L,N
111,248926,L,N
111,249250,L,N
111,249580,L,N
111,249896,L,N
111,250209,L,N
111,250522,L,N
111,250809,L,N
111,251113,L,N
111,251439,L,N
111,251752,L,N
111,252061,L,N
111,252372,L,N
111,252674,L,N
111,252975,L,N
111,253273,L,N
111,253582,L,N
111,253901,L,N
111,254214,L,N
111,254531,L,N
111,254831,L,N
111,255137,L,N
111,255443,L,N
111,255778,L,N
111,256090,L,N
111,256393,L,N
111,256705,L,N
111,257013,L,N
111,257314,L,N
111,257619,L,N
111,257939,L,N
111,258260,L,N
111,258584,L,N
111,258896,L,N
111,259194,L,N
111,259487,L,N
111,259769,L,N
111,260094,L,N
111,260411,L,N
111,260713,L,N
111,261020,L,N
111,261324,L,N
111,261627,L,N
111,261942,L,N
111,262265,L,N
111,262587,L,N
111,262909,L,N
111,263228,L,N
111,263537,L,N
111,263842,L,N
111,264163,L,N
111,264499,L,N
111,264819,L,N
111,265130,L,N
111,265438,L,N
111,265737,L,N
111,266047,L,N
111,266345,L,N
111,266661,L,N
111,266975,L,N
111,267278,L,N
111,267582,L,N
111,267881,L,N
111,268175,L,N
111,268481,L,N
111,268800,L,N
111,269128,L,N
111,269439,L,N
111,269750,L,N
111,270052,L,N
111,270353,L,N
111,270682,L,N
111,271016,L,N
111,271341,L,N
111,271647,L,N
111,271957,L,N
111,272257,L,N
111,272550,L,N
111,272865,L,N
111,273176,L,N
111,273486,L,N
111,273795,L,N
111,274108,L,N
111,274406,L,N
111,274700,L,N
111,275027,L,N
111,275354,L,N
111,275689,L,N
111,275969,L,N
111,276272,L,N
111,276572,L,N
111,276863,L,N
111,277178,L,N
111,277501,L,N
111,277813,L,N
111,278123,L,N
111,278423,L,N
111,278721,L,N
111,279013,L,N
111,279331,L,N
111,279648,L,N
111,279966,L,N
111,280269,L,N
111,280574,L,N
111,280861,L,N
111,281154,L,N
111,281478,L,N
111,281800,L,N
111,282114,L,N
111,282419,L,N
111,282731,L,N
111,283044,L,N
111,283343,L,N
111,283656,L,N
111,283977,L,N
111,284307,L,N
111,284617,L,N
111,284915,L,N
111,285215,L,N
111,285514,L,N
111,285837,L,N
111,286161,L,N
111,286491,L,N
111,286789,L,N
111,287083,L,N
111,287389,L,N
111,287682,L,N
111,287992,L,N
111,288301,L,N
111,288621,L,N
111,288927,L,N
111,289233,L,N
111,289533,L,N
111,289838,L,N
111,290164,L,N
111,290502,L,N
111,290830,L,N
111,291142,L,N
111,291460,L,N
111,291770,L,N
111,292082,L,N
111,292417,L,N
111,292745,L,N
111,293057,L,N
111,293381,L,N
111,293694,L,N
111,294006,L,N
111,294308,L,N
111,294636,L,N
111,294964,L,N
111,295273,L,N
111,295586,L,N
111,295893,L,N
111,296193,L,N
111,296506,L,N
111,296844,L,N
111,297154,L,N
111,297458,L,N
111,297767,L,N
111,298059,L,N
111,298359,L,N
111,298658,L,N
111,298975,L,N
111,299280,L,N
111,299585,L,N
111,299896,L,N
111,300196,L,N
111,300505,L,N
111,300789,L,N
111,301106,L,N
111,301426,L,N
111,301730,L,N
111,302037,L,N
111,302336,L,N
111,302638,L,N
111,302931,L,N
111,303258,L,N
111,303557,L,N
111,303860,L,N
111,304164,L,N
111,304460,L,N
111,304754,L,N
111,305043,L,N
111,305353,L,N
111,305672,L,N
111,305983,L,N
111,306285,L,N
111,306584,L,N
111,306884,L,N
111,307177,L,N
111,307498,L,N
111,307808,L,N
111,308122,L,N
111,308427,L,N
111,308736,L,N
111,309035,L,N
111,309331,L,N
111,309646,L,N
111,309965,L,N
111,310289,L,N
111,310604,L,N
111,310906,L,N
111,311201,L,N
111,311498,L,N
111,311819,L,N
111,312136,L,N
111,312441,L,N
111,312751,L,N
111,313040,L,N
111,313336,L,N
111,313630,L,N
111,313939,L,N
111,314247,L,N
111,314553,L,N
111,314853,L,N
111,315156,L,N
111,315448,L,N
111,315736,L,N
111,316049,L,N
111,316369,L,N
111,316690,L,N
111,316987,L,N
111,317288,L,N
111,317585,L,N
111,317892,L,N
111,318186,L,N
111,318491,L,N
111,318801,L,N
111,319094,L,N
111,319409,L,N
111,319681,L,N
111,319966,L,N
111,320254,L,N
111,320567,L,N
111,320884,L,N
111,321184,L,N
111,321479,L,N
111,321777,L,N
111,322072,L,N
111,322363,L,N
111,322680,L,N
111,322990,L,N
111,323287,L,N
111,323584,L,N
111,323886,L,N
111,324167,L,N
111,324445,L,N
111,324751,L,N
111,325059,L,N
111,325363,L,N
111,325657,L,N
111,325955,L,N
111,326239,L,N
111,326527,L,N
111,326842,L,N
111,327157,L,N
111,327471,L,N
111,327770,L,N
111,328065,L,N
111,328358,L,N
111,328657,L,N
111,328965,L,N
111,329277,L,N
111,329589,L,N
111,329904,L,N
111,330212,L,N
111,330507,L,N
111,330800,L,N
111,331105,L,N
111,331433,L,N
111,331743,L,N
111,332028,L,N
111,332329,L,N
111,332618,L,N
111,332916,L,N
111,333210,L,N
111,333527,L,N
111,333840,L,N
111,334148,L,N
111,334457,L,N
111,334767,L,N
111,335076,L,N
111,335377,L,N
111,335698,L,N
111,336025,L,N
111,336339,L,N
111,336655,L,N
111,336962,L,N
111,337273,L,N
111,337581,L,N
111,337910,L,N
111,338236,L,N
111,338545,L,N
111,338853,L,N
111,339161,L,N
111,339462,L,N
111,339767,L,N
111,340089,L,N
111,340408,L,N
111,340714,L,N
111,341023,L,N
111,341331,L,N
111,341613,L,N
111,341911,L,N
111,342238,L,N
111,342555,L,N
111,342856,L,N
111,343162,L,N
111,343465,L,N
111,343756,L,N
111,344065,L,N
111,344385,L,N
111,344705,L,N
111,345012,L,N
111,345327,L,N
111,345640,L,N
111,345926,L,N
111,346228,L,N
111,346542,L,N
111,346850,L,N
111,347155,L,N
111,347456,L,N
111,347747,L,N
111,348042,L,N
111,348343,L,N
111,348655,L,N
111,348955,L,N
111,349252,L,N
111,349554,L,N
111,349847,L,N
111,350141,L,N
111,350424,L,N
111,350731,L,N
111,351040,L,N
111,351354,L,N
111,351652,L,N
111,351949,L,N
111,352244,L,N
111,352531,L,N
111,352853,L,N
111,353177,L,N
111,353491,L,N
111,353792,L,N
111,354098,L,N
111,354402,L,N
111,354699,L,N
111,355016,L,N
111,355337,L,N
111,355648,L,N
111,355955,L,N
111,356263,L,N
111,356564,L,N
111,356858,L,N
111,357182,L,N
111,357507,L,N
111,357828,L,N
111,358134,L,N
111,358442,L,N
111,358739,L,N
111,359036,L,N
111,359350,L,N
111,359662,L,N
111,359970,L,N
111,360272,L,N
111,360573,L,N
111,360863,L,N
111,361145,L,N
111,361456,L,N
111,361767,L,N
111,362082,L,N
111,362382,L,N
111,362687,L,N
111,362986,L,N
111,363284,L,N
111,363593,L,N
111,363910,L,N
111,364226,L,N
111,364528,L,N
111,364834,L,N
111,365133,L,N
111,365429,L,N
111,365735,L,N
111,366056,L,N
111,366384,L,N
111,366688,L,N
111,366995,L,N
111,367296,L,N
111,367596,L,N
111,367919,L,N
111,368249,L,N
111,368574,L,N
111,368880,L,N
111,369194,L,N
111,369507,L,N
111,369808,L,N
111,370128,L,N
111,370455,L,N
111,370772,L,N
111,371085,L,N
111,371394,L,N
111,371694,L,N
111,371990,L,N
111,372317,L,N
111,372639,L,N
111,372958,L,N
111,373268,L,N
111,373579,L,N
111,373883,L,N
111,374181,L,N
111,374506,L,N
111,374832,L,N
111,375146,L,N
111,375464,L,N
111,375776,L,N
111,376080,L,N
111,376371,L,N
111,376693,L,N
111,377011,L,N
111,377323,L,N
111,377636,L,N
111,377938,L,N
111,378236,L,N
111,378540,L,N
111,378864,L,N
111,379185,L,N
111,379493,L,N
111,379813,L,N
111,380119,L,N
111,380421,L,N
111,380724,L,N
111,381048,L,N
111,381371,L,N
111,381692,L,N
111,382005,L,N
111,382309,L,N
111,382615,L,N
111,382922,L,N
111,383248,L,N
111,383574,L,N
111,383881,L,N
111,384193,L,N
111,384501,L,N
111,384811,L,N
111,385124,L,N
111,385449,L,N
111,385780,L,N
111,386085,L,N
111,386404,L,N
111,386718,L,N
111,387027,L,N
111,387345,L,N
111,387669,L,N
111,387994,L,N
111,388308,L,N
111,388611,L,N
111,388915,L,N
111,389215,L,N
111,389538,L,N
111,389859,L,N
111,390176,L,N
111,390479,L,N
111,390789,L,N
111,391091,L,N
111,391383,L,N
111,391701,L,N
111,392024,L,N
111,392348,L,N
111,392661,L,N
111,392970,L,N
111,393270,L,N
111,393574,L,N
111,393904,L,N
111,394230,L,N
111,394550,L,N
111,394868,L,N
111,395183,L,N
111,395498,L,N
111,395808,L,N
111,396132,L,N
111,396454,L,N
111,396783,L,N
111,397107,L,N
111,397417,L,N
111,397727,L,N
111,398035,L,N
111,398365,L,N
111,398686,L,N
111,398994,L,N
111,399303,L,N
111,399604,L,N
111,399912,L,N
111,400224,L,N
111,400551,L,N
111,400876,L,N
111,401182,L,N
111,401501,L,N
111,401818,L,N
111,402128,L,N
111,402445,L,N
111,402785,L,N
111,403118,L,N
111,403432,L,N
111,403747,L,N
111,404052,L,N
111,404358,L,N
111,404691,L,N
111,405018,L,N
111,405342,L,N
111,405656,L,N
111,405976,L,N
111,406279,L,N
111,406574,L,N
111,406899,L,N
111,407221,L,N
111,407542,L,N
111,407855,L,N
111,408166,L,N
111,408466,L,N
111,408777,L,N
111,409106,L,N
111,409434,L,N
111,409748,L,N
111,410071,L,N
111,410382,L,N
111,410694,L,N
111,411003,L,N
111,411331,L,N
111,411651,L,N
111,411969,L,N
111,412286,L,N
111,412590,L,N
111,412888,L,N
111,413198,L,N
111,413528,L,N
111,413858,L,N
111,414167,L,N
111,414483,L,N
111,414793,L,N
111,415101,L,N
111,415409,L,N
111,415724,L,N
111,416047,L,N
111,416350,L,N
111,416666,L,N
111,416975,L,N
111,417274,L,N
111,417584,L,N
111,417908,L,N
111,418234,L,N
111,418541,L,N
111,418846,L,N
111,419152,L,N
111,419447,L,N
111,419772,L,N
111,420108,L,N
111,420440,L,N
111,420755,L,N
111,421078,L,N
111,421403,L,N
111,421718,L,N
111,422052,L,N
111,422388,L,N
111,422704,L,N
111,423027,L,N
111,423336,L,N
111,423639,L,N
111,423944,L,N
111,424274,L,N
111,424599,L,N
111,424908,L,N
111,425224,L,N
111,425534,L,N
111,425841,L,N
111,426153,L,N
111,426482,L,N
111,426816,L,N
111,427133,L,N
111,427458,L,N
111,427770,L,N
111,428075,L,N
111,428407,L,N
111,428746,L,N
111,429082,L,N
111,429408,L,N
111,429730,L,N
111,430052,L,N
111,430363,L,N
111,430695,L,N
111,431028,L,N
111,431352,L,N
111,431682,L,N
111,432002,L,N
111,432320,L,N
111,432639,L,N
111,432971,L,N
111,433310,L,N
111,433626,L,N
111,433943,L,N
111,434251,L,N
111,434558,L,N
111,434876,L,N
111,435207,L,N
111,435532,L,N
111,435840,L,N
111,436158,L,N
111,436466,L,N
111,436768,L,N
111,437091,L,N
111,437421,L,N
111,437748,L,N
111,438062,L,N
111,438372,L,N
111,438676,L,N
111,438977,L,N
111,439305,L,N
111,439633,L,N
111,439948,L,N
111,440256,L,N
111,440571,L,N
111,440882,L,N
111,441196,L,N
111,441524,L,N
111,441850,L,N
111,442168,L,N
111,442492,L,N
111,442802,L,N
111,443105,L,N
111,443409,L,N
111,443739,L,N
111,444071,L,N
111,444391,L,N
111,444714,L,N
111,445022,L,N
111,445337,L,N
111,445655,L,N
111,445977,L,N
111,446300,L,N
111,446607,L,N
111,446917,L,N
111,447217,L,N
111,447510,L,N
111,447818,L,N
111,448136,L,N
111,448465,L,N
111,448770,L,N
111,449072,L,N
111,449372,L,N
111,449667,L,N
111,449970,L,N
111,450290,L,N
111,450603,L,N
111,450899,L,N
111,451204,L,N
111,451505,L,N
111,451802,L,N
111,452105,L,N
111,452425,L,N
111,452743,L,N
111,453059,L,N
111,453379,L,N
111,453687,L,N
111,453984,L,N
111,454304,L,N
111,454637,L,N
111,454955,L,N
111,455261,L,N
111,455574,L,N
111,455874,L,N
111,456175,L,N
111,456488,L,N
111,456807,L,N
111,457126,L,N
111,457436,L,N
111,457744,L,N
111,458044,L,N
111,458332,L,N
111,458646,L,N
111,458960,L,N
111,459277,L,N
111,459574,L,N
111,459868,L,N
111,460155,L,N
111,460447,L,N
111,460748,L,N
111,461061,L,N
111,461370,L,N
111,461667,L,N
111,461964,L,N
111,462261,L,N
111,462558,L,N
111,462852,L,N
111,463163,L,N
111,463475,L,N
111,463780,L,N
111,464081,L,N
111,464365,L,N
111,464649,L,N
111,464929,L,N
111,465236,L,N
111,465547,L,N
111,465849,L,N
111,466143,L,N
111,466445,L,N
111,466747,L,N
111,467037,L,N
111,467349,L,N
111,467664,L,N
111,467981,L,N
111,468286,L,N
111,468590,L,N
111,468883,L,N
111,469169,L,N
111,469480,L,N
111,469802,L,N
111,470115,L,N
111,470409,L,N
111,470712,L,N
111,471005,L,N
111,471292,L,N
111,471603,L,N
111,471915,L,N
111,472224,L,N
111,472523,L,N
111,472829,L,N
111,473121,L,N
111,473412,L,N
111,473712,L,N
111,474023,L,N
111,474334,L,N
111,474632,L,N
111,474928,L,N
111,475212,L,N
111,475500,L,N
111,475794,L,N
111,476101,L,N
111,476404,L,N
111,476701,L,N
111,477001,L,N
111,477294,L,N
111,477588,L,N
111,477872,L,N
111,478179,L,N
111,478491,L,N
111,478806,L,N
111,479104,L,N
111,479408,L,N
111,479706,L,N
111,480003,L,N
111,480327,L,N
111,480651,L,N
111,480963,L,N
111,481267,L,N
111,481575,L,N
111,481881,L,N
111,482177,L,N
111,482485,L,N
111,482800,L,N
111,483110,L,N
111,483411,L,N
111,483713,L,N
111,484007,L,N
111,484296,L,N
111,484613,L,N
111,484937,L,N
111,485258,L,N
111,485555,L,N
111,485861,L,N
111,486150,L,N
111,486443,L,N
111,486761,L,N
111,487075,L,N
111,487384,L,N
111,487685,L,N
111,487991,L,N
111,488288,L,N
111,488575,L,N
111,488886,L,N
111,489198,L,N
111,489514,L,N
111,489809,L,N
111,490097,L,N
111,490379,L,N
111,490665,L,N
111,490950,L,N
111,491248,L,N
111,491537,L,N
111,491830,L,N
111,492106,L,N
111,492400,L,N
111,492667,L,N
111,492936,L,N
111,493230,L,N
111,493520,L,N
111,493817,L,N
111,494100,L,N
111,494391,L,N
111,494670,L,N
111,494955,L,N
111,495241,L,N
111,495555,L,N
111,495870,L,N
111,496180,L,N
111,496466,L,N
111,496771,L,N
111,497048,L,N
111,497327,L,N
111,497617,L,N
111,497914,L,N
111,498207,L,N
111,498486,L,N
111,498768,L,N
111,499039,L,N
111,499312,L,N
111,499580,L,N
111,499888,L,N
111,500175,L,N
111,500461,L,N
111,500740,L,N
111,501021,L,N
111,501296,L,N
111,501569,L,N
111,501867,L,N
111,502159,L,N
111,502447,L,N
111,502722,L,N
111,503013,L,N
111,503291,L,N
111,503567,L,N
111,503834,L,N
111,504129,L,N
111,504419,L,N
111,504713,L,N
111,504999,L,N
111,505280,L,N
111,505556,L,N
111,505831,L,N
111,506124,L,N
111,506422,L,N
111,506717,L,N
111,506995,L,N
111,507286,L,N
111,507563,L,N
111,507841,L,N
111,508115,L,N
111,508403,L,N
111,508692,L,N
111,508986,L,N
111,509269,L,N
111,509551,L,N
111,509823,L,N
111,510097,L,N
111,510379,L,N
111,510679,L,N
111,510978,L,N
111,511269,L,N
111,511559,L,N
111,511840,L,N
111,512126,L,N
111,512403,L,N
111,512702,L,N
111,512996,L,N
111,513296,L,N
111,513579,L,N
111,513872,L,N
111,514160,L,N
111,514442,L,N
111,514730,L,N
111,515037,L,N
111,515345,L,N
111,515638,L,N
111,515929,L,N
111,516223,L,N
111,516510,L,N
111,516802,L,N
111,517121,L,N
111,517430,L,N
111,517733,L,N
111,518036,L,N
111,518336,L,N
111,518627,L,N
111,518911,L,N
111,519219,L,N
111,519523,L,N
111,519833,L,N
111,520137,L,N
111,520431,L,N
111,520720,L,N
111,521002,L,N
111,521311,L,N
111,521612,L,N
111,521903,L,N
111,522185,L,N
111,522475,L,N
111,522756,L,N
111,523037,L,N
111,523315,L,N
111,523610,L,N
111,523905,L,N
111,524206,L,N
111,524500,L,N
111,524791,L,N
111,525076,L,N
111,525359,L,N
111,525655,L,N
111,525964,L,N
111,526272,L,N
111,526563,L,N
111,526851,L,N
111,527150,L,N
111,527445,L,N
111,527746,L,N
111,528063,L,N
111,528382,L,N
111,528682,L,N
111,528993,L,N
111,529293,L,N
111,529587,L,N
111,529883,L,N
111,530200,L,N
111,530518,L,N
111,530818,L,N
111,531113,L,N
111,531406,L,N
111,531700,L,N
111,532005,L,N
111,532323,L,N
111,532637,L,N
111,532936,L,N
111,533245,L,N
111,533546,L,N
111,533842,L,N
111,534135,L,N
111,534450,L,N
111,534756,L,N
111,535057,L,N
111,535366,L,N
111,535661,L,N
111,535950,L,N
111,536238,L,N
111,536542,L,N
111,536848,L,N
111,537150,L,N
111,537447,L,N
111,537735,L,N
111,538030,L,N
111,538326,L,N
111,538641,L,N
111,538959,L,N
111,539279,L,N
111,539590,L,N
111,539899,L,N
111,540199,L,N
111,540498,L,N
111,540812,L,N
111,541137,L,N
111,541457,L,N
111,541764,L,N
111,542070,L,N
111,542381,L,N
111,542680,L,N
111,543002,L,N
111,543325,L,N
111,543642,L,N
111,543948,L,N
111,544255,L,N
111,544550,L,N
111,544843,L,N
111,545159,L,N
111,545484,L,N
111,545798,L,N
111,546103,L,N
111,546405,L,N
111,546696,L,N
111,546986,L,N
111,547308,L,N
111,547626,L,N
111,547938,L,N
111,548238,L,N
111,548545,L,N
111,548841,L,N
111,549132,L,N
111,549446,L,N
111,549767,L,N
111,550072,L,N
111,550372,L,N
111,550678,L,N
111,550973,L,N
111,551264,L,N
111,551591,L,N
111,551913,L,N
111,552231,L,N
111,552536,L,N
111,552850,L,N
111,553147,L,N
111,553434,L,N
111,553745,L,N
111,554060,L,N
111,554371,L,N
111,554677,L,N
111,554979,L,N
111,555262,L,N
111,555546,L,N
111,555850,L,N
111,556157,L,N
111,556460,L,N
111,556751,L,N
111,557045,L,N
111,557330,L,N
111,557623,L,N
111,557916,L,N
111,558220,L,N
111,558526,L,N
111,558827,L,N
111,559133,L,N
111,559434,L,N
111,559729,L,N
111,560025,L,N
111,560340,L,N
111,560660,L,N
111,560963,L,N
111,561267,L,N
111,561563,L,N
111,561852,L,N
111,562135,L,N
111,562453,L,N
111,562764,L,N
111,563068,L,N
111,563359,L,N
111,563661,L,N
111,563954,L,N
111,564243,L,N
111,564550,L,N
111,564866,L,N
111,565178,L,N
111,565476,L,N
111,565772,L,N
111,566056,L,N
111,566336,L,N
111,566644,L,N
111,566953,L,N
111,567263,L,N
111,567556,L,N
111,567856,L,N
111,568146,L,N
111,568443,L,N
111,568735,L,N
111,569047,L,N
111,569357,L,N
111,569660,L,N
111,569965,L,N
111,570262,L,N
111,570553,L,N
111,570849,L,N
111,571160,L,N
111,571475,L,N
111,571775,L,N
111,572084,L,N
111,572383,L,N
111,572685,L,N
111,572979,L,N
111,573291,L,N
111,573599,L,N
111,573904,L,N
111,574195,L,N
111,574491,L,N
111,574784,L,N
111,575070,L,N
111,575381,L,N
111,575701,L,N
111,576011,L,N
111,576307,L,N
111,576606,L,N
111,576903,L,N
111,577191,L,N
111,577505,L,N
111,577819,L,N
111,578132,L,N
111,578430,L,N
111,578737,L,N
111,579034,L,N
111,579321,L,N
111,579630,L,N
111,579949,L,N
111,580268,L,N
111,580571,L,N
111,580875,L,N
111,581172,L,N
111,581464,L,N
111,581778,L,N
111,582093,L,N
111,582402,L,N
111,582696,L,N
111,583000,L,N
111,583294,L,N
111,583584,L,N
111,583883,L,N
111,584195,L,N
111,584504,L,N
111,584808,L,N
111,585111,L,N
111,585394,L,N
111,585687,L,N
111,585969,L,N
111,586266,L,N
111,586571,L,N
111,586870,L,N
111,587166,L,N
111,587445,L,N
111,587729,L,N
111,588011,L,N
111,588310,L,N
111,588606,L,N
111,588904,L,N
111,589185,L,N
111,589472,L,N
111,589753,L,N
111,590026,L,N
111,590304,L,N
111,590599,L,N
111,590899,L,N
111,591194,L,N
111,591485,L,N
111,591768,L,N
111,592051,L,N
111,592328,L,N
111,592627,L,N
111,592932,L,N
111,593232,L,N
111,593517,L,N
111,593808,L,N
111,594096,L,N
111,594377,L,N
111,594662,L,N
111,594964,L,N
111,595267,L,N
111,595553,L,N
111,595851,L,N
111,596140,L,N
111,596428,L,N
111,596710,L,N
111,597025,L,N
111,597340,L,N
111,597648,L,N
111,597947,L,N
111,598245,L,N
111,598537,L,N
111,598828,L,N
111,599145,L,N
111,599465,L,N
111,599777,L,N
111,600080,L,N
111,600378,L,N
111,600675,L,N
111,600964,L,N
111,601272,L,N
111,601585,L,N
111,601902,L,N
111,602199,L,N
111,602498,L,N
111,602784,L,N
111,603077,L,N
111,603393,L,N
111,603707,L,N
111,604023,L,N
111,604324,L,N
111,604627,L,N
111,604926,L,N
111,605212,L,N
111,605518,L,N
111,605829,L,N
111,606149,L,N
111,606449,L,N
111,606750,L,N
111,607044,L,N
111,607338,L,N
111,607648,L,N
111,607976,L,N
111,608289,L,N
111,608587,L,N
111,608899,L,N
111,609206,L,N
111,609502,L,N
111,609802,L,N
111,610122,L,N
111,610440,L,N
111,610748,L,N
111,611053,L,N
111,611344,L,N
111,611639,L,N
111,611948,L,N
111,612269,L,N
111,612591,L,N
111,612890,L,N
111,613195,L,N
111,613488,L,N
111,613785,L,N
111,614086,L,N
111,614397,L,N
111,614703,L,N
111,615001,L,N
111,615305,L,N
111,615603,L,N
111,615895,L,N
111,616190,L,N
111,616509,L,N
111,616830,L,N
111,617135,L,N
111,617444,L,N
111,617740,L,N
111,618041,L,N
111,618336,L,N
111,618651,L,N
111,618962,L,N
111,619278,L,N
111,619563,L,N
111,619859,L,N
111,620152,L,N
111,620439,L,N
111,620743,L,N
111,621054,L,N
111,621357,L,N
111,621649,L,N
111,621931,L,N
111,622216,L,N
111,622495,L,N
111,622788,L,N
111,623094,L,N
111,623395,L,N
111,623675,L,N
111,623967,L,N
111,624252,L,N
111,624532,L,N
111,624800,L,N
111,625089,L,N
111,625381,L,N
111,625662,L,N
111,625934,L,N
111,626207,L,N
111,626473,L,N
111,626737,L,N
111,627005,L,N
111,627298,L,N
111,627578,L,N
111,627861,L,N
111,628137,L,N
111,628417,L,N
111,628690,L,N
111,628964,L,N
111,629252,L,N
111,629538,L,N
111,629823,L,N
111,630097,L,N
111,630374,L,N
111,630642,L,N
111,630918,L,N
111,631177,L,N
111,631461,L,N
111,631734,L,N
111,632020,L,N
111,632313,L,N
111,632591,L,N
111,632861,L,N
111,633128,L,N
111,633402,L,N
111,633686,L,N
111,633971,L,N
111,634246,L,N
111,634514,L,N
111,634783,L,N
111,635049,L,N
111,635319,L,N
111,635576,L,N
111,635853,L,N
111,636137,L,N
111,636429,L,N
111,636703,L,N
111,636985,L,N
111,637259,L,N
111,637551,L,N
111,637829,L,N
111,638117,L,N
111,638396,L,N
111,638709,L,N
111,638994,L,N
111,639264,L,N
111,639572,L,N
111,639828,L,N
111,640145,L,N
111,640446,L,N
111,640750,L,N
111,641039,L,N
111,641342,L,N
111,641589,L,N
111,641899,L,N
111,642182,L,N
111,642487,L,N
111,642786,L,N
111,643069,L,N
111,643358,L,N
111,643640,L,N
111,643916,L,N
111,644189,L,N
111,644487,L,N
111,644783,L,N
111,645069,L,N
111,645348,L,N
111,645652,L,N
111,645939,L,N
111,646216,L,N
111,646506,L,N
111,646810,L,N
111,647117,L,N
111,647413,L,N
111,647709,L,N
111,647994,L,N
111,648280,L,N
111,648565,L,N
111,648857,L,N
111,649148,L,N
111,649441,L,N
111,649724,L,N
112,124,N,N
112,382,N,N
112,644,N,N
112,892,N,N
112,1149,N,N
112,1393,N,N
112,1648,N,N
112,1891,N,N
112,2147,N,N
112,2392,N,N
112,2630,N,N
112,2880,N,N
112,3128,N,N
112,3377,N,N
112,3622,N,N
112,3871,N,N
112,4119,N,N
112,4368,N,N
112,4624,N,N
112,4871,N,N
112,5119,N,N
112,5361,N,N
112,5617,N,N
112,5865,N,N
112,6109,N,N
112,6361,N,N
112,6610,N,N
112,6862,N,N
112,7117,N,N
112,7377,N,N
112,7633,N,N
112,7887,N,N
112,8150,N,N
112,8405,N,N
112,8658,N,N
112,8908,N,N
112,9168,N,N
112,9424,N,N
112,9677,N,N
112,9940,N,N
112,10195,N,N
112,10445,N,N
112,10702,N,N
112,10962,N,N
112,11220,N,N
112,11465,N,N
112,11732,N,N
112,11977,N,N
112,12232,N,N
112,12490,N,N
112,12745,N,N
112,12998,N,N
112,13249,N,N
112,13512,N,N
112,13762,N,N
112,14013,N,N
112,14258,N,N
112,14506,N,N
112,14757,N,N
112,15000,N,N
112,15260,N,N
112,15509,N,N
112,15759,N,N
112,16014,N,N
112,16269,N,N
112,16528,N,N
112,16779,N,N
112,17034,N,N
112,17282,N,N
112,17535,N,N
112,17790,N,N
112,18049,N,N
112,18295,N,N
112,18546,N,N
112,18801,N,N
112,19050,N,N
112,19305,N,N
112,19552,N,N
112,19807,N,N
112,20057,N,N
112,20314,N,N
112,20575,N,N
112,20833,N,N
112,21088,N,N
112,21345,N,N
112,21601,N,N
112,21858,N,N
112,22109,N,N
112,22367,N,N
112,22611,N,N
112,22865,N,N
112,23116,N,N
112,23373,N,N
112,23620,N,N
112,23868,N,N
112,24124,N,N
112,24370,N,N
112,24626,N,N
112,24872,N,N
112,25124,N,N
112,25372,N,N
112,25626,N,N
112,25878,N,N
112,26125,N,N
112,26370,N,N
112,26618,N,N
112,26868,N,N
112,27115,N,N
112,27361,N,N
112,27609,N,N
112,27857,N,N
112,28107,N,N
112,28354,N,N
112,28609,N,N
112,28858,N,N
112,29108,N,N
112,29360,N,N
112,29610,N,N
112,29866,N,N
112,30110,N,N
112,30361,N,N
112,30607,N,N
112,30856,N,N
112,31105,N,N
112,31355,N,N
112,31599,N,N
112,31847,N,N
112,32096,N,N
112,32344,N,N
112,32594,N,N
112,32837,N,N
112,33083,N,N
112,33333,N,N
112,33581,N,N
112,33830,N,N
112,34080,N,N
112,34323,N,N
112,34566,N,N
112,34817,N,N
112,35060,N,N
112,35303,N,N
112,35546,N,N
112,35789,N,N
112,36035,N,N
112,36282,N,N
112,36535,N,N
112,36784,N,N
112,37031,N,N
112,37280,N,N
112,37533,N,N
112,37785,N,N
112,38030,N,N
112,38284,N,N
112,38537,N,N
112,38785,N,N
112,39042,N,N
112,39295,N,N
112,39547,N,N
112,39793,N,N
112,40050,N,N
112,40301,N,N
112,40552,N,N
112,40803,N,N
112,41057,N,N
112,41310,N,N
112,41556,N,N
112,41817,N,N
112,42064,N,N
112,42313,N,N
112,42569,N,N
112,42822,N,N
112,43074,N,N
112,43319,N,N
112,43573,N,N
112,43817,N,N
112,44069,N,N
112,44317,N,N
112,44564,N,N
112,44813,N,N
112,45058,N,N
112,45317,N,N
112,45567,N,N
112,45817,N,N
112,46067,N,N
112,46321,N,N
112,46570,N,N
112,46823,N,N
112,47084,N,N
112,47338,N,N
112,47590,N,N
112,47848,N,N
112,48109,N,N
112,48363,N,N
112,48610,N,N
112,48870,N,N
112,49122,N,N
112,49377,N,N
112,49639,N,N
112,49895,N,N
112,50146,N,N
112,50399,N,N
112,50665,N,N
112,50920,N,N
112,51178,N,N
112,51437,N,N
112,51694,N,N
112,51949,N,N
112,52207,N,N
112,52468,N,N
112,52722,N,N
112,52978,N,N
112,53237,N,N
112,53494,N,N
112,53747,N,N
112,53990,N,N
112,54242,N,N
112,54489,N,N
112,54737,N,N
112,54992,N,N
112,55242,N,N
112,55491,N,N
112,55741,N,N
112,55995,N,N
112,56244,N,N
112,56496,N,N
112,56747,N,N
112,57000,N,N
112,57252,N,N
112,57503,N,N
112,57761,N,N
112,58010,N,N
112,58263,N,N
112,58517,N,N
112,58768,N,N
112,59023,N,N
112,59272,N,N
112,59528,N,N
112,59779,N,N
112,60031,N,N
112,60283,N,N
112,60537,N,N
112,60786,N,N
112,61034,N,N
112,61290,N,N
112,61537,N,N
112,61789,N,N
112,62035,N,N
112,62286,N,N
112,62540,N,N
112,62791,N,N
112,63048,N,N
112,63297,N,N
112,63551,N,N
112,63807,N,N
112,64070,N,N
112,64329,N,N
112,64583,N,N
112,64841,N,N
112,65100,N,N
112,65354,N,N
112,65612,N,N
112,65870,N,N
112,66126,N,N
112,66380,N,N
112,66645,N,N
112,66902,N,N
112,67160,N,N
112,67421,N,N
112,67678,N,N
112,67942,N,N
112,68201,N,N
112,68465,N,N
112,68723,N,N
112,68981,N,N
112,69248,N,N
112,69510,N,N
112,69771,N,N
112,70026,N,N
112,70284,N,N
112,70538,N,N
112,70795,N,N
112,71054,N,N
112,71309,N,N
112,71555,N,N
112,71818,N,N
112,72069,N,N
112,72326,N,N
112,72575,N,N
112,72834,N,N
112,73090,N,N
112,73342,N,N
112,73604,N,N
112,73853,N,N
112,74105,N,N
112,74354,N,N
112,74609,N,N
112,74857,N,N
112,75098,N,N
112,75352,N,N
112,75600,N,N
112,75848,N,N
112,76101,N,N
112,76359,N,N
112,76615,N,N
112,76869,N,N
112,77135,N,N
112,77392,N,N
112,77647,N,N
112,77898,N,N
112,78154,N,N
112,78410,N,N
112,78662,N,N
112,78925,N,N
112,79174,N,N
112,79421,N,N
112,79681,N,N
112,79935,N,N
112,80188,N,N
112,80435,N,N
112,80694,N,N
112,80947,N,N
112,81205,N,N
112,81467,N,N
112,81727,N,N
112,81976,N,N
112,82233,N,N
112,82493,N,N
112,82749,N,N
112,82999,N,N
112,83256,N,N
112,83509,N,N
112,83764,N,N
112,84019,N,N
112,84282,N,N
112,84532,N,N
112,84788,N,N
112,85055,N,N
112,85317,N,N
112,85580,N,N
112,85836,N,N
112,86099,N,N
112,86352,N,N
112,86615,N,N
112,86882,N,N
112,87145,N,N
112,87404,N,N
112,87671,N,N
112,87930,N,N
112,88191,N,N
112,88445,N,N
112,88705,N,N
112,88962,N,N
112,89217,N,N
112,89482,N,N
112,89734,N,N
112,89993,N,N
112,90247,N,N
112,90509,N,N
112,90761,N,N
112,91014,N,N
112,91266,N,N
112,91516,N,N
112,91765,N,N
112,92016,N,N
112,92265,N,N
112,92511,N,N
112,92758,N,N
112,93010,N,N
112,93257,N,N
112,93509,N,N
112,93751,N,N
112,94000,N,N
112,94241,N,N
112,94489,N,N
112,94732,N,N
112,94977,N,N
112,95220,N,N
112,95462,N,N
112,95712,N,N
112,95954,N,N
112,96202,N,N
112,96441,N,N
112,96687,N,N
112,96932,N,N
112,97178,N,N
112,97422,N,N
112,97670,N,N
112,97909,N,N
112,98155,N,N
112,98403,N,N
112,98649,N,N
112,98897,N,N
112,99140,N,N
112,99387,N,N
112,99642,N,N
112,99895,N,N
112,100150,N,N
112,100398,N,N
112,100650,N,N
112,100898,N,N
112,101154,N,N
112,101411,N,N
112,101660,N,N
112,101917,N,N
112,102166,N,N
112,102424,N,N
112,102673,N,N
112,102934,N,N
112,103185,N,N
112,103434,N,N
112,103691,N,N
112,103944,N,N
112,104196,N,N
112,104437,N,N
112,104687,N,N
112,104930,N,N
112,105176,N,N
112,105427,N,N
112,105671,N,N
112,105917,N,N
112,106159,N,N
112,106409,N,N
112,106656,N,N
112,106898,N,N
112,107142,N,N
112,107387,N,N
112,107632,N,N
112,107871,N,N
112,108125,N,N
112,108367,N,N
112,108609,N,N
112,108856,N,N
112,109108,N,N
112,109352,N,N
112,109591,N,N
112,109842,N,N
112,110085,N,N
112,110329,N,N
112,110576,N,N
112,110829,N,N
112,111078,N,N
112,111322,N,N
112,111584,N,N
112,111835,N,N
112,112090,N,N
112,112337,N,N
112,112596,N,N
112,112848,N,N
112,113105,N,N
112,113365,N,N
112,113619,N,N
112,113872,N,N
112,114130,N,N
112,114389,N,N
112,114648,N,N
112,114896,N,N
112,115155,N,N
112,115405,N,N
112,115659,N,N
112,115920,N,N
112,116175,N,N
112,116428,N,N
112,116680,N,N
112,116944,N,N
112,117200,N,N
112,117452,N,N
112,117708,N,N
112,117962,N,N
112,118216,N,N
112,118479,N,N
112,118744,N,N
112,118999,N,N
112,119258,N,N
112,119525,N,N
112,119788,N,N
112,120041,N,N
112,120303,N,N
112,120553,N,N
112,120810,N,N
112,121066,N,N
112,121329,N,N
112,121584,N,N
112,121839,N,N
112,122096,N,N
112,122351,N,N
112,122603,N,N
112,122844,N,N
112,123102,N,N
112,123346,N,N
112,123595,N,N
112,123847,N,N
112,124101,N,N
112,124349,N,N
112,124602,N,N
112,124859,N,N
112,125109,N,N
112,125361,N,N
112,125607,N,N
112,125854,N,N
112,126103,N,N
112,126349,N,N
112,126604,N,N
112,126845,N,N
112,127093,N,N
112,127340,N,N
112,127594,N,N
112,127844,N,N
112,128093,N,N
112,128349,N,N
112,128591,N,N
112,128847,N,N
112,129095,N,N
112,129353,N,N
112,129599,N,N
112,129847,N,N
112,130102,N,N
112,130353,N,N
112,130605,N,N
112,130852,N,N
112,131104,N,N
112,131354,N,N
112,131606,N,N
112,131862,N,N
112,132114,N,N
112,132370,N,N
112,132619,N,N
112,132876,N,N
112,133126,N,N
112,133376,N,N
112,133628,N,N
112,133870,N,N
112,134122,N,N
112,134368,N,N
112,134620,N,N
112,134867,N,N
112,135111,N,N
112,135362,N,N
112,135613,N,N
112,135862,N,N
112,136108,N,N
112,136357,N,N
112,136606,N,N
112,136856,N,N
112,137110,N,N
112,137360,N,N
112,137614,N,N
112,137863,N,N
112,138116,N,N
112,138366,N,N
112,138617,N,N
112,138861,N,N
112,139112,N,N
112,139359,N,N
112,139606,N,N
112,139855,N,N
112,140106,N,N
112,140352,N,N
112,140598,N,N
112,140853,N,N
112,141102,N,N
112,141349,N,N
112,141602,N,N
112,141850,N,N
112,142096,N,N
112,142346,N,N
112,142600,N,N
112,142846,N,N
112,143087,N,N
112,143338,N,N
112,143586,N,N
112,143837,N,N
112,144079,N,N
112,144334,N,N
112,144585,N,N
112,144835,N,N
112,145092,N,N
112,145346,N,N
112,145601,N,N
112,145853,N,N
112,146119,N,N
112,146378,N,N
112,146634,N,N
112,146893,N,N
112,147152,N,N
112,147405,N,N
112,147665,N,N
112,147920,N,N
112,148174,N,N
112,148422,N,N
112,148687,N,N
112,148941,N,N
112,149198,N,N
112,149450,N,N
112,149708,N,N
112,149963,N,N
112,150222,N,N
112,150489,N,N
112,150748,N,N
112,151003,N,N
112,151268,N,N
112,151529,N,N
112,151788,N,N
112,152039,N,N
112,152298,N,N
112,152554,N,N
112,152812,N,N
112,153078,N,N
112,153334,N,N
112,153591,N,N
112,153850,N,N
112,154109,N,N
112,154366,N,N
112,154616,N,N
112,154877,N,N
112,155131,N,N
112,155385,N,N
112,155647,N,N
112,155903,N,N
112,156160,N,N
112,156414,N,N
112,156676,N,N
112,156926,N,N
112,157175,N,N
112,157427,N,N
112,157678,N,N
112,157921,N,N
112,158174,N,N
112,158424,N,N
112,158673,N,N
112,158919,N,N
112,159177,N,N
112,159426,N,N
112,159677,N,N
112,159916,N,N
112,160174,N,N
112,160419,N,N
112,160666,N,N
112,160919,N,N
112,161171,N,N
112,161421,N,N
112,161671,N,N
112,161929,N,N
112,162182,N,N
112,162436,N,N
112,162687,N,N
112,162940,N,N
112,163195,N,N
112,163453,N,N
112,163711,N,N
112,163964,N,N
112,164218,N,N
112,164479,N,N
112,164737,N,N
112,164994,N,N
112,165243,N,N
112,165502,N,N
112,165749,N,N
112,166004,N,N
112,166261,N,N
112,166514,N,N
112,166769,N,N
112,167019,N,N
112,167281,N,N
112,167531,N,N
112,167787,N,N
112,168036,N,N
112,168287,N,N
112,168539,N,N
112,168794,N,N
112,169051,N,N
112,169304,N,N
112,169556,N,N
112,169811,N,N
112,170067,N,N
112,170324,N,N
112,170578,N,N
112,170835,N,N
112,171091,N,N
112,171347,N,N
112,171607,N,N
112,171861,N,N
112,172123,N,N
112,172380,N,N
112,172648,N,N
112,172909,N,N
112,173165,N,N
112,173426,N,N
112,173681,N,N
112,173942,N,N
112,174196,N,N
112,174456,N,N
112,174709,N,N
112,174963,N,N
112,175222,N,N
112,175480,N,N
112,175734,N,N
112,175986,N,N
112,176243,N,N
112,176499,N,N
112,176755,N,N
112,177017,N,N
112,177272,N,N
112,177527,N,N
112,177790,N,N
112,178048,N,N
112,178305,N,N
112,178556,N,N
112,178811,N,N
112,179066,N,N
112,179320,N,N
112,179579,N,N
112,179834,N,N
112,180088,N,N
112,180347,N,N
112,180609,N,N
112,180868,N,N
112,181121,N,N
112,181379,N,N
112,181634,N,N
112,181892,N,N
112,182155,N,N
112,182416,N,N
112,182675,N,N
112,182930,N,N
112,183196,N,N
112,183457,N,N
112,183712,N,N
112,183977,N,N
112,184236,N,N
112,184497,N,N
112,184765,N,N
112,185033,N,N
112,185300,N,N
112,185566,N,N
112,185837,N,N
112,186106,N,N
112,186362,N,N
112,186632,N,N
112,186896,N,N
112,187156,N,N
112,187423,N,N
112,187683,N,N
112,187941,N,N
112,188199,N,N
112,188466,N,N
112,188729,N,N
112,188985,N,N
112,189253,N,N
112,189514,N,N
112,189772,N,N
112,190037,N,N
112,190299,N,N
112,190560,N,N
112,190820,N,N
112,191089,N,N
112,191348,N,N
112,191601,N,N
112,191863,N,N
112,192117,N,N
112,192376,N,N
112,192637,N,N
112,192894,N,N
112,193146,N,N
112,193405,N,N
112,193663,N,N
112,193919,N,N
112,194170,N,N
112,194418,N,N
112,194672,N,N
112,194918,N,N
112,195165,N,N
112,195416,N,N
112,195663,N,N
112,195900,N,N
112,196149,N,N
112,196401,N,N
112,196650,N,N
112,196890,N,N
112,197146,N,N
112,197387,N,N
112,197637,N,N
112,197889,N,N
112,198145,N,N
112,198392,N,N
112,198639,N,N
112,198896,N,N
112,199146,N,N
112,199398,N,N
112,199641,N,N
112,199889,N,N
112,200138,N,N
112,200387,N,N
112,200639,N,N
112,200892,N,N
112,201139,N,N
112,201393,N,N
112,201653,N,N
112,201906,N,N
112,202160,N,N
112,202413,N,N
112,202664,N,N
112,202914,N,N
112,203164,N,N
112,203417,N,N
112,203665,N,N
112,203911,N,N
112,204159,N,N
112,204411,N,N
112,204658,N,N
112,204906,N,N
112,205158,N,N
112,205406,N,N
112,205657,N,N
112,205909,N,N
112,206162,N,N
112,206409,N,N
112,206659,N,N
112,206909,N,N
112,207156,N,N
112,207407,N,N
112,207644,N,N
112,207896,N,N
112,208142,N,N
112,208387,N,N
112,208639,N,N
112,208884,N,N
112,209134,N,N
112,209381,N,N
112,209636,N,N
112,209886,N,N
112,210138,N,N
112,210386,N,N
112,210635,N,N
112,210882,N,N
112,211136,N,N
112,211385,N,N
112,211630,N,N
112,211874,N,N
112,212120,N,N
112,212369,N,N
112,212615,N,N
112,212854,N,N
112,213100,N,N
112,213342,N,N
112,213587,N,N
112,213834,N,N
112,214082,N,N
112,214328,N,N
112,214573,N,N
112,214823,N,N
112,215074,N,N
112,215326,N,N
112,215568,N,N
112,215819,N,N
112,216064,N,N
112,216312,N,N
112,216563,N,N
112,216813,N,N
112,217061,N,N
112,217307,N,N
112,217562,N,N
112,217811,N,N
112,218060,N,N
112,218308,N,N
112,218552,N,N
112,218803,N,N
112,219053,N,N
112,219312,N,N
112,219564,N,N
112,219815,N,N
112,220075,N,N
112,220329,N,N
112,220585,N,N
112,220826,N,N
112,221083,N,N
112,221329,N,N
112,221579,N,N
112,221832,N,N
112,222086,N,N
112,222338,N,N
112,222589,N,N
112,222850,N,N
112,223104,N,N
112,223354,N,N
112,223609,N,N
112,223863,N,N
112,224114,N,N
112,224370,N,N
112,224625,N,N
112,224879,N,N
112,225127,N,N
112,225390,N,N
112,225640,N,N
112,225892,N,N
112,226139,N,N
112,226392,N,N
112,226642,N,N
112,226889,N,N
112,227148,N,N
112,227398,N,N
112,227645,N,N
112,227899,N,N
112,228157,N,N
112,228414,N,N
112,228660,N,N
112,228921,N,N
112,229172,N,N
112,229426,N,N
112,229686,N,N
112,229943,N,N
112,230192,N,N
112,230442,N,N
112,230704,N,N
112,230958,N,N
112,231211,N,N
112,231461,N,N
112,231716,N,N
112,231964,N,N
112,232219,N,N
112,232475,N,N
112,232724,N,N
112,232970,N,N
112,233224,N,N
112,233478,N,N
112,233728,N,N
112,233975,N,N
112,234229,N,N
112,234477,N,N
112,234721,N,N
112,234972,N,N
112,235223,N,N
112,235467,N,N
112,235715,N,N
112,235972,N,N
112,236218,N,N
112,236471,N,N
112,236717,N,N
112,236973,N,N
112,237218,N,N
112,237472,N,N
112,237722,N,N
112,237971,N,N
112,238219,N,N
112,238468,N,N
112,238725,N,N
112,238971,N,N
112,239217,N,N
112,239468,N,N
112,239716,N,N
112,239964,N,N
112,240216,N,N
112,240472,N,N
112,240719,N,N
112,240969,N,N
112,241226,N,N
112,241479,N,N
112,241735,N,N
112,241979,N,N
112,242235,N,N
112,242479,N,N
112,242728,N,N
112,242979,N,N
112,243224,N,N
112,243468,N,N
112,243712,N,N
112,243965,N,N
112,244212,N,N
112,244463,N,N
112,244708,N,N
112,244958,N,N
112,245212,N,N
112,245468,N,N
112,245725,N,N
112,245976,N,N
112,246226,N,N
112,246478,N,N
112,246731,N,N
112,246985,N,N
112,247232,N,N
112,247481,N,N
112,247728,N,N
112,247976,N,N
112,248226,N,N
112,248479,N,N
112,248726,N,N
112,248976,N,N
112,249232,N,N
112,249490,N,N
112,249747,N,N
112,250001,N,N
112,250258,N,N
112,250517,N,N
112,250772,N,N
112,251029,N,N
112,251279,N,N
112,251534,N,N
112,251787,N,N
112,252044,N,N
112,252304,N,N
112,252561,N,N
112,252831,N,N
112,253098,N,N
112,253372,N,N
112,253598,A,S
112,253945,N,N
112,254237,N,N
112,254539,N,N
112,254824,N,N
112,255093,N,N
112,255363,N,N
112,255626,N,N
112,255886,N,N
112,256146,N,N
112,256400,N,N
112,256659,N,N
112,256906,N,N
112,257170,N,N
112,257421,N,N
112,257676,N,N
112,257923,N,N
112,258177,N,N
112,258429,N,N
112,258679,N,N
112,258937,N,N
112,259184,N,N
112,259432,N,N
112,259681,N,N
112,259931,N,N
112,260182,N,N
112,260421,N,N
112,260671,N,N
112,260917,N,N
112,261165,N,N
112,261416,N,N
112,261668,N,N
112,261918,N,N
112,262161,N,N
112,262421,N,N
112,262672,N,N
112,262923,N,N
112,263170,N,N
112,263422,N,N
112,263670,N,N
112,263918,N,N
112,264173,N,N
112,264425,N,N
112,264667,N,N
112,264912,N,N
112,265164,N,N
112,265407,N,N
112,265645,N,N
112,265893,N,N
112,266133,N,N
112,266377,N,N
112,266624,N,N
112,266878,N,N
112,267123,N,N
112,267367,N,N
112,267623,N,N
112,267871,N,N
112,268119,N,N
112,268362,N,N
112,268617,N,N
112,268869,N,N
112,269118,N,N
112,269374,N,N
112,269632,N,N
112,269881,N,N
112,270133,N,N
112,270392,N,N
112,270645,N,N
112,270892,N,N
112,271145,N,N
112,271392,N,N
112,271642,N,N
112,271889,N,N
112,272139,N,N
112,272384,N,N
112,272628,N,N
112,272879,N,N
112,273131,N,N
112,273375,N,N
112,273616,N,N
112,273869,N,N
112,274108,N,N
112,274353,N,N
112,274603,N,N
112,274852,N,N
112,275097,N,N
112,275344,N,N
112,275597,N,N
112,275847,N,N
112,276093,N,N
112,276335,N,N
112,276583,N,N
112,276826,N,N
112,277070,N,N
112,277318,N,N
112,277566,N,N
112,277807,N,N
112,278048,N,N
112,278302,N,N
112,278493,A,S
112,278788,N,N
112,279030,N,N
112,279281,N,N
112,279526,N,N
112,279781,N,N
112,280035,N,N
112,280289,N,N
112,280544,N,N
112,280799,N,N
112,281060,N,N
112,281317,N,N
112,281569,N,N
112,281825,N,N
112,282073,N,N
112,282324,N,N
112,282577,N,N
112,282826,N,N
112,283076,N,N
112,283326,N,N
112,283586,N,N
112,283835,N,N
112,284093,N,N
112,284341,N,N
112,284595,N,N
112,284847,N,N
112,285100,N,N
112,285356,N,N
112,285601,N,N
112,285851,N,N
112,286099,N,N
112,286349,N,N
112,286597,N,N
112,286842,N,N
112,287089,N,N
112,287335,N,N
112,287583,N,N
112,287832,N,N
112,288081,N,N
112,288327,N,N
112,288573,N,N
112,288825,N,N
112,289073,N,N
112,289322,N,N
112,289559,N,N
112,289806,N,N
112,290047,N,N
112,290290,N,N
112,290534,N,N
112,290777,N,N
112,291015,N,N
112,291253,N,N
112,291497,N,N
112,291738,N,N
112,291981,N,N
112,292217,N,N
112,292459,N,N
112,292703,N,N
112,292946,N,N
112,293196,N,N
112,293440,N,N
112,293686,N,N
112,293926,N,N
112,294180,N,N
112,294425,N,N
112,294670,N,N
112,294910,N,N
112,295153,N,N
112,295390,N,N
112,295629,N,N
112,295874,N,N
112,296112,N,N
112,296348,N,N
112,296585,N,N
112,296828,N,N
112,297070,N,N
112,297307,N,N
112,297542,N,N
112,297780,N,N
112,298021,N,N
112,298260,N,N
112,298503,N,N
112,298743,N,N
112,298983,N,N
112,299220,N,N
112,299467,N,N
112,299708,N,N
112,299947,N,N
112,300186,N,N
112,300429,N,N
112,300670,N,N
112,300910,N,N
112,301162,N,N
112,301401,N,N
112,301643,N,N
112,301885,N,N
112,302136,N,N
112,302376,N,N
112,302614,N,N
112,302856,N,N
112,303098,N,N
112,303338,N,N
112,303577,N,N
112,303820,N,N
112,304058,N,N
112,304296,N,N
112,304537,N,N
112,304781,N,N
112,305023,N,N
112,305262,N,N
112,305504,N,N
112,305749,N,N
112,305996,N,N
112,306237,N,N
112,306486,N,N
112,306731,N,N
112,306969,N,N
112,307215,N,N
112,307465,N,N
112,307708,N,N
112,307945,N,N
112,308193,N,N
112,308435,N,N
112,308676,N,N
112,308924,N,N
112,309172,N,N
112,309414,N,N
112,309655,N,N
112,309904,N,N
112,310151,N,N
112,310400,N,N
112,310638,N,N
112,310890,N,N
112,311133,N,N
112,311377,N,N
112,311626,N,N
112,311877,N,N
112,312119,N,N
112,312368,N,N
112,312621,N,N
112,312870,N,N
112,313116,N,N
112,313358,N,N
112,313608,N,N
112,313853,N,N
112,314100,N,N
112,314354,N,N
112,314601,N,N
112,314850,N,N
112,315095,N,N
112,315350,N,N
112,315595,N,N
112,315839,N,N
112,316088,N,N
112,316335,N,N
112,316580,N,N
112,316828,N,N
112,317081,N,N
112,317328,N,N
112,317579,N,N
112,317835,N,N
112,318090,N,N
112,318342,N,N
112,318594,N,N
112,318851,N,N
112,319106,N,N
112,319361,N,N
112,319623,N,N
112,319880,N,N
112,320136,N,N
112,320392,N,N
112,320655,N,N
112,320908,N,N
112,321163,N,N
112,321419,N,N
112,321672,N,N
112,321929,N,N
112,322183,N,N
112,322442,N,N
112,322693,N,N
112,322944,N,N
112,323206,N,N
112,323459,N,N
112,323718,N,N
112,323969,N,N
112,324226,N,N
112,324478,N,N
112,324734,N,N
112,324991,N,N
112,325242,N,N
112,325492,N,N
112,325749,N,N
112,326001,N,N
112,326260,N,N
112,326507,N,N
112,326764,N,N
112,327015,N,N
112,327275,N,N
112,327536,N,N
112,327796,N,N
112,328053,N,N
112,328310,N,N
112,328568,N,N
112,328829,N,N
112,329079,N,N
112,329333,N,N
112,329581,N,N
112,329835,N,N
112,330093,N,N
112,330350,N,N
112,330606,N,N
112,330859,N,N
112,331122,N,N
112,331376,N,N
112,331631,N,N
112,331883,N,N
112,332137,N,N
112,332390,N,N
112,332646,N,N
112,332903,N,N
112,333157,N,N
112,333413,N,N
112,333672,N,N
112,333925,N,N
112,334184,N,N
112,334435,N,N
112,334693,N,N
112,334950,N,N
112,335206,N,N
112,335465,N,N
112,335721,N,N
112,335974,N,N
112,336231,N,N
112,336488,N,N
112,336746,N,N
112,336994,N,N
112,337253,N,N
112,337507,N,N
112,337764,N,N
112,338021,N,N
112,338281,N,N
112,338530,N,N
112,338779,N,N
112,339037,N,N
112,339293,N,N
112,339540,N,N
112,339790,N,N
112,340041,N,N
112,340295,N,N
112,340549,N,N
112,340805,N,N
112,341059,N,N
112,341307,N,N
112,341561,N,N
112,341814,N,N
112,342070,N,N
112,342315,N,N
112,342569,N,N
112,342819,N,N
112,343071,N,N
112,343327,N,N
112,343581,N,N
112,343829,N,N
112,344081,N,N
112,344339,N,N
112,344592,N,N
112,344842,N,N
112,345100,N,N
112,345354,N,N
112,345609,N,N
112,345865,N,N
112,346125,N,N
112,346377,N,N
112,346627,N,N
112,346884,N,N
112,347138,N,N
112,347393,N,N
112,347640,N,N
112,347898,N,N
112,348149,N,N
112,348399,N,N
112,348655,N,N
112,348907,N,N
112,349156,N,N
112,349408,N,N
112,349664,N,N
112,349916,N,N
112,350163,N,N
112,350416,N,N
112,350667,N,N
112,350916,N,N
112,351169,N,N
112,351425,N,N
112,351675,N,N
112,351922,N,N
112,352182,N,N
112,352433,N,N
112,352689,N,N
112,352939,N,N
112,353203,N,N
112,353463,N,N
112,353725,N,N
112,353992,N,N
112,354254,N,N
112,354516,N,N
112,354783,N,N
112,355050,N,N
112,355313,N,N
112,355569,N,N
112,355835,N,N
112,356092,N,N
112,356351,N,N
112,356617,N,N
112,356877,N,N
112,357135,N,N
112,357397,N,N
112,357668,N,N
112,357930,N,N
112,358185,N,N
112,358450,N,N
112,358706,N,N
112,358967,N,N
112,359230,N,N
112,359485,N,N
112,359737,N,N
112,359992,N,N
112,360249,N,N
112,360496,N,N
112,360745,N,N
112,360996,N,N
112,361245,N,N
112,361494,N,N
112,361750,N,N
112,362009,N,N
112,362263,N,N
112,362517,N,N
112,362781,N,N
112,363035,N,N
112,363297,N,N
112,363547,N,N
112,363804,N,N
112,364053,N,N
112,364308,N,N
112,364563,N,N
112,364805,N,N
112,365054,N,N
112,365307,N,N
112,365557,N,N
112,365809,N,N
112,366054,N,N
112,366311,N,N
112,366559,N,N
112,366811,N,N
112,367065,N,N
112,367316,N,N
112,367567,N,N
112,367816,N,N
112,368077,N,N
112,368323,N,N
112,368577,N,N
112,368826,N,N
112,369079,N,N
112,369336,N,N
112,369596,N,N
112,369855,N,N
112,370112,N,N
112,370370,N,N
112,370638,N,N
112,370895,N,N
112,371156,N,N
112,371410,N,N
112,371663,N,N
112,371920,N,N
112,372174,N,N
112,372433,N,N
112,372686,N,N
112,372938,N,N
112,373191,N,N
112,373446,N,N
112,373708,N,N
112,373956,N,N
112,374217,N,N
112,374478,N,N
112,374740,N,N
112,375007,N,N
112,375268,N,N
112,375534,N,N
112,375798,N,N
112,376062,N,N
112,376330,N,N
112,376587,N,N
112,376850,N,N
112,377110,N,N
112,377371,N,N
112,377633,N,N
112,377891,N,N
112,378151,N,N
112,378407,N,N
112,378668,N,N
112,378925,N,N
112,379180,N,N
112,379435,N,N
112,379692,N,N
112,379945,N,N
112,380199,N,N
112,380455,N,N
112,380706,N,N
112,380955,N,N
112,381213,N,N
112,381462,N,N
112,381711,N,N
112,381959,N,N
112,382210,N,N
112,382460,N,N
112,382710,N,N
112,382966,N,N
112,383217,N,N
112,383468,N,N
112,383721,N,N
112,383979,N,N
112,384235,N,N
112,384482,N,N
112,384736,N,N
112,384990,N,N
112,385245,N,N
112,385500,N,N
112,385760,N,N
112,386013,N,N
112,386264,N,N
112,386529,N,N
112,386784,N,N
112,387039,N,N
112,387289,N,N
112,387546,N,N
112,387800,N,N
112,388052,N,N
112,388313,N,N
112,388565,N,N
112,388811,N,N
112,389069,N,N
112,389325,N,N
112,389581,N,N
112,389826,N,N
112,390084,N,N
112,390334,N,N
112,390584,N,N
112,390840,N,N
112,391098,N,N
112,391350,N,N
112,391601,N,N
112,391866,N,N
112,392122,N,N
112,392379,N,N
112,392640,N,N
112,392897,N,N
112,393152,N,N
112,393410,N,N
112,393672,N,N
112,393925,N,N
112,394177,N,N
112,394439,N,N
112,394693,N,N
112,394949,N,N
112,395197,N,N
112,395453,N,N
112,395704,N,N
112,395959,N,N
112,396220,N,N
112,396475,N,N
112,396725,N,N
112,396983,N,N
112,397241,N,N
112,397496,N,N
112,397743,N,N
112,398003,N,N
112,398252,N,N
112,398503,N,N
112,398756,N,N
112,399013,N,N
112,399263,N,N
112,399512,N,N
112,399778,N,N
112,400028,N,N
112,400283,N,N
112,400540,N,N
112,400796,N,N
112,401052,N,N
112,401317,N,N
112,401586,N,N
112,401843,N,N
112,402105,N,N
112,402378,N,N
112,402637,N,N
112,402902,N,N
112,403162,N,N
112,403418,N,N
112,403678,N,N
112,403940,N,N
112,404206,N,N
112,404465,N,N
112,404726,N,N
112,404997,N,N
112,405257,N,N
112,405519,N,N
112,405781,N,N
112,406042,N,N
112,406299,N,N
112,406567,N,N
112,406829,N,N
112,407087,N,N
112,407347,N,N
112,407613,N,N
112,407872,N,N
112,408131,N,N
112,408397,N,N
112,408653,N,N
112,408913,N,N
112,409179,N,N
112,409444,N,N
112,409708,N,N
112,409970,N,N
112,410241,N,N
112,410500,N,N
112,410762,N,N
112,411021,N,N
112,411276,N,N
112,411534,N,N
112,411796,N,N
112,412057,N,N
112,412313,N,N
112,412571,N,N
112,412834,N,N
112,413092,N,N
112,413350,N,N
112,413605,N,N
112,413863,N,N
112,414124,N,N
112,414388,N,N
112,414652,N,N
112,414910,N,N
112,415170,N,N
112,415436,N,N
112,415695,N,N
112,415954,N,N
112,416207,N,N
112,416462,N,N
112,416719,N,N
112,416976,N,N
112,417238,N,N
112,417495,N,N
112,417751,N,N
112,418011,N,N
112,418274,N,N
112,418539,N,N
112,418796,N,N
112,419059,N,N
112,419319,N,N
112,419582,N,N
112,419845,N,N
112,420105,N,N
112,420363,N,N
112,420620,N,N
112,420878,N,N
112,421137,N,N
112,421391,N,N
112,421651,N,N
112,421909,N,N
112,422169,N,N
112,422430,N,N
112,422696,N,N
112,422956,N,N
112,423212,N,N
112,423478,N,N
112,423737,N,N
112,423995,N,N
112,424253,N,N
112,424511,N,N
112,424769,N,N
112,425028,N,N
112,425295,N,N
112,425553,N,N
112,425813,N,N
112,426079,N,N
112,426340,N,N
112,426602,N,N
112,426862,N,N
112,427127,N,N
112,427387,N,N
112,427650,N,N
112,427917,N,N
112,428178,N,N
112,428438,N,N
112,428703,N,N
112,428964,N,N
112,429223,N,N
112,429481,N,N
112,429743,N,N
112,430005,N,N
112,430268,N,N
112,430537,N,N
112,430798,N,N
112,431056,N,N
112,431325,N,N
112,431588,N,N
112,431850,N,N
112,432109,N,N
112,432371,N,N
112,432630,N,N
112,432894,N,N
112,433158,N,N
112,433417,N,N
112,433672,N,N
112,433941,N,N
112,434204,N,N
112,434470,N,N
112,434732,N,N
112,434999,N,N
112,435264,N,N
112,435530,N,N
112,435802,N,N
112,436066,N,N
112,436325,N,N
112,436593,N,N
112,436856,N,N
112,437118,N,N
112,437381,N,N
112,437644,N,N
112,437902,N,N
112,438163,N,N
112,438431,N,N
112,438690,N,N
112,438945,N,N
112,439215,N,N
112,439474,N,N
112,439736,N,N
112,439996,N,N
112,440258,N,N
112,440518,N,N
112,440776,N,N
112,441043,N,N
112,441299,N,N
112,441558,N,N
112,441821,N,N
112,442084,N,N
112,442341,N,N
112,442597,N,N
112,442861,N,N
112,443120,N,N
112,443385,N,N
112,443652,N,N
112,443912,N,N
112,444172,N,N
112,444441,N,N
112,444703,N,N
112,444964,N,N
112,445220,N,N
112,445481,N,N
112,445739,N,N
112,445999,N,N
112,446263,N,N
112,446518,N,N
112,446772,N,N
112,447036,N,N
112,447293,N,N
112,447553,N,N
112,447807,N,N
112,448069,N,N
112,448328,N,N
112,448589,N,N
112,448859,N,N
112,449115,N,N
112,449373,N,N
112,449637,N,N
112,449900,N,N
112,450161,N,N
112,450416,N,N
112,450683,N,N
112,450941,N,N
112,451205,N,N
112,451474,N,N
112,451738,N,N
112,452002,N,N
112,452273,N,N
112,452541,N,N
112,452810,N,N
112,453072,N,N
112,453340,N,N
112,453600,N,N
112,453860,N,N
112,454124,N,N
112,454381,N,N
112,454639,N,N
112,454899,N,N
112,455160,N,N
112,455417,N,N
112,455671,N,N
112,455933,N,N
112,456189,N,N
112,456450,N,N
112,456715,N,N
112,456975,N,N
112,457235,N,N
112,457496,N,N
112,457762,N,N
112,458022,N,N
112,458275,N,N
112,458538,N,N
112,458794,N,N
112,459055,N,N
112,459316,N,N
112,459575,N,N
112,459833,N,N
112,460090,N,N
112,460357,N,N
112,460612,N,N
112,460871,N,N
112,461126,N,N
112,461384,N,N
112,461643,N,N
112,461904,N,N
112,462165,N,N
112,462421,N,N
112,462677,N,N
112,462941,N,N
112,463199,N,N
112,463459,N,N
112,463713,N,N
112,463970,N,N
112,464230,N,N
112,464489,N,N
112,464754,N,N
112,465011,N,N
112,465270,N,N
112,465533,N,N
112,465796,N,N
112,466064,N,N
112,466318,N,N
112,466583,N,N
112,466843,N,N
112,467105,N,N
112,467371,N,N
112,467632,N,N
112,467890,N,N
112,468149,N,N
112,468410,N,N
112,468671,N,N
112,468924,N,N
112,469186,N,N
112,469446,N,N
112,469705,N,N
112,469973,N,N
112,470236,N,N
112,470500,N,N
112,470766,N,N
112,471034,N,N
112,471301,N,N
112,471558,N,N
112,471826,N,N
112,472089,N,N
112,472353,N,N
112,472621,N,N
112,472889,N,N
112,473154,N,N
112,473424,N,N
112,473695,N,N
112,473962,N,N
112,474226,N,N
112,474498,N,N
112,474768,N,N
112,475037,N,N
112,475314,N,N
112,475581,N,N
112,475844,N,N
112,476119,N,N
112,476384,N,N
112,476647,N,N
112,476910,N,N
112,477172,N,N
112,477433,N,N
112,477698,N,N
112,477964,N,N
112,478226,N,N
112,478485,N,N
112,478759,N,N
112,479029,N,N
112,479290,N,N
112,479560,N,N
112,479824,N,N
112,480086,N,N
112,480352,N,N
112,480616,N,N
112,480875,N,N
112,481132,N,N
112,481401,N,N
112,481661,N,N
112,481918,N,N
112,482180,N,N
112,482437,N,N
112,482694,N,N
112,482956,N,N
112,483221,N,N
112,483483,N,N
112,483737,N,N
112,484005,N,N
112,484263,N,N
112,484519,N,N
112,484778,N,N
112,485036,N,N
112,485294,N,N
112,485555,N,N
112,485822,N,N
112,486079,N,N
112,486337,N,N
112,486608,N,N
112,486872,N,N
112,487135,N,N
112,487400,N,N
112,487666,N,N
112,487926,N,N
112,488192,N,N
112,488457,N,N
112,488713,N,N
112,488971,N,N
112,489238,N,N
112,489496,N,N
112,489747,N,N
112,490003,N,N
112,490258,N,N
112,490513,N,N
112,490768,N,N
112,491035,N,N
112,491289,N,N
112,491551,N,N
112,491817,N,N
112,492079,N,N
112,492339,N,N
112,492592,N,N
112,492855,N,N
112,493110,N,N
112,493373,N,N
112,493637,N,N
112,493896,N,N
112,494153,N,N
112,494420,N,N
112,494684,N,N
112,494951,N,N
112,495210,N,N
112,495477,N,N
112,495739,N,N
112,496008,N,N
112,496279,N,N
112,496540,N,N
112,496800,N,N
112,497065,N,N
112,497331,N,N
112,497591,N,N
112,497848,N,N
112,498109,N,N
112,498364,N,N
112,498622,N,N
112,498885,N,N
112,499145,N,N
112,499402,N,N
112,499665,N,N
112,499929,N,N
112,500194,N,N
112,500449,N,N
112,500716,N,N
112,500973,N,N
112,501233,N,N
112,501498,N,N
112,501760,N,N
112,502025,N,N
112,502288,N,N
112,502554,N,N
112,502817,N,N
112,503077,N,N
112,503343,N,N
112,503602,N,N
112,503863,N,N
112,504131,N,N
112,504393,N,N
112,504657,N,N
112,504921,N,N
112,505190,N,N
112,505457,N,N
112,505716,N,N
112,505986,N,N
112,506246,N,N
112,506514,N,N
112,506781,N,N
112,507045,N,N
112,507309,N,N
112,507574,N,N
112,507844,N,N
112,508110,N,N
112,508373,N,N
112,508638,N,N
112,508905,N,N
112,509173,N,N
112,509443,N,N
112,509710,N,N
112,509974,N,N
112,510242,N,N
112,510511,N,N
112,510781,N,N
112,511039,N,N
112,511306,N,N
112,511568,N,N
112,511832,N,N
112,512100,N,N
112,512361,N,N
112,512625,N,N
112,512890,N,N
112,513156,N,N
112,513423,N,N
112,513680,N,N
112,513943,N,N
112,514203,N,N
112,514465,N,N
112,514727,N,N
112,514986,N,N
112,515247,N,N
112,515508,N,N
112,515771,N,N
112,516033,N,N
112,516286,N,N
112,516547,N,N
112,516806,N,N
112,517065,N,N
112,517329,N,N
112,517591,N,N
112,517853,N,N
112,518119,N,N
112,518384,N,N
112,518650,N,N
112,518907,N,N
112,519169,N,N
112,519434,N,N
112,519692,N,N
112,519957,N,N
112,520218,N,N
112,520475,N,N
112,520740,N,N
112,520999,N,N
112,521264,N,N
112,521513,N,N
112,521775,N,N
112,522033,N,N
112,522295,N,N
112,522558,N,N
112,522818,N,N
112,523077,N,N
112,523337,N,N
112,523605,N,N
112,523867,N,N
112,524121,N,N
112,524385,N,N
112,524647,N,N
112,524909,N,N
112,525179,N,N
112,525446,N,N
112,525710,N,N
112,525976,N,N
112,526250,N,N
112,526522,N,N
112,526781,N,N
112,527055,N,N
112,527319,N,N
112,527586,N,N
112,527857,N,N
112,528122,N,N
112,528383,N,N
112,528650,N,N
112,528916,N,N
112,529179,N,N
112,529435,N,N
112,529700,N,N
112,529963,N,N
112,530221,N,N
112,530492,N,N
112,530755,N,N
112,531017,N,N
112,531287,N,N
112,531554,N,N
112,531824,N,N
112,532082,N,N
112,532352,N,N
112,532616,N,N
112,532879,N,N
112,533149,N,N
112,533414,N,N
112,533677,N,N
112,533947,N,N
112,534217,N,N
112,534482,N,N
112,534745,N,N
112,535017,N,N
112,535283,N,N
112,535550,N,N
112,535824,N,N
112,536087,N,N
112,536351,N,N
112,536620,N,N
112,536883,N,N
112,537146,N,N
112,537401,N,N
112,537666,N,N
112,537923,N,N
112,538186,N,N
112,538454,N,N
112,538711,N,N
112,538974,N,N
112,539242,N,N
112,539510,N,N
112,539778,N,N
112,540038,N,N
112,540306,N,N
112,540567,N,N
112,540833,N,N
112,541106,N,N
112,541366,N,N
112,541629,N,N
112,541903,N,N
112,542171,N,N
112,542442,N,N
112,542710,N,N
112,542977,N,N
112,543246,N,N
112,543523,N,N
112,543802,N,N
112,544065,N,N
112,544332,N,N
112,544608,N,N
112,544874,N,N
112,545143,N,N
112,545412,N,N
112,545672,N,N
112,545937,N,N
112,546203,N,N
112,546468,N,N
112,546732,N,N
112,546993,N,N
112,547267,N,N
112,547531,N,N
112,547796,N,N
112,548066,N,N
112,548327,N,N
112,548593,N,N
112,548864,N,N
112,549130,N,N
112,549395,N,N
112,549664,N,N
112,549933,N,N
112,550198,N,N
112,550460,N,N
112,550727,N,N
112,550991,N,N
112,551259,N,N
112,551531,N,N
112,551796,N,N
112,552064,N,N
112,552333,N,N
112,552603,N,N
112,552869,N,N
112,553124,N,N
112,553389,N,N
112,553646,N,N
112,553910,N,N
112,554174,N,N
112,554432,N,N
112,554691,N,N
112,554958,N,N
112,555222,N,N
112,555489,N,N
112,555749,N,N
112,556014,N,N
112,556277,N,N
112,556545,N,N
112,556814,N,N
112,557076,N,N
112,557342,N,N
112,557607,N,N
112,557873,N,N
112,558140,N,N
112,558398,N,N
112,558662,N,N
112,558921,N,N
112,559185,N,N
112,559452,N,N
112,559713,N,N
112,559975,N,N
112,560243,N,N
112,560506,N,N
112,560772,N,N
112,561032,N,N
112,561296,N,N
112,561557,N,N
112,561819,N,N
112,562084,N,N
112,562344,N,N
112,562604,N,N
112,562867,N,N
112,563127,N,N
112,563389,N,N
112,563645,N,N
112,563906,N,N
112,564168,N,N
112,564427,N,N
112,564691,N,N
112,564950,N,N
112,565207,N,N
112,565470,N,N
112,565728,N,N
112,565991,N,N
112,566241,N,N
112,566504,N,N
112,566760,N,N
112,567018,N,N
112,567277,N,N
112,567534,N,N
112,567792,N,N
112,568048,N,N
112,568312,N,N
112,568571,N,N
112,568825,N,N
112,569084,N,N
112,569344,N,N
112,569602,N,N
112,569865,N,N
112,570127,N,N
112,570387,N,N
112,570642,N,N
112,570909,N,N
112,571170,N,N
112,571426,N,N
112,571684,N,N
112,571941,N,N
112,572200,N,N
112,572454,N,N
112,572719,N,N
112,572972,N,N
112,573227,N,N
112,573489,N,N
112,573748,N,N
112,574007,N,N
112,574262,N,N
112,574522,N,N
112,574779,N,N
112,575038,N,N
112,575302,N,N
112,575564,N,N
112,575819,N,N
112,576084,N,N
112,576343,N,N
112,576606,N,N
112,576857,N,N
112,577122,N,N
112,577379,N,N
112,577635,N,N
112,577899,N,N
112,578154,N,N
112,578411,N,N
112,578669,N,N
112,578931,N,N
112,579188,N,N
112,579441,N,N
112,579701,N,N
112,579959,N,N
112,580213,N,N
112,580476,N,N
112,580732,N,N
112,580990,N,N
112,581249,N,N
112,581515,N,N
112,581775,N,N
112,582028,N,N
112,582295,N,N
112,582555,N,N
112,582817,N,N
112,583082,N,N
112,583346,N,N
112,583606,N,N
112,583870,N,N
112,584138,N,N
112,584396,N,N
112,584651,N,N
112,584911,N,N
112,585169,N,N
112,585422,N,N
112,585685,N,N
112,585940,N,N
112,586195,N,N
112,586453,N,N
112,586718,N,N
112,586979,N,N
112,587233,N,N
112,587500,N,N
112,587757,N,N
112,588018,N,N
112,588284,N,N
112,588547,N,N
112,588806,N,N
112,589069,N,N
112,589338,N,N
112,589600,N,N
112,589857,N,N
112,590124,N,N
112,590384,N,N
112,590644,N,N
112,590911,N,N
112,591173,N,N
112,591433,N,N
112,591696,N,N
112,591963,N,N
112,592219,N,N
112,592473,N,N
112,592735,N,N
112,592990,N,N
112,593244,N,N
112,593505,N,N
112,593762,N,N
112,594020,N,N
112,594279,N,N
112,594545,N,N
112,594806,N,N
112,595059,N,N
112,595326,N,N
112,595583,N,N
112,595846,N,N
112,596116,N,N
112,596380,N,N
112,596642,N,N
112,596902,N,N
112,597173,N,N
112,597430,N,N
112,597688,N,N
112,597950,N,N
112,598205,N,N
112,598467,N,N
112,598731,N,N
112,598995,N,N
112,599253,N,N
112,599516,N,N
112,599787,N,N
112,600048,N,N
112,600309,N,N
112,600572,N,N
112,600830,N,N
112,601091,N,N
112,601354,N,N
112,601616,N,N
112,601871,N,N
112,602129,N,N
112,602395,N,N
112,602654,N,N
112,602913,N,N
112,603174,N,N
112,603432,N,N
112,603692,N,N
112,603957,N,N
112,604221,N,N
112,604481,N,N
112,604739,N,N
112,605007,N,N
112,605265,N,N
112,605525,N,N
112,605783,N,N
112,606037,N,N
112,606296,N,N
112,606553,N,N
112,606815,N,N
112,607069,N,N
112,607328,N,N
112,607589,N,N
112,607848,N,N
112,608109,N,N
112,608365,N,N
112,608625,N,N
112,608883,N,N
112,609144,N,N
112,609406,N,N
112,609663,N,N
112,609919,N,N
112,610178,N,N
112,610434,N,N
112,610691,N,N
112,610938,N,N
112,611196,N,N
112,611449,N,N
112,611708,N,N
112,611968,N,N
112,612226,N,N
112,612487,N,N
112,612746,N,N
112,613011,N,N
112,613274,N,N
112,613529,N,N
112,613789,N,N
112,614047,N,N
112,614306,N,N
112,614568,N,N
112,614828,N,N
112,615086,N,N
112,615341,N,N
112,615608,N,N
112,615867,N,N
112,616127,N,N
112,616387,N,N
112,616644,N,N
112,616907,N,N
112,617167,N,N
112,617434,N,N
112,617693,N,N
112,617949,N,N
112,618217,N,N
112,618477,N,N
112,618738,N,N
112,618997,N,N
112,619258,N,N
112,619518,N,N
112,619783,N,N
112,620050,N,N
112,620314,N,N
112,620576,N,N
112,620849,N,N
112,621118,N,N
112,621384,N,N
112,621654,N,N
112,621919,N,N
112,622184,N,N
112,622451,N,N
112,622719,N,N
112,622984,N,N
112,623247,N,N
112,623519,N,N
112,623786,N,N
112,624042,N,N
112,624313,N,N
112,624576,N,N
112,624838,N,N
112,625105,N,N
112,625367,N,N
112,625632,N,N
112,625893,N,N
112,626162,N,N
112,626425,N,N
112,626676,N,N
112,626943,N,N
112,627198,N,N
112,627458,N,N
112,627717,N,N
112,627977,N,N
112,628231,N,N
112,628489,N,N
112,628751,N,N
112,629012,N,N
112,629265,N,N
112,629529,N,N
112,629789,N,N
112,630048,N,N
112,630316,N,N
112,630578,N,N
112,630840,N,N
112,631099,N,N
112,631367,N,N
112,631634,N,N
112,631887,N,N
112,632155,N,N
112,632414,N,N
112,632673,N,N
112,632938,N,N
112,633201,N,N
112,633459,N,N
112,633719,N,N
112,633986,N,N
112,634248,N,N
112,634503,N,N
112,634770,N,N
112,635030,N,N
112,635292,N,N
112,635558,N,N
112,635822,N,N
112,636082,N,N
112,636343,N,N
112,636612,N,N
112,636872,N,N
112,637129,N,N
112,637394,N,N
112,637656,N,N
112,637916,N,N
112,638182,N,N
112,638448,N,N
112,638706,N,N
112,638969,N,N
112,639237,N,N
112,639497,N,N
112,639751,N,N
112,640015,N,N
112,640274,N,N
112,640530,N,N
112,640793,N,N
112,641050,N,N
112,641306,N,N
112,641560,N,N
112,641828,N,N
112,642083,N,N
112,642339,N,N
112,642598,N,N
112,642855,N,N
112,643113,N,N
112,643374,N,N
112,643640,N,N
112,643897,N,N
112,644156,N,N
112,644425,N,N
112,644684,N,N
112,644942,N,N
112,645200,N,N
112,645457,N,N
112,645713,N,N
112,645974,N,N
112,646239,N,N
112,646495,N,N
112,646751,N,N
112,647018,N,N
112,647277,N,N
112,647540,N,N
112,647798,N,N
112,648059,N,N
112,648320,N,N
112,648582,N,N
112,648848,N,N
112,649105,N,N
112,649361,N,N
112,649626,N,N
112,649883,N,N
115,161,N,N
115,518,N,N
115,850,N,N
115,1211,N,N
115,1629,N,N
115,1977,N,N
115,2327,N,N
115,2699,N,N
115,3065,N,N
115,3406,N,N
115,3737,N,N
115,4114,N,N
115,4488,N,N
115,4823,N,N
115,5179,N,N
115,5519,N,N
115,5845,N,N
115,6161,N,N
115,6497,N,N
115,6857,N,N
115,7180,N,N
115,7496,N,N
115,7836,N,N
115,8185,N,N
115,8518,N,N
115,8830,N,N
115,9164,N,N
115,9498,N,N
115,9841,N,N
115,10158,N,N
115,10492,N,N
115,10828,N,N
115,11158,N,N
115,11473,N,N
115,11790,N,N
115,12113,N,N
115,12429,N,N
115,12735,N,N
115,13087,N,N
115,13423,N,N
115,13734,N,N
115,14088,N,N
115,14470,N,N
115,14809,N,N
115,15190,N,N
115,15600,N,N
115,15964,N,N
115,16318,N,N
115,16695,N,N
115,17071,N,N
115,17426,N,N
115,17787,N,N
115,18163,N,N
115,18518,N,N
115,18864,N,N
115,19216,N,N
115,19568,N,N
115,19882,N,N
115,20203,N,N
115,20539,N,N
115,20875,N,N
115,21175,N,N
115,21488,N,N
115,21832,N,N
115,22169,N,N
115,22519,N,N
115,22878,N,N
115,23219,N,N
115,23541,N,N
115,23872,N,N
115,24236,N,N
115,24565,N,N
115,24917,N,N
115,25285,N,N
115,25659,N,N
115,26012,N,N
115,26374,N,N
115,26733,N,N
115,27069,N,N
115,27383,N,N
115,27709,N,N
115,28036,N,N
115,28355,N,N
115,28665,N,N
115,28986,N,N
115,29353,N,N
115,29673,N,N
115,30003,N,N
115,30353,N,N
115,30694,N,N
115,31030,N,N
115,31381,N,N
115,31766,N,N
115,32109,N,N
115,32451,N,N
115,32797,N,N
115,33145,N,N
115,33471,N,N
115,33811,N,N
115,34161,N,N
115,34510,N,N
115,34828,N,N
115,35197,N,N
115,35542,N,N
115,35866,N,N
115,36233,N,N
115,36608,N,N
115,36924,N,N
115,37251,N,N
115,37633,N,N
115,38010,N,N
115,38334,N,N
115,38702,N,N
115,39097,N,N
115,39435,N,N
115,39773,N,N
115,40136,N,N
115,40502,N,N
115,40822,N,N
115,41156,N,N
115,41514,N,N
115,41843,N,N
115,42146,N,N
115,42464,N,N
115,42808,N,N
115,43133,N,N
115,43452,N,N
115,43800,N,N
115,44155,N,N
115,44477,N,N
115,44821,N,N
115,45189,N,N
115,45524,N,N
115,45860,N,N
115,46244,N,N
115,46607,N,N
115,46924,N,N
115,47235,N,N
115,47565,N,N
115,47877,N,N
115,48192,N,N
115,48522,N,N
115,48860,N,N
115,49190,N,N
115,49538,N,N
115,49892,N,N
115,50223,N,N
115,50545,N,N
115,50915,N,N
115,51272,N,N
115,51600,N,N
115,51945,N,N
115,52314,N,N
115,52642,N,N
115,52953,N,N
115,53284,N,N
115,53612,N,N
115,53913,N,N
115,54223,N,N
115,54557,N,N
115,54885,N,N
115,55196,N,N
115,55526,N,N
115,55925,N,N
115,56279,N,N
115,56613,N,N
115,56983,N,N
115,57330,N,N
115,57638,N,N
115,57981,N,N
115,58380,N,N
115,58725,N,N
115,59066,N,N
115,59429,N,N
115,59782,N,N
115,60091,N,N
115,60429,N,N
115,60777,N,N
115,61124,N,N
115,61439,N,N
115,61773,N,N
115,62143,N,N
115,62476,N,N
115,62779,N,N
115,63133,N,N
115,63514,N,N
115,63846,N,N
115,64188,N,N
115,64566,N,N
115,64925,N,N
115,65238,N,N
115,65548,N,N
115,65863,N,N
115,66178,N,N
115,66476,N,N
115,66793,N,N
115,67139,N,N
115,67465,N,N
115,67800,N,N
115,68231,N,N
115,68602,N,N
115,68974,N,N
115,69355,N,N
115,69737,N,N
115,70095,N,N
115,70470,N,N
115,70840,N,N
115,71194,N,N
115,71568,N,N
115,71938,N,N
115,72307,N,N
115,72658,N,N
115,73016,N,N
115,73380,N,N
115,73725,N,N
115,74078,N,N
115,74435,N,N
115,74798,N,N
115,75132,N,N
115,75469,N,N
115,75833,N,N
115,76194,N,N
115,76526,N,N
115,76866,N,N
115,77234,N,N
115,77588,N,N
115,77911,N,N
115,78233,N,N
115,78563,N,N
115,78875,N,N
115,79191,N,N
115,79505,N,N
115,79829,N,N
115,80144,N,N
115,80486,N,N
115,80843,N,N
115,81196,N,N
115,81517,N,N
115,81853,N,N
115,82172,N,N
115,82477,N,N
115,82793,N,N
115,83110,N,N
115,83407,N,N
115,83706,N,N
115,84022,N,N
115,84322,N,N
115,84612,N,N
115,84913,N,N
115,85225,N,N
115,85532,N,N
115,85875,N,N
115,86234,N,N
115,86580,N,N
115,86957,N,N
115,87319,N,N
115,87654,N,N
115,88006,N,N
115,88332,N,N
115,88637,N,N
115,88936,N,N
115,89257,N,N
115,89614,N,N
115,89959,N,N
115,90305,N,N
115,90699,N,N
115,91100,N,N
115,91466,N,N
115,91835,N,N
115,92216,N,N
115,92571,N,N
115,92895,N,N
115,93259,N,N
115,93633,N,N
115,93973,N,N
115,94290,N,N
115,94652,N,N
115,95011,N,N
115,95331,N,N
115,95664,N,N
115,96011,N,N
115,96334,N,N
115,96639,N,N
115,96980,N,N
115,97349,N,N
115,97678,N,N
115,98038,N,N
115,98412,N,N
115,98728,N,N
115,99038,N,N
115,99373,N,N
115,99701,N,N
115,100009,N,N
115,100328,N,N
115,100663,N,N
115,100987,N,N
115,101337,N,N
115,101731,N,N
115,102086,N,N
115,102417,N,N
115,102775,N,N
115,103155,N,N
115,103500,N,N
115,103839,N,N
115,104197,N,N
115,104532,N,N
115,104849,N,N
115,105189,N,N
115,105573,N,N
115,105956,N,N
115,106306,N,N
115,106649,N,N
115,106987,N,N
115,107300,N,N
115,107617,N,N
115,107925,N,N
115,108261,N,N
115,108589,N,N
115,108921,N,N
115,109284,N,N
115,109654,N,N
115,109991,N,N
115,110354,N,N
115,110741,N,N
115,111111,N,N
115,111444,N,N
115,111799,N,N
115,112186,N,N
115,112536,N,N
115,112860,N,N
115,113200,N,N
115,113555,N,N
115,113882,N,N
115,114202,N,N
115,114543,N,N
115,114878,N,N
115,115198,N,N
115,115532,N,N
115,115872,N,N
115,116198,N,N
115,116526,N,N
115,116889,N,N
115,117261,N,N
115,117587,N,N
115,117926,N,N
115,118310,N,N
115,118637,N,N
115,118966,N,N
115,119308,N,N
115,119661,N,N
115,119982,N,N
115,120313,N,N
115,120660,N,N
115,121018,N,N
115,121334,N,N
115,121683,N,N
115,122040,N,N
115,122359,N,N
115,122666,N,N
115,123001,N,N
115,123354,N,N
115,123673,N,N
115,123995,N,N
115,124379,N,N
115,124754,N,N
115,125082,N,N
115,125423,N,N
115,125765,N,N
115,126096,N,N
115,126397,N,N
115,126732,N,N
115,127129,N,N
115,127471,N,N
115,127788,N,N
115,128135,N,N
115,128501,N,N
115,128815,N,N
115,129132,N,N
115,129480,N,N
115,129821,N,N
115,130128,N,N
115,130447,N,N
115,130792,N,N
115,131112,N,N
115,131414,N,N
115,131738,N,N
115,132082,N,N
115,132406,N,N
115,132713,N,N
115,133044,N,N
115,133418,N,N
115,133778,N,N
115,134105,N,N
115,134491,N,N
115,134860,N,N
115,135189,N,N
115,135529,N,N
115,135898,N,N
115,136227,N,N
115,136527,N,N
115,136855,N,N
115,137211,N,N
115,137528,N,N
115,137841,N,N
115,138201,N,N
115,138583,N,N
115,138913,N,N
115,139260,N,N
115,139660,N,N
115,140004,N,N
115,140317,N,N
115,140672,N,N
115,141056,N,N
115,141390,N,N
115,141694,N,N
115,142048,N,N
115,142416,N,N
115,142773,N,N
115,143111,N,N
115,143482,N,N
115,143880,N,N
115,144233,N,N
115,144555,N,N
115,144914,N,N
115,145260,N,N
115,145578,N,N
115,145887,N,N
115,146223,N,N
115,146568,N,N
115,146883,N,N
115,147206,N,N
115,147560,N,N
115,147938,N,N
115,148277,N,N
115,148650,N,N
115,149034,N,N
115,149366,N,N
115,149680,N,N
115,150003,N,N
115,150331,N,N
115,150637,N,N
115,150954,N,N
115,151287,N,N
115,151630,N,N
115,151938,N,N
115,152250,N,N
115,152583,N,N
115,152921,N,N
115,153225,N,N
115,153563,N,N
115,153936,N,N
115,154295,N,N
115,154626,N,N
115,154964,N,N
115,155297,N,N
115,155606,N,N
115,155907,N,N
115,156235,N,N
115,156590,N,N
115,156910,N,N
115,157215,N,N
115,157542,N,N
115,157852,N,N
115,158147,N,N
115,158448,N,N
115,158800,N,N
115,159150,N,N
115,159473,N,N
115,159865,N,N
115,160257,N,N
115,160588,N,N
115,160927,N,N
115,161285,N,N
115,161618,N,N
115,161934,N,N
115,162252,N,N
115,162589,N,N
115,162917,N,N
115,163218,N,N
115,163523,N,N
115,163857,N,N
115,164168,N,N
115,164480,N,N
115,164810,N,N
115,165183,N,N
115,165538,N,N
115,165853,N,N
115,166175,N,N
115,166508,N,N
115,166824,N,N
115,167128,N,N
115,167423,N,N
115,167713,N,N
115,168013,N,N
115,168321,N,N
115,168624,N,N
115,168933,N,N
115,169235,N,N
115,169678,N,N
115,170095,N,N
115,170460,N,N
115,170826,N,N
115,171200,N,N
115,171579,N,N
115,171938,N,N
115,172315,N,N
115,172689,N,N
115,173054,N,N
115,173410,N,N
115,173774,N,N
115,174130,N,N
115,174452,N,N
115,174789,N,N
115,175174,N,N
115,175526,N,N
115,175854,N,N
115,176223,N,N
115,176592,N,N
115,176917,N,N
115,177240,N,N
115,177590,N,N
115,177944,N,N
115,178290,N,N
115,178605,N,N
115,178957,N,N
115,179328,N,N
115,179707,N,N
115,180031,N,N
115,180354,N,N
115,180689,N,N
115,181026,N,N
115,181330,N,N
115,181645,N,N
115,181994,N,N
115,182350,N,N
115,182669,N,N
115,183005,N,N
115,183378,N,N
115,183733,N,N
115,184041,N,N
115,184383,N,N
115,184760,N,N
115,185096,N,N
115,185413,N,N
115,185748,N,N
115,186081,N,N
115,186387,N,N
115,186701,N,N
115,187029,N,N
115,187350,N,N
115,187661,N,N
115,187987,N,N
115,188336,N,N
115,188685,N,N
115,189007,N,N
115,189359,N,N
115,189762,N,N
115,190121,N,N
115,190472,N,N
115,190823,N,N
115,191167,N,N
115,191483,N,N
115,191819,N,N
115,192173,N,N
115,192506,N,N
115,192834,N,N
115,193164,N,N
115,193523,N,N
115,193865,N,N
115,194216,N,N
115,194572,N,N
115,194915,N,N
115,195241,N,N
115,195579,N,N
115,195912,N,N
115,196239,N,N
115,196555,N,N
115,196873,N,N
115,197208,N,N
115,197534,N,N
115,197848,N,N
115,198184,N,N
115,198531,N,N
115,198889,N,N
115,199214,N,N
115,199556,N,N
115,199923,N,N
115,200256,N,N
115,200578,N,N
115,200908,N,N
115,201223,N,N
115,201539,N,N
115,201874,N,N
115,202232,N,N
115,202569,N,N
115,202909,N,N
115,203287,N,N
115,203626,N,N
115,203944,N,N
115,204282,N,N
115,204628,N,N
115,204963,N,N
115,205286,N,N
115,205635,N,N
115,205986,N,N
115,206296,N,N
115,206625,N,N
115,206960,N,N
115,207279,N,N
115,207588,N,N
115,207918,N,N
115,208291,N,N
115,208619,N,N
115,208927,N,N
115,209299,N,N
115,209676,N,N
115,210004,N,N
115,210323,N,N
115,210675,N,N
115,211020,N,N
115,211333,N,N
115,211655,N,N
115,211990,N,N
115,212311,N,N
115,212612,N,N
115,212921,N,N
115,213256,N,N
115,213584,N,N
115,213882,N,N
115,214201,N,N
115,214550,N,N
115,214869,N,N
115,215169,N,N
115,215481,N,N
115,215808,N,N
115,216120,N,N
115,216418,N,N
115,216722,N,N
115,217090,N,N
115,217413,N,N
115,217714,N,N
115,218040,N,N
115,218373,N,N
115,218691,N,N
115,218989,N,N
115,219308,N,N
115,219671,N,N
115,220007,N,N
115,220311,N,N
115,220631,N,N
115,220977,N,N
115,221289,N,N
115,221590,N,N
115,221930,N,N
115,222294,N,N
115,222610,N,N
115,222911,N,N
115,223231,N,N
115,223614,N,N
115,223952,N,N
115,224300,N,N
115,224683,N,N
115,225032,N,N
115,225337,N,N
115,225683,N,N
115,226038,N,N
115,226366,N,N
115,226676,N,N
115,227001,N,N
115,227358,N,N
115,227677,N,N
115,227983,N,N
115,228303,N,N
115,228615,N,N
115,228922,N,N
115,229231,N,N
115,229565,N,N
115,229881,N,N
115,230196,N,N
115,230498,N,N
115,230791,N,N
115,231083,N,N
115,231409,N,N
115,231739,N,N
115,232040,N,N
115,232344,N,N
115,232681,N,N
115,232998,N,N
115,233300,N,N
115,233623,N,N
115,233973,N,N
115,234300,N,N
115,234604,N,N
115,234934,N,N
115,235302,N,N
115,235632,N,N
115,235938,N,N
115,236293,N,N
115,236662,N,N
115,236991,N,N
115,237300,N,N
115,237655,N,N
115,238001,N,N
115,238310,N,N
115,238632,N,N
115,238983,N,N
115,239321,N,N
115,239629,N,N
115,239953,N,N
115,240309,N,N
115,240629,N,N
115,240933,N,N
115,241261,N,N
115,241609,N,N
115,241934,N,N
115,242236,N,N
115,242549,N,N
115,242910,N,N
115,243235,N,N
115,243541,N,N
115,243874,N,N
115,244203,N,N
115,244513,N,N
115,244809,N,N
115,245125,N,N
115,245470,N,N
115,245784,N,N
115,246076,N,N
115,246395,N,N
115,246706,N,N
115,247017,N,N
115,247304,N,N
115,247616,N,N
115,247940,N,N
115,248247,N,N
115,248544,N,N
115,248865,N,N
115,249209,N,N
115,249528,N,N
115,249835,N,N
115,250177,N,N
115,250540,N,N
115,250863,N,N
115,251199,N,N
115,251539,N,N
115,251880,N,N
115,252197,N,N
115,252511,N,N
115,252866,N,N
115,253227,N,N
115,253542,N,N
115,253911,N,N
115,254292,N,N
115,254627,N,N
115,254946,N,N
115,255270,N,N
115,255625,N,N
115,255940,N,N
115,256273,N,N
115,256679,N,N
115,257065,N,N
115,257401,N,N
115,257742,N,N
115,258109,N,N
115,258428,N,N
115,258734,N,N
115,259048,N,N
115,259366,N,N
115,259679,N,N
115,260004,N,N
115,260335,N,N
115,260663,N,N
115,260989,N,N
115,261337,N,N
115,261730,N,N
115,262080,N,N
115,262416,N,N
115,262741,N,N
115,263055,N,N
115,263367,N,N
115,263683,N,N
115,263992,N,N
115,264306,N,N
115,264603,N,N
115,264915,N,N
115,265244,N,N
115,265563,N,N
115,265872,N,N
115,266187,N,N
115,266493,N,N
115,266788,N,N
115,267081,N,N
115,267402,N,N
115,267752,N,N
115,268066,N,N
115,268416,N,N
115,268843,N,N
115,269203,N,N
115,269554,N,N
115,269923,N,N
115,270277,N,N
115,270594,N,N
115,270928,N,N
115,271292,N,N
115,271624,N,N
115,271930,N,N
115,272275,N,N
115,272664,N,N
115,273015,N,N
115,273334,N,N
115,273683,N,N
115,274052,N,N
115,274386,N,N
115,274707,N,N
115,275048,N,N
115,275419,N,N
115,275746,N,N
115,276066,N,N
115,276414,N,N
115,276762,N,N
115,277072,N,N
115,277410,N,N
115,277771,N,N
115,278112,N,N
115,278427,N,N
115,278759,N,N
115,279107,N,N
115,279411,N,N
115,279704,N,N
115,280005,N,N
115,280322,N,N
115,280621,N,N
115,280911,N,N
115,281224,N,N
115,281559,N,N
115,281864,N,N
115,282153,N,N
115,282470,N,N
115,282805,N,N
115,283120,N,N
115,283418,N,N
115,283748,N,N
115,284126,N,N
115,284443,N,N
115,284770,N,N
115,285105,N,N
115,285427,N,N
115,285730,N,N
115,286042,N,N
115,286360,N,N
115,286677,N,N
115,286979,N,N
115,287280,N,N
115,287623,N,N
115,287945,N,N
115,288256,N,N
115,288575,N,N
115,288906,N,N
115,289230,N,N
115,289534,N,N
115,289898,N,N
115,290292,N,N
115,290649,N,N
115,290998,N,N
115,291349,N,N
115,291706,N,N
115,292022,N,N
115,292347,N,N
115,292701,N,N
115,293058,N,N
115,293388,N,N
115,293739,N,N
115,294121,N,N
115,294474,N,N
115,294793,N,N
115,295142,N,N
115,295495,N,N
115,295835,N,N
115,296144,N,N
115,296461,N,N
115,296813,N,N
115,297133,N,N
115,297434,N,N
115,297757,N,N
115,298110,N,N
115,298462,N,N
115,298776,N,N
115,299115,N,N
115,299466,N,N
115,299780,N,N
115,300088,N,N
115,300411,N,N
115,300744,N,N
115,301062,N,N
115,301378,N,N
115,301708,N,N
115,302053,N,N
115,302367,N,N
115,302692,N,N
115,303090,N,N
115,303469,N,N
115,303805,N,N
115,304137,N,N
115,304474,N,N
115,304807,N,N
115,305110,N,N
115,305452,N,N
115,305810,N,N
115,306159,N,N
115,306469,N,N
115,306791,N,N
115,307136,N,N
115,307491,N,N
115,307800,N,N
115,308124,N,N
115,308458,N,N
115,308799,N,N
115,309108,N,N
115,309418,N,N
115,309762,N,N
115,310089,N,N
115,310387,N,N
115,310710,N,N
115,311043,N,N
115,311367,N,N
115,311669,N,N
115,311970,N,N
115,312280,N,N
115,312596,N,N
115,312887,N,N
115,313187,N,N
115,313513,N,N
115,313866,N,N
115,314183,N,N
115,314543,N,N
115,314992,N,N
115,315361,N,N
115,315739,N,N
115,316121,N,N
115,316499,N,N
115,316847,N,N
115,317205,N,N
115,317578,N,N
115,317917,N,N
115,318247,N,N
115,318596,N,N
115,318945,N,N
115,319260,N,N
115,319581,N,N
115,319944,N,N
115,320294,N,N
115,320610,N,N
115,320967,N,N
115,321343,N,N
115,321693,N,N
115,322003,N,N
115,322344,N,N
115,322735,N,N
115,323072,N,N
115,323399,N,N
115,323764,N,N
115,324120,N,N
115,324438,N,N
115,324736,N,N
115,325076,N,N
115,325412,N,N
115,325714,N,N
115,326014,N,N
115,326319,N,N
115,326628,N,N
115,326925,N,N
115,327218,N,N
115,327538,N,N
115,327928,N,N
115,328258,N,N
115,328634,N,N
115,329039,N,N
115,329408,N,N
115,329730,N,N
115,330074,N,N
115,330458,N,N
115,330774,N,N
115,331088,N,N
115,331422,N,N
115,331755,N,N
115,332062,N,N
115,332393,N,N
115,332740,N,N
115,333078,N,N
115,333386,N,N
115,333707,N,N
115,334034,N,N
115,334356,N,N
115,334670,N,N
115,335002,N,N
115,335391,N,N
115,335729,N,N
115,336045,N,N
115,336375,N,N
115,336710,N,N
115,337030,N,N
115,337338,N,N
115,337687,N,N
115,338050,N,N
115,338371,N,N
115,338679,N,N
115,339023,N,N
115,339378,N,N
115,339706,N,N
115,340017,N,N
115,340381,N,N
115,340773,N,N
115,341099,N,N
115,341411,N,N
115,341731,N,N
115,342041,N,N
115,342353,N,N
115,342668,N,N
115,343026,N,N
115,343382,N,N
115,343693,N,N
115,344043,N,N
115,344460,N,N
115,344820,N,N
115,345156,N,N
115,345531,N,N
115,345910,N,N
115,346231,N,N
115,346554,N,N
115,346884,N,N
115,347227,N,N
115,347542,N,N
115,347872,N,N
115,348218,N,N
115,348573,N,N
115,348888,N,N
115,349213,N,N
115,349595,N,N
115,349979,N,N
115,350303,N,N
115,350631,N,N
115,350966,N,N
115,351279,N,N
115,351570,N,N
115,351892,N,N
115,352219,N,N
115,352536,N,N
115,352829,N,N
115,353148,N,N
115,353482,N,N
115,353811,N,N
115,354112,N,N
115,354440,N,N
115,354795,N,N
115,355148,N,N
115,355457,N,N
115,355789,N,N
115,356140,N,N
115,356449,N,N
115,356742,N,N
115,357048,N,N
115,357356,N,N
115,357662,N,N
115,357953,N,N
115,358250,N,N
115,358551,N,N
115,358854,N,N
115,359145,N,N
115,359444,N,N
115,359762,N,N
115,360085,N,N
115,360391,N,N
115,360708,N,N
115,361044,N,N
115,361378,N,N
115,361691,N,N
115,362029,N,N
115,362438,N,N
115,362792,N,N
115,363130,N,N
115,363478,N,N
115,363809,N,N
115,364111,N,N
115,364434,N,N
115,364790,N,N
115,365106,N,N
115,365420,N,N
115,365742,N,N
115,366083,N,N
115,366403,N,N
115,366709,N,N
115,367028,N,N
115,367365,N,N
115,367682,N,N
115,367988,N,N
115,368301,N,N
115,368629,N,N
115,368973,N,N
115,369286,N,N
115,369602,N,N
115,369927,N,N
115,370247,N,N
115,370554,N,N
115,370872,N,N
115,371196,N,N
115,371524,N,N
115,371834,N,N
115,372189,N,N
115,372532,N,N
115,372865,N,N
115,373185,N,N
115,373509,N,N
115,373836,N,N
115,374182,N,N
115,374491,N,N
115,374815,N,N
115,375163,N,N
115,375551,N,N
115,375895,N,N
115,376253,N,N
115,376633,N,N
115,376967,N,N
115,377272,N,N
115,377591,N,N
115,377935,N,N
115,378273,N,N
115,378587,N,N
115,378893,N,N
115,379208,N,N
115,379517,N,N
115,379812,N,N
115,380121,N,N
115,380436,N,N
115,380747,N,N
115,381046,N,N
115,381359,N,N
115,381696,N,N
115,382026,N,N
115,382326,N,N
115,382633,N,N
115,382956,N,N
115,383268,N,N
115,383568,N,N
115,383875,N,N
115,384177,N,N
115,384477,N,N
115,384776,N,N
115,385064,N,N
115,385375,N,N
115,385670,N,N
115,385994,N,N
115,386324,N,N
115,386678,N,N
115,387028,N,N
115,387398,N,N
115,387834,N,N
115,388195,N,N
115,388523,N,N
115,388836,N,N
115,389137,N,N
115,389445,N,N
115,389757,N,N
115,390070,N,N
115,390392,N,N
115,390701,N,N
115,391053,N,N
115,391499,N,N
115,391879,N,N
115,392291,N,N
115,392686,N,N
115,393060,N,N
115,393432,N,N
115,393797,N,N
115,394125,N,N
115,394443,N,N
115,394763,N,N
115,395068,N,N
115,395370,N,N
115,395695,N,N
115,396032,N,N
115,396359,N,N
115,396726,N,N
115,397121,N,N
115,397460,N,N
115,397801,N,N
115,398196,N,N
115,398538,N,N
115,398868,N,N
115,399199,N,N
115,399531,N,N
115,399851,N,N
115,400180,N,N
115,400513,N,N
115,400834,N,N
115,401144,N,N
115,401498,N,N
115,401842,N,N
115,402170,N,N
115,402494,N,N
115,402848,N,N
115,403228,N,N
115,403560,N,N
115,403902,N,N
115,404241,N,N
115,404556,N,N
115,404872,N,N
115,405228,N,N
115,405613,N,N
115,405989,N,N
115,406319,N,N
115,406665,N,N
115,407023,N,N
115,407349,N,N
115,407667,N,N
115,407985,N,N
115,408319,N,N
115,408632,N,N
115,408949,N,N
115,409300,N,N
115,409648,N,N
115,409961,N,N
115,410290,N,N
115,410614,N,N
115,410942,N,N
115,411241,N,N
115,411551,N,N
115,411860,N,N
115,412183,N,N
115,412497,N,N
115,412813,N,N
115,413146,N,N
115,413476,N,N
115,413793,N,N
115,414120,N,N
115,414448,N,N
115,414759,N,N
115,415064,N,N
115,415398,N,N
115,415741,N,N
115,416045,N,N
115,416345,N,N
115,416645,N,N
115,416977,N,N
115,417278,N,N
115,417570,N,N
115,417882,N,N
115,418178,N,N
115,418459,N,N
115,418753,N,N
115,419037,N,N
115,419340,N,N
115,419627,N,N
115,419913,N,N
115,420221,N,N
115,420530,N,N
115,420831,N,N
115,421135,N,N
115,421479,N,N
115,421810,N,N
115,422124,N,N
115,422439,N,N
115,422760,N,N
115,423076,N,N
115,423385,N,N
115,423700,N,N
115,424043,N,N
115,424363,N,N
115,424693,N,N
115,425029,N,N
115,425386,N,N
115,425698,N,N
115,426008,N,N
115,426334,N,N
115,426640,N,N
115,426959,N,N
115,427332,N,N
115,427665,N,N
115,428011,N,N
115,428412,N,N
115,428777,N,N
115,429106,N,N
115,429459,N,N
115,429836,N,N
115,430166,N,N
115,430476,N,N
115,430793,N,N
115,431111,N,N
115,431409,N,N
115,431704,N,N
115,432019,N,N
115,432356,N,N
115,432668,N,N
115,432977,N,N
115,433311,N,N
115,433649,N,N
115,433950,N,N
115,434257,N,N
115,434568,N,N
115,434877,N,N
115,435172,N,N
115,435481,N,N
115,435845,N,N
115,436193,N,N
115,436510,N,N
115,436858,N,N
115,437224,N,N
115,437550,N,N
115,437853,N,N
115,438176,N,N
115,438516,N,N
115,438822,N,N
115,439118,N,N
115,439444,N,N
115,439796,N,N
115,440123,N,N
115,440432,N,N
115,440801,N,N
115,441217,N,N
115,441566,N,N
115,441890,N,N
115,442215,N,N
115,442540,N,N
115,442852,N,N
115,443147,N,N
115,443474,N,N
115,443822,N,N
115,444169,N,N
115,444486,N,N
115,444844,N,N
115,445242,N,N
115,445578,N,N
115,445911,N,N
115,446248,N,N
115,446587,N,N
115,446884,N,N
115,447179,N,N
115,447470,N,N
115,447756,N,N
115,448041,N,N
115,448316,N,N
115,448615,N,N
115,448934,N,N
115,449238,N,N
115,449571,N,N
115,449969,N,N
115,450348,N,N
115,450689,N,N
115,451080,N,N
115,451480,N,N
115,451829,N,N
115,452187,N,N
115,452553,N,N
115,452878,N,N
115,453179,N,N
115,453480,N,N
115,453812,N,N
115,454109,N,N
115,454406,N,N
115,454713,N,N
115,455040,N,N
115,455344,N,N
115,455637,N,N
115,455930,N,N
115,456261,N,N
115,456564,N,N
115,456856,N,N
115,457155,N,N
115,457467,N,N
115,457789,N,N
115,458092,N,N
115,458405,N,N
115,458742,N,N
115,459064,N,N
115,459358,N,N
115,459646,N,N
115,459939,N,N
115,460230,N,N
115,460528,N,N
115,460821,N,N
115,461112,N,N
115,461417,N,N
115,461718,N,N
115,462031,N,N
115,462337,N,N
115,462639,N,N
115,462948,N,N
115,463256,N,N
115,463571,N,N
115,463877,N,N
115,464173,N,N
115,464463,N,N
115,464743,N,N
115,465019,N,N
115,465299,N,N
115,465579,N,N
115,465850,N,N
115,466115,N,N
115,466388,N,N
115,466661,N,N
115,466925,N,N
115,467185,N,N
115,467448,N,N
115,467713,N,N
115,467983,N,N
115,468259,N,N
115,468522,N,N
115,468787,N,N
115,469061,N,N
115,469329,N,N
115,469598,N,N
115,469863,N,N
115,470139,N,N
115,470419,N,N
115,470701,N,N
115,470975,N,N
115,471272,N,N
115,471624,N,N
115,472014,N,N
115,472411,N,N
115,472788,N,N
115,473168,N,N
115,473508,N,N
115,473849,N,N
115,474210,N,N
115,474551,N,N
115,474876,N,N
115,475179,N,N
115,475491,N,N
115,475815,N,N
115,476149,N,N
115,476453,N,N
115,476779,N,N
115,477125,N,N
115,477446,N,N
115,477750,N,N
115,478053,N,N
115,478376,N,N
115,478690,N,N
115,478973,N,N
115,479263,N,N
115,479563,N,N
115,479858,N,N
115,480141,N,N
115,480442,N,N
115,480752,N,N
115,481046,N,N
115,481349,N,N
115,481664,N,N
115,481986,N,N
115,482295,N,N
115,482669,N,N
115,483066,N,N
115,483408,N,N
115,483760,N,N
115,484133,N,N
115,484504,N,N
115,484833,N,N
115,485147,N,N
115,485461,N,N
115,485799,N,N
115,486119,N,N
115,486424,N,N
115,486735,N,N
115,487067,N,N
115,487397,N,N
115,487712,N,N
115,488057,N,N
115,488431,N,N
115,488766,N,N
115,489082,N,N
115,489385,N,N
115,489698,N,N
115,489997,N,N
115,490307,N,N
115,490646,N,N
115,490965,N,N
115,491277,N,N
115,491607,N,N
115,491971,N,N
115,492318,N,N
115,492626,N,N
115,492948,N,N
115,493291,N,N
115,493600,N,N
115,493909,N,N
115,494226,N,N
115,494552,N,N
115,494871,N,N
115,495212,N,N
115,495630,N,N
115,496009,N,N
115,496382,N,N
115,496738,N,N
115,497078,N,N
115,497406,N,N
115,497720,N,N
115,498017,N,N
115,498314,N,N
115,498614,N,N
115,498925,N,N
115,499225,N,N
115,499517,N,N
115,499846,N,N
115,500186,N,N
115,500493,N,N
115,500800,N,N
115,501117,N,N
115,501453,N,N
115,501759,N,N
115,502051,N,N
115,502352,N,N
115,502659,N,N
115,502946,N,N
115,503231,N,N
115,503525,N,N
115,503830,N,N
115,504129,N,N
115,504416,N,N
115,504720,N,N
115,505052,N,N
115,505357,N,N
115,505654,N,N
115,505970,N,N
115,506278,N,N
115,506578,N,N
115,506886,N,N
115,507200,N,N
115,507512,N,N
115,507812,N,N
115,508136,N,N
115,508449,N,N
115,508762,N,N
115,509105,N,N
115,509550,N,N
115,509924,N,N
115,510323,N,N
115,510697,N,N
115,511075,N,N
115,511464,N,N
115,511840,N,N
115,512207,N,N
115,512552,N,N
115,512930,N,N
115,513308,N,N
115,513648,N,N
115,514023,N,N
115,514393,N,N
115,514726,N,N
115,515038,N,N
115,515360,N,N
115,515657,N,N
115,515942,N,N
115,516241,N,N
115,516560,N,N
115,516859,N,N
115,517146,N,N
115,517441,N,N
115,517729,N,N
115,518018,N,N
115,518298,N,N
115,518571,N,N
115,518846,N,N
115,519125,N,N
115,519423,N,N
115,519712,N,N
115,519995,N,N
115,520294,N,N
115,520626,N,N
115,520922,N,N
115,521235,N,N
115,521597,N,N
115,521986,N,N
115,522312,N,N
115,522654,N,N
115,523012,N,N
115,523354,N,N
115,523657,N,N
115,523971,N,N
115,524310,N,N
115,524695,N,N
115,525063,N,N
115,525379,N,N
115,525716,N,N
115,526124,N,N
115,526507,N,N
115,526850,N,N
115,527187,N,N
115,527529,N,N
115,527873,N,N
115,528191,N,N
115,528494,N,N
115,528808,N,N
115,529157,N,N
115,529497,N,N
115,529819,N,N
115,530163,N,N
115,530598,N,N
115,530971,N,N
115,531334,N,N
115,531693,N,N
115,532042,N,N
115,532369,N,N
115,532677,N,N
115,532983,N,N
115,533306,N,N
115,533605,N,N
115,533928,N,N
115,534259,N,N
115,534635,N,N
115,534992,N,N
115,535398,N,N
115,535801,N,N
115,536172,N,N
115,536570,N,N
115,536952,N,N
115,537308,N,N
115,537684,N,N
115,538033,N,N
115,538382,N,N
115,538701,N,N
115,539012,N,N
115,539312,N,N
115,539611,N,N
115,539941,N,N
115,540298,N,N
115,540619,N,N
115,540977,N,N
115,541306,N,N
115,541606,N,N
115,541907,N,N
115,542228,N,N
115,542593,N,N
115,542898,N,N
115,543199,N,N
115,543561,N,N
115,543916,N,N
115,544260,N,N
115,544676,N,N
115,545075,N,N
115,545424,N,N
115,545760,N,N
115,546113,N,N
115,546423,N,N
115,546720,N,N
115,547032,N,N
115,547330,N,N
115,547632,N,N
115,547956,N,N
115,548284,N,N
115,548611,N,N
115,548913,N,N
115,549226,N,N
115,549554,N,N
115,549876,N,N
115,550180,N,N
115,550523,N,N
115,550829,N,N
115,551122,N,N
115,551416,N,N
115,551704,N,N
115,551987,N,N
115,552282,N,N
115,552570,N,N
115,552902,N,N
115,553244,N,N
115,553558,N,N
115,553880,N,N
115,554307,N,N
115,554709,N,N
115,555067,N,N
115,555452,N,N
115,555834,N,N
115,556185,N,N
115,556568,N,N
115,556941,N,N
115,557301,N,N
115,557695,N,N
115,558108,N,N
115,558471,N,N
115,558872,N,N
115,559259,N,N
115,559623,N,N
115,560019,N,N
115,560396,N,N
115,560755,N,N
115,561128,N,N
115,561506,N,N
115,561851,N,N
115,562181,N,N
115,562513,N,N
115,562822,N,N
115,563125,N,N
115,563425,N,N
115,563743,N,N
115,564065,N,N
115,564361,N,N
115,564660,N,N
115,564966,N,N
115,565275,N,N
115,565573,N,N
115,565864,N,N
115,566146,N,N
115,566434,N,N
115,566728,N,N
115,567015,N,N
115,567308,N,N
115,567625,N,N
115,567926,N,N
115,568233,N,N
115,568551,N,N
115,568893,N,N
115,569240,N,N
115,569552,N,N
115,569883,N,N
115,570236,N,N
115,570669,N,N
115,571021,N,N
115,571329,N,N
115,571662,N,N
115,571979,N,N
115,572295,N,N
115,572605,N,N
115,572899,N,N
115,573226,N,N
115,573563,N,N
115,573886,N,N
115,574198,N,N
115,574506,N,N
115,574829,N,N
115,575177,N,N
115,575491,N,N
115,575802,N,N
115,576126,N,N
115,576446,N,N
115,576769,N,N
115,577069,N,N
115,577358,N,N
115,577653,N,N
115,577950,N,N
115,578241,N,N
115,578532,N,N
115,578831,N,N
115,579139,N,N
115,579454,N,N
115,579758,N,N
115,580072,N,N
115,580529,N,N
115,580954,N,N
115,581359,N,N
115,581731,N,N
115,582124,N,N
115,582502,N,N
115,582868,N,N
115,583246,N,N
115,583608,N,N
115,583956,N,N
115,584331,N,N
115,584712,N,N
115,585071,N,N
115,585451,N,N
115,585815,N,N
115,586160,N,N
115,586494,N,N
115,586837,N,N
115,587157,N,N
115,587484,N,N
115,587919,N,N
115,588284,N,N
115,588712,N,N
115,589085,N,N
115,589476,N,N
115,589864,N,N
115,590260,N,N
115,590658,N,N
115,591016,N,N
115,591339,N,N
115,591633,N,N
115,591904,N,N
115,592177,N,N
115,592446,N,N
115,592708,N,N
115,592961,N,N
115,593217,N,N
115,593475,N,N
115,593732,N,N
115,593998,N,N
115,594250,N,N
115,594519,N,N
115,594806,N,N
115,595099,N,N
115,595372,N,N
115,595648,N,N
115,595944,N,N
115,596252,N,N
115,596556,N,N
115,596841,N,N
115,597132,N,N
115,597452,N,N
115,597776,N,N
115,598089,N,N
115,598394,N,N
115,598716,N,N
115,599187,N,N
115,599558,N,N
115,599961,N,N
115,600409,N,N
115,600816,N,N
115,601197,N,N
115,601609,N,N
115,601983,N,N
115,602344,N,N
115,602751,N,N
115,603132,N,N
115,603485,N,N
115,603883,N,N
115,604312,N,N
115,604692,N,N
115,605126,N,N
115,605521,N,N
115,605905,N,N
115,606310,N,N
115,606679,N,N
115,607062,N,N
115,607449,N,N
115,607806,N,N
115,608162,N,N
115,608542,N,N
115,608902,N,N
115,609253,N,N
115,609644,N,N
115,610074,N,N
115,610489,N,N
115,610871,N,N
115,611258,N,N
115,611666,N,N
115,612024,N,N
115,612347,N,N
115,612695,N,N
115,613111,N,N
115,613506,N,N
115,613918,N,N
115,614299,N,N
115,614689,N,N
115,615050,N,N
115,615425,N,N
115,615789,N,N
115,616125,N,N
115,616419,N,N
115,616738,N,N
115,617077,N,N
115,617374,N,N
115,617672,N,N
115,617986,N,N
115,618295,N,N
115,618587,N,N
115,618890,N,N
115,619192,N,N
115,619490,N,N
115,619775,N,N
115,620054,N,N
115,620351,N,N
115,620656,N,N
115,620961,N,N
115,621239,N,N
115,621525,N,N
115,621817,N,N
115,622116,N,N
115,622414,N,N
115,622698,N,N
115,623003,N,N
115,623312,N,N
115,623609,N,N
115,623915,N,N
115,624202,N,N
115,624500,N,N
115,624791,N,N
115,625090,N,N
115,625393,N,N
115,625693,N,N
115,625991,N,N
115,626300,N,N
115,626610,N,N
115,626911,N,N
115,627211,N,N
115,627509,N,N
115,627811,N,N
115,628126,N,N
115,628419,N,N
115,628706,N,N
115,629010,N,N
115,629316,N,N
115,629624,N,N
115,629922,N,N
115,630218,N,N
115,630533,N,N
115,630857,N,N
115,631162,N,N
115,631454,N,N
115,631772,N,N
115,632107,N,N
115,632446,N,N
115,632777,N,N
115,633231,N,N
115,633635,N,N
115,634011,N,N
115,634422,N,N
115,634798,N,N
115,635188,N,N
115,635582,N,N
115,635949,N,N
115,636311,N,N
115,636677,N,N
115,637029,N,N
115,637418,N,N
115,637799,N,N
115,638155,N,N
115,638553,N,N
115,638908,N,N
115,639254,N,N
115,639627,N,N
115,640012,N,N
115,640363,N,N
115,640769,N,N
115,641132,N,N
115,641512,N,N
115,641890,N,N
115,642234,N,N
115,642598,N,N
115,642961,N,N
115,643302,N,N
115,643613,N,N
115,643916,N,N
115,644215,N,N
115,644506,N,N
115,644791,N,N
115,645094,N,N
115,645387,N,N
115,645677,N,N
115,645968,N,N
115,646249,N,N
115,646533,N,N
115,646829,N,N
115,647110,N,N
115,647395,N,N
115,647673,N,N
115,647939,N,N
115,648199,N,N
115,648472,N,N
115,648752,N,N
115,649055,N,N
115,649357,N,N
115,649647,N,N
115,649955,N,N
117,189,N,N
117,598,N,N
117,1006,N,N
117,1408,N,N
117,1834,N,N
117,2249,N,N
117,2677,N,N
117,3105,N,N
117,3529,N,N
117,3958,N,N
117,4382,N,N
117,4800,N,N
117,5239,N,N
117,5673,N,N
117,6098,N,N
117,6550,N,N
117,6983,N,N
117,7431,N,N
117,7871,N,N
117,8320,N,N
117,8768,N,N
117,9209,N,N
117,9650,N,N
117,10079,N,N
117,10519,N,N
117,10929,N,N
117,11346,N,N
117,11760,N,N
117,12179,N,N
117,12622,N,N
117,13065,N,N
117,13501,N,N
117,13954,N,N
117,14388,N,N
117,14841,N,N
117,15283,N,N
117,15714,N,N
117,16152,N,N
117,16580,N,N
117,17022,N,N
117,17452,N,N
117,17891,N,N
117,18347,N,N
117,18774,N,N
117,19226,N,N
117,19674,N,N
117,20107,N,N
117,20543,N,N
117,20983,N,N
117,21420,N,N
117,21855,N,N
117,22299,N,N
117,22735,N,N
117,23171,N,N
117,23618,N,N
117,24047,N,N
117,24488,N,N
117,24903,N,N
117,25335,N,N
117,25756,N,N
117,26172,N,N
117,26613,N,N
117,27036,N,N
117,27476,N,N
117,27896,N,N
117,28337,N,N
117,28778,N,N
117,29202,N,N
117,29647,N,N
117,30050,N,N
117,30486,N,N
117,30910,N,N
117,31345,N,N
117,31787,N,N
117,32230,N,N
117,32684,N,N
117,33117,N,N
117,33570,N,N
117,34005,N,N
117,34456,N,N
117,34889,N,N
117,35328,N,N
117,35760,N,N
117,36185,N,N
117,36629,N,N
117,37068,N,N
117,37502,N,N
117,37944,N,N
117,38374,N,N
117,38802,N,N
117,39220,N,N
117,39660,N,N
117,40084,N,N
117,40516,N,N
117,40957,N,N
117,41390,N,N
117,41829,N,N
117,42252,N,N
117,42693,N,N
117,43116,N,N
117,43543,N,N
117,43968,N,N
117,44382,N,N
117,44811,N,N
117,45230,N,N
117,45663,N,N
117,46093,N,N
117,46523,N,N
117,46968,N,N
117,47398,N,N
117,47824,N,N
117,48261,N,N
117,48688,N,N
117,49134,N,N
117,49571,N,N
117,50006,N,N
117,50439,N,N
117,50862,N,N
117,51302,N,N
117,51721,N,N
117,52150,N,N
117,52577,N,N
117,52984,N,N
117,53415,N,N
117,53840,N,N
117,54268,N,N
117,54696,N,N
117,55125,N,N
117,55559,N,N
117,55987,N,N
117,56403,N,N
117,56826,N,N
117,57244,N,N
117,57660,N,N
117,58102,N,N
117,58536,N,N
117,59000,N,N
117,59445,N,N
117,59897,N,N
117,60341,N,N
117,60785,N,N
117,61239,N,N
117,61678,N,N
117,62133,N,N
117,62566,N,N
117,63011,N,N
117,63436,N,N
117,63868,N,N
117,64300,N,N
117,64715,N,N
117,65137,N,N
117,65565,N,N
117,65975,N,N
117,66400,N,N
117,66819,N,N
117,67249,N,N
117,67668,N,N
117,68093,N,N
117,68527,N,N
117,68936,N,N
117,69365,N,N
117,69793,N,N
117,70216,N,N
117,70657,N,N
117,71073,N,N
117,71508,N,N
117,71926,N,N
117,72359,N,N
117,72792,N,N
117,73214,N,N
117,73653,N,N
117,74081,N,N
117,74515,N,N
117,74952,N,N
117,75376,N,N
117,75802,N,N
117,76218,N,N
117,76635,N,N
117,77068,N,N
117,77474,N,N
117,77897,N,N
117,78319,N,N
117,78725,N,N
117,79145,N,N
117,79553,N,N
117,79969,N,N
117,80381,N,N
117,80794,N,N
117,81225,N,N
117,81641,N,N
117,82072,N,N
117,82494,N,N
117,82927,N,N
117,83350,N,N
117,83775,N,N
117,84205,N,N
117,84626,N,N
117,85042,N,N
117,85467,N,N
117,85879,N,N
117,86304,N,N
117,86724,N,N
117,87155,N,N
117,87591,N,N
117,88020,N,N
117,88472,N,N
117,88899,N,N
117,89334,N,N
117,89767,N,N
117,90191,N,N
117,90637,N,N
117,91063,N,N
117,91506,N,N
117,91932,N,N
117,92380,N,N
117,92823,N,N
117,93264,N,N
117,93697,N,N
117,94140,N,N
117,94573,N,N
117,95001,N,N
117,95437,N,N
117,95850,N,N
117,96282,N,N
117,96706,N,N
117,97130,N,N
117,97558,N,N
117,97974,N,N
117,98400,N,N
117,98819,N,N
117,99236,N,N
117,99670,N,N
117,100100,N,N
117,100534,N,N
117,100981,N,N
117,101414,N,N
117,101859,N,N
117,102279,N,N
117,102706,N,N
117,103137,N,N
117,103554,N,N
117,103983,N,N
117,104404,N,N
117,104831,N,N
117,105269,N,N
117,105696,N,N
117,106132,N,N
117,106555,N,N
117,106986,N,N
117,107415,N,N
117,107838,N,N
117,108265,N,N
117,108695,N,N
117,109116,N,N
117,109553,N,N
117,109972,N,N
117,110403,N,N
117,110821,N,N
117,111246,N,N
117,111672,N,N
117,112085,N,N
117,112512,N,N
117,112930,N,N
117,113350,N,N
117,113774,N,N
117,114196,N,N
117,114634,N,N
117,115052,N,N
117,115476,N,N
117,115896,N,N
117,116308,N,N
117,116726,N,N
117,117154,N,N
117,117568,N,N
117,117994,N,N
117,118409,N,N
117,118835,N,N
117,119258,N,N
117,119678,N,N
117,120106,N,N
117,120521,N,N
117,120951,N,N
117,121359,N,N
117,121773,N,N
117,122190,N,N
117,122600,N,N
117,123028,N,N
117,123443,N,N
117,123873,N,N
117,124296,N,N
117,124710,N,N
117,125132,N,N
117,125554,N,N
117,125970,N,N
117,126399,N,N
117,126821,N,N
117,127243,N,N
117,127664,N,N
117,128074,N,N
117,128501,N,N
117,128910,N,N
117,129326,N,N
117,129741,N,N
117,130149,N,N
117,130573,N,N
117,130990,N,N
117,131422,N,N
117,131852,N,N
117,132273,N,N
117,132704,N,N
117,133111,N,N
117,133532,N,N
117,133940,N,N
117,134356,N,N
117,134782,N,N
117,135202,N,N
117,135637,N,N
117,136066,N,N
117,136502,N,N
117,136942,N,N
117,137359,N,N
117,137788,N,N
117,138232,N,N
117,138660,N,N
117,139103,N,N
117,139529,N,N
117,139967,N,N
117,140415,N,N
117,140831,N,N
117,141279,N,N
117,141706,N,N
117,142138,N,N
117,142555,N,N
117,142974,N,N
117,143401,N,N
117,143818,N,N
117,144246,N,N
117,144672,N,N
117,145110,N,N
117,145549,N,N
117,145995,N,N
117,146440,N,N
117,146868,N,N
117,147303,N,N
117,147738,N,N
117,148156,N,N
117,148587,N,N
117,149001,N,N
117,149434,N,N
117,149875,N,N
117,150303,N,N
117,150755,N,N
117,151182,N,N
117,151623,N,N
117,152055,N,N
117,152486,N,N
117,152928,N,N
117,153358,N,N
117,153788,N,N
117,154234,N,N
117,154657,N,N
117,155087,N,N
117,155512,N,N
117,155932,N,N
117,156364,N,N
117,156777,N,N
117,157209,N,N
117,157628,N,N
117,158056,N,N
117,158493,N,N
117,158909,N,N
117,159343,N,N
117,159765,N,N
117,160196,N,N
117,160623,N,N
117,161051,N,N
117,161479,N,N
117,161888,N,N
117,162315,N,N
117,162734,N,N
117,163158,N,N
117,163582,N,N
117,164001,N,N
117,164421,N,N
117,164837,N,N
117,165245,N,N
117,165679,N,N
117,166096,N,N
117,166526,N,N
117,166957,N,N
117,167388,N,N
117,167816,N,N
117,168243,N,N
117,168680,N,N
117,169088,N,N
117,169511,N,N
117,169928,N,N
117,170339,N,N
117,170768,N,N
117,171188,N,N
117,171621,N,N
117,172036,N,N
117,172473,N,N
117,172894,N,N
117,173304,N,N
117,173728,N,N
117,174150,N,N
117,174585,N,N
117,175013,N,N
117,175451,N,N
117,175886,N,N
117,176302,N,N
117,176723,N,N
117,177133,N,N
117,177551,N,N
117,177962,N,N
117,178378,N,N
117,178799,N,N
117,179222,N,N
117,179654,N,N
117,180084,N,N
117,180512,N,N
117,180938,N,N
117,181380,N,N
117,181810,N,N
117,182252,N,N
117,182695,N,N
117,183140,N,N
117,183591,N,N
117,184027,N,N
117,184469,N,N
117,184895,N,N
117,185330,N,N
117,185760,N,N
117,186195,N,N
117,186622,N,N
117,187054,N,N
117,187484,N,N
117,187896,N,N
117,188319,N,N
117,188746,N,N
117,189151,N,N
117,189572,N,N
117,189978,N,N
117,190390,N,N
117,190803,N,N
117,191212,N,N
117,191639,N,N
117,192049,N,N
117,192474,N,N
117,192900,N,N
117,193310,N,N
117,193739,N,N
117,194159,N,N
117,194588,N,N
117,195005,N,N
117,195440,N,N
117,195865,N,N
117,196273,N,N
117,196700,N,N
117,197123,N,N
117,197557,N,N
117,197984,N,N
117,198421,N,N
117,198845,N,N
117,199279,N,N
117,199713,N,N
117,200140,N,N
117,200572,N,N
117,201005,N,N
117,201438,N,N
117,201870,N,N
117,202292,N,N
117,202724,N,N
117,203148,N,N
117,203570,N,N
117,203996,N,N
117,204415,N,N
117,204829,N,N
117,205248,N,N
117,205667,N,N
117,206078,N,N
117,206491,N,N
117,206911,N,N
117,207326,N,N
117,207750,N,N
117,208166,N,N
117,208605,N,N
117,209027,N,N
117,209460,N,N
117,209901,N,N
117,210333,N,N
117,210770,N,N
117,211191,N,N
117,211624,N,N
117,212055,N,N
117,212489,N,N
117,212935,N,N
117,213358,N,N
117,213800,N,N
117,214232,N,N
117,214680,N,N
117,215115,N,N
117,215549,N,N
117,215980,N,N
117,216399,N,N
117,216828,N,N
117,217256,N,N
117,217677,N,N
117,218112,N,N
117,218537,N,N
117,218969,N,N
117,219394,N,N
117,219824,N,N
117,220259,N,N
117,220675,N,N
117,221108,N,N
117,221527,N,N
117,221949,N,N
117,222375,N,N
117,222800,N,N
117,223239,N,N
117,223650,N,N
117,224090,N,N
117,224510,N,N
117,224928,N,N
117,225360,N,N
117,225789,N,N
117,226225,N,N
117,226648,N,N
117,227082,N,N
117,227526,N,N
117,227944,N,N
117,228371,N,N
117,228802,N,N
117,229223,N,N
117,229655,N,N
117,230084,N,N
117,230516,N,N
117,230955,N,N
117,231370,N,N
117,231791,N,N
117,232182,N,N
117,232585,N,N
117,232976,N,N
117,233369,N,N
117,233772,N,N
117,234169,N,N
117,234584,N,N
117,234981,N,N
117,235408,N,N
117,235830,N,N
117,236252,N,N
117,236680,N,N
117,237101,N,N
117,237534,N,N
117,237950,N,N
117,238386,N,N
117,238810,N,N
117,239235,N,N
117,239660,N,N
117,240086,N,N
117,240511,N,N
117,240922,N,N
117,241351,N,N
117,241760,N,N
117,242184,N,N
117,242600,N,N
117,243040,N,N
117,243467,N,N
117,243900,N,N
117,244341,N,N
117,244759,N,N
117,245192,N,N
117,245626,N,N
117,246052,N,N
117,246482,N,N
117,246905,N,N
117,247343,N,N
117,247762,N,N
117,248193,N,N
117,248622,N,N
117,249047,N,N
117,249475,N,N
117,249900,N,N
117,250332,N,N
117,250754,N,N
117,251177,N,N
117,251612,N,N
117,252035,N,N
117,252475,N,N
117,252898,N,N
117,253338,N,N
117,253755,N,N
117,254180,N,N
117,254600,N,N
117,255014,N,N
117,255445,N,N
117,255857,N,N
117,256275,N,N
117,256688,N,N
117,257090,N,N
117,257494,N,N
117,257880,N,N
117,258259,N,N
117,258628,N,N
117,258985,N,N
117,259340,N,N
117,259682,N,N
117,260022,N,N
117,260359,N,N
117,260687,N,N
117,261022,N,N
117,261330,N,N
117,261541,A,S
117,261896,N,N
117,262236,N,N
117,262575,N,N
117,262920,N,N
117,263268,N,N
117,263613,N,N
117,263970,N,N
117,264333,N,N
117,264698,N,N
117,265074,N,N
117,265461,N,N
117,265861,N,N
117,266272,N,N
117,266687,N,N
117,267121,N,N
117,267548,N,N
117,267984,N,N
117,268412,N,N
117,268846,N,N
117,269263,N,N
117,269692,N,N
117,270124,N,N
117,270539,N,N
117,270951,N,N
117,271345,N,N
117,271749,N,N
117,272118,N,N
117,272493,N,N
117,272873,N,N
117,273236,N,N
117,273619,N,N
117,274000,N,N
117,274393,N,N
117,274806,N,N
117,275217,N,N
117,275657,N,N
117,276082,N,N
117,276525,N,N
117,276957,N,N
117,277408,N,N
117,277835,N,N
117,278288,N,N
117,278719,N,N
117,279168,N,N
117,279600,N,N
117,280047,N,N
117,280482,N,N
117,280917,N,N
117,281359,N,N
117,281797,N,N
117,282240,N,N
117,282677,N,N
117,283122,N,N
117,283554,N,N
117,283995,N,N
117,284431,N,N
117,284864,N,N
117,285295,N,N
117,285722,N,N
117,286154,N,N
117,286563,N,N
117,286983,N,N
117,287393,N,N
117,287801,N,N
117,288212,N,N
117,288620,N,N
117,289044,N,N
117,289451,N,N
117,289881,N,N
117,290298,N,N
117,290734,N,N
117,291154,N,N
117,291583,N,N
117,292008,N,N
117,292438,N,N
117,292878,N,N
117,293304,N,N
117,293744,N,N
117,294163,N,N
117,294603,N,N
117,295027,N,N
117,295468,N,N
117,295902,N,N
117,296342,N,N
117,296773,N,N
117,297198,N,N
117,297627,N,N
117,298045,N,N
117,298467,N,N
117,298898,N,N
117,299316,N,N
117,299742,N,N
117,300164,N,N
117,300593,N,N
117,301018,N,N
117,301441,N,N
117,301865,N,N
117,302279,N,N
117,302694,N,N
117,303114,N,N
117,303527,N,N
117,303948,N,N
117,304361,N,N
117,304779,N,N
117,305192,N,N
117,305614,N,N
117,306036,N,N
117,306453,N,N
117,306878,N,N
117,307292,N,N
117,307711,N,N
117,308114,N,N
117,308530,N,N
117,308944,N,N
117,309375,N,N
117,309807,N,N
117,310235,N,N
117,310675,N,N
117,311093,N,N
117,311527,N,N
117,311951,N,N
117,312382,N,N
117,312820,N,N
117,313243,N,N
117,313680,N,N
117,314098,N,N
117,314534,N,N
117,314960,N,N
117,315386,N,N
117,315817,N,N
117,316233,N,N
117,316665,N,N
117,317095,N,N
117,317527,N,N
117,317960,N,N
117,318379,N,N
117,318806,N,N
117,319214,N,N
117,319630,N,N
117,320039,N,N
117,320455,N,N
117,320866,N,N
117,321288,N,N
117,321715,N,N
117,322131,N,N
117,322556,N,N
117,322993,N,N
117,323416,N,N
117,323850,N,N
117,324264,N,N
117,324682,N,N
117,325107,N,N
117,325525,N,N
117,325961,N,N
117,326373,N,N
117,326797,N,N
117,327215,N,N
117,327638,N,N
117,328068,N,N
117,328492,N,N
117,328917,N,N
117,329343,N,N
117,329784,N,N
117,330196,N,N
117,330624,N,N
117,331041,N,N
117,331463,N,N
117,331887,N,N
117,332298,N,N
117,332725,N,N
117,333137,N,N
117,333558,N,N
117,333975,N,N
117,334395,N,N
117,334821,N,N
117,335238,N,N
117,335667,N,N
117,336086,N,N
117,336503,N,N
117,336927,N,N
117,337336,N,N
117,337756,N,N
117,338174,N,N
117,338599,N,N
117,339022,N,N
117,339446,N,N
117,339884,N,N
117,340312,N,N
117,340748,N,N
117,341181,N,N
117,341611,N,N
117,342051,N,N
117,342481,N,N
117,342924,N,N
117,343347,N,N
117,343779,N,N
117,344206,N,N
117,344631,N,N
117,345060,N,N
117,345474,N,N
117,345897,N,N
117,346309,N,N
117,346729,N,N
117,347163,N,N
117,347575,N,N
117,348010,N,N
117,348427,N,N
117,348857,N,N
117,349279,N,N
117,349696,N,N
117,350119,N,N
117,350530,N,N
117,350961,N,N
117,351376,N,N
117,351804,N,N
117,352230,N,N
117,352651,N,N
117,353081,N,N
117,353492,N,N
117,353918,N,N
117,354337,N,N
117,354759,N,N
117,355184,N,N
117,355606,N,N
117,356033,N,N
117,356449,N,N
117,356876,N,N
117,357301,N,N
117,357714,N,N
117,358145,N,N
117,358561,N,N
117,358986,N,N
117,359418,N,N
117,359845,N,N
117,360279,N,N
117,360696,N,N
117,361138,N,N
117,361551,N,N
117,361971,N,N
117,362385,N,N
117,362805,N,N
117,363234,N,N
117,363653,N,N
117,364081,N,N
117,364474,N,N
117,364850,N,N
117,365223,N,N
117,365596,N,N
117,365964,N,N
117,366331,N,N
117,366705,N,N
117,367084,N,N
117,367473,N,N
117,367879,N,N
117,368312,N,N
117,368757,N,N
117,369205,N,N
117,369668,N,N
117,370104,N,N
117,370542,N,N
117,370981,N,N
117,371444,N,N
117,371881,N,N
117,372327,N,N
117,372766,N,N
117,373210,N,N
117,373649,N,N
117,374092,N,N
117,374540,N,N
117,374963,N,N
117,375403,N,N
117,375818,N,N
117,376239,N,N
117,376658,N,N
117,377067,N,N
117,377485,N,N
117,377885,N,N
117,378319,N,N
117,378747,N,N
117,379172,N,N
117,379619,N,N
117,380038,N,N
117,380476,N,N
117,380909,N,N
117,381352,N,N
117,381798,N,N
117,382230,N,N
117,382677,N,N
117,383129,N,N
117,383566,N,N
117,384025,N,N
117,384451,N,N
117,384889,N,N
117,385319,N,N
117,385771,N,N
117,386209,N,N
117,386661,N,N
117,387106,N,N
117,387547,N,N
117,387989,N,N
117,388428,N,N
117,388860,N,N
117,389294,N,N
117,389724,N,N
117,390159,N,N
117,390582,N,N
117,391016,N,N
117,391444,N,N
117,391873,N,N
117,392293,N,N
117,392717,N,N
117,393148,N,N
117,393560,N,N
117,393979,N,N
117,394402,N,N
117,394830,N,N
117,395255,N,N
117,395689,N,N
117,396118,N,N
117,396535,N,N
117,396963,N,N
117,397375,N,N
117,397789,N,N
117,398218,N,N
117,398635,N,N
117,399054,N,N
117,399464,N,N
117,399888,N,N
117,400323,N,N
117,400751,N,N
117,401201,N,N
117,401627,N,N
117,402065,N,N
117,402493,N,N
117,402934,N,N
117,403369,N,N
117,403813,N,N
117,404261,N,N
117,404690,N,N
117,405130,N,N
117,405557,N,N
117,405987,N,N
117,406407,N,N
117,406838,N,N
117,407265,N,N
117,407682,N,N
117,408105,N,N
117,408527,N,N
117,408948,N,N
117,409370,N,N
117,409796,N,N
117,410227,N,N
117,410644,N,N
117,411082,N,N
117,411516,N,N
117,411945,N,N
117,412379,N,N
117,412797,N,N
117,413226,N,N
117,413648,N,N
117,414061,N,N
117,414486,N,N
117,414892,N,N
117,415327,N,N
117,415746,N,N
117,416181,N,N
117,416605,N,N
117,417044,N,N
117,417488,N,N
117,417908,N,N
117,418351,N,N
117,418775,N,N
117,419202,N,N
117,419632,N,N
117,420055,N,N
117,420489,N,N
117,420903,N,N
117,421342,N,N
117,421764,N,N
117,422202,N,N
117,422636,N,N
117,423066,N,N
117,423492,N,N
117,423919,N,N
117,424342,N,N
117,424758,N,N
117,425176,N,N
117,425611,N,N
117,426029,N,N
117,426453,N,N
117,426876,N,N
117,427300,N,N
117,427722,N,N
117,428129,N,N
117,428553,N,N
117,428975,N,N
117,429386,N,N
117,429820,N,N
117,430232,N,N
117,430659,N,N
117,431072,N,N
117,431501,N,N
117,431933,N,N
117,432352,N,N
117,432790,N,N
117,433214,N,N
117,433647,N,N
117,434079,N,N
117,434516,N,N
117,434952,N,N
117,435381,N,N
117,435821,N,N
117,436235,N,N
117,436668,N,N
117,437092,N,N
117,437522,N,N
117,437948,N,N
117,438365,N,N
117,438786,N,N
117,439203,N,N
117,439621,N,N
117,440052,N,N
117,440467,N,N
117,440894,N,N
117,441306,N,N
117,441728,N,N
117,442149,N,N
117,442561,N,N
117,442994,N,N
117,443408,N,N
117,443838,N,N
117,444265,N,N
117,444697,N,N
117,445119,N,N
117,445547,N,N
117,445984,N,N
117,446413,N,N
117,446867,N,N
117,447292,N,N
117,447733,N,N
117,448159,N,N
117,448593,N,N
117,449028,N,N
117,449452,N,N
117,449885,N,N
117,450304,N,N
117,450732,N,N
117,451164,N,N
117,451596,N,N
117,452037,N,N
117,452466,N,N
117,452902,N,N
117,453331,N,N
117,453758,N,N
117,454202,N,N
117,454622,N,N
117,455051,N,N
117,455484,N,N
117,455922,N,N
117,456347,N,N
117,456783,N,N
117,457214,N,N
117,457637,N,N
117,458075,N,N
117,458488,N,N
117,458915,N,N
117,459337,N,N
117,459762,N,N
117,460193,N,N
117,460608,N,N
117,461038,N,N
117,461457,N,N
117,461869,N,N
117,462290,N,N
117,462695,N,N
117,463121,N,N
117,463543,N,N
117,463966,N,N
117,464407,N,N
117,464829,N,N
117,465259,N,N
117,465685,N,N
117,466106,N,N
117,466532,N,N
117,466957,N,N
117,467387,N,N
117,467804,N,N
117,468230,N,N
117,468661,N,N
117,469083,N,N
117,469518,N,N
117,469933,N,N
117,470358,N,N
117,470764,N,N
117,471188,N,N
117,471610,N,N
117,472025,N,N
117,472450,N,N
117,472863,N,N
117,473276,N,N
117,473686,N,N
117,474102,N,N
117,474529,N,N
117,474936,N,N
117,475367,N,N
117,475780,N,N
117,476207,N,N
117,476631,N,N
117,477067,N,N
117,477501,N,N
117,477919,N,N
117,478341,N,N
117,478755,N,N
117,479178,N,N
117,479604,N,N
117,480014,N,N
117,480437,N,N
117,480858,N,N
117,481276,N,N
117,481699,N,N
117,482113,N,N
117,482541,N,N
117,482967,N,N
117,483394,N,N
117,483833,N,N
117,484255,N,N
117,484681,N,N
117,485097,N,N
117,485530,N,N
117,485952,N,N
117,486388,N,N
117,486826,N,N
117,487253,N,N
117,487690,N,N
117,488105,N,N
117,488541,N,N
117,488951,N,N
117,489380,N,N
117,489803,N,N
117,490223,N,N
117,490654,N,N
117,491070,N,N
117,491498,N,N
117,491912,N,N
117,492338,N,N
117,492760,N,N
117,493168,N,N
117,493590,N,N
117,494001,N,N
117,494429,N,N
117,494850,N,N
117,495284,N,N
117,495716,N,N
117,496136,N,N
117,496564,N,N
117,496989,N,N
117,497409,N,N
117,497842,N,N
117,498260,N,N
117,498688,N,N
117,499112,N,N
117,499540,N,N
117,499970,N,N
117,500389,N,N
117,500823,N,N
117,501237,N,N
117,501651,N,N
117,502074,N,N
117,502486,N,N
117,502916,N,N
117,503320,N,N
117,503755,N,N
117,504175,N,N
117,504597,N,N
117,505028,N,N
117,505450,N,N
117,505877,N,N
117,506291,N,N
117,506725,N,N
117,507152,N,N
117,507571,N,N
117,508005,N,N
117,508424,N,N
117,508852,N,N
117,509275,N,N
117,509699,N,N
117,510123,N,N
117,510540,N,N
117,510963,N,N
117,511389,N,N
117,511803,N,N
117,512234,N,N
117,512647,N,N
117,513061,N,N
117,513472,N,N
117,513884,N,N
117,514311,N,N
117,514712,N,N
117,515142,N,N
117,515552,N,N
117,515972,N,N
117,516392,N,N
117,516815,N,N
117,517248,N,N
117,517665,N,N
117,518091,N,N
117,518509,N,N
117,518922,N,N
117,519342,N,N
117,519762,N,N
117,520183,N,N
117,520590,N,N
117,521020,N,N
117,521434,N,N
117,521858,N,N
117,522288,N,N
117,522711,N,N
117,523134,N,N
117,523560,N,N
117,523980,N,N
117,524402,N,N
117,524813,N,N
117,525242,N,N
117,525656,N,N
117,526073,N,N
117,526501,N,N
117,526910,N,N
117,527323,N,N
117,527729,N,N
117,528149,N,N
117,528571,N,N
117,528986,N,N
117,529415,N,N
117,529826,N,N
117,530246,N,N
117,530651,N,N
117,531067,N,N
117,531488,N,N
117,531892,N,N
117,532319,N,N
117,532727,N,N
117,533145,N,N
117,533554,N,N
117,533979,N,N
117,534403,N,N
117,534814,N,N
117,535242,N,N
117,535662,N,N
117,536085,N,N
117,536516,N,N
117,536930,N,N
117,537359,N,N
117,537776,N,N
117,538207,N,N
117,538630,N,N
117,539047,N,N
117,539471,N,N
117,539888,N,N
117,540304,N,N
117,540732,N,N
117,541150,N,N
117,541572,N,N
117,541981,N,N
117,542412,N,N
117,542827,N,N
117,543248,N,N
117,543671,N,N
117,544087,N,N
117,544508,N,N
117,544914,N,N
117,545345,N,N
117,545768,N,N
117,546181,N,N
117,546605,N,N
117,547023,N,N
117,547432,N,N
117,547861,N,N
117,548281,N,N
117,548719,N,N
117,549134,N,N
117,549568,N,N
117,549986,N,N
117,550417,N,N
117,550844,N,N
117,551275,N,N
117,551702,N,N
117,552123,N,N
117,552549,N,N
117,552960,N,N
117,553378,N,N
117,553802,N,N
117,554214,N,N
117,554625,N,N
117,555039,N,N
117,555460,N,N
117,555877,N,N
117,556294,N,N
117,556721,N,N
117,557139,N,N
117,557560,N,N
117,557976,N,N
117,558393,N,N
117,558802,N,N
117,559213,N,N
117,559638,N,N
117,560050,N,N
117,560472,N,N
117,560891,N,N
117,561307,N,N
117,561727,N,N
117,562137,N,N
117,562569,N,N
117,562977,N,N
117,563403,N,N
117,563819,N,N
117,564240,N,N
117,564654,N,N
117,565083,N,N
117,565510,N,N
117,565926,N,N
117,566359,N,N
117,566775,N,N
117,567198,N,N
117,567611,N,N
117,568032,N,N
117,568462,N,N
117,568882,N,N
117,569322,N,N
117,569735,N,N
117,570158,N,N
117,570571,N,N
117,570996,N,N
117,571427,N,N
117,571843,N,N
117,572273,N,N
117,572686,N,N
117,573109,N,N
117,573532,N,N
117,573951,N,N
117,574372,N,N
117,574780,N,N
117,575198,N,N
117,575598,N,N
117,576016,N,N
117,576434,N,N
117,576862,N,N
117,577271,N,N
117,577683,N,N
117,578083,N,N
117,578480,N,N
117,578874,N,N
117,579268,N,N
117,579669,N,N
117,580066,N,N
117,580478,N,N
117,580898,N,N
117,581329,N,N
117,581754,N,N
117,582193,N,N
117,582625,N,N
117,583058,N,N
117,583487,N,N
117,583916,N,N
117,584342,N,N
117,584754,N,N
117,585183,N,N
117,585605,N,N
117,586026,N,N
117,586466,N,N
117,586886,N,N
117,587317,N,N
117,587733,N,N
117,588159,N,N
117,588579,N,N
117,589004,N,N
117,589439,N,N
117,589853,N,N
117,590282,N,N
117,590699,N,N
117,591129,N,N
117,591557,N,N
117,591973,N,N
117,592402,N,N
117,592810,N,N
117,593236,N,N
117,593659,N,N
117,594082,N,N
117,594505,N,N
117,594924,N,N
117,595349,N,N
117,595759,N,N
117,596177,N,N
117,596604,N,N
117,597019,N,N
117,597445,N,N
117,597866,N,N
117,598287,N,N
117,598716,N,N
117,599133,N,N
117,599569,N,N
117,599981,N,N
117,600412,N,N
117,600833,N,N
117,601247,N,N
117,601670,N,N
117,602083,N,N
117,602509,N,N
117,602918,N,N
117,603346,N,N
117,603761,N,N
117,604176,N,N
117,604597,N,N
117,605004,N,N
117,605426,N,N
117,605828,N,N
117,606250,N,N
117,606667,N,N
117,607073,N,N
117,607494,N,N
117,607913,N,N
117,608334,N,N
117,608761,N,N
117,609175,N,N
117,609599,N,N
117,610015,N,N
117,610430,N,N
117,610866,N,N
117,611280,N,N
117,611710,N,N
117,612132,N,N
117,612545,N,N
117,612969,N,N
117,613379,N,N
117,613805,N,N
117,614222,N,N
117,614641,N,N
117,615065,N,N
117,615471,N,N
117,615896,N,N
117,616317,N,N
117,616737,N,N
117,617167,N,N
117,617590,N,N
117,618012,N,N
117,618425,N,N
117,618837,N,N
117,619263,N,N
117,619682,N,N
117,620116,N,N
117,620546,N,N
117,620978,N,N
117,621409,N,N
117,621830,N,N
117,622263,N,N
117,622674,N,N
117,623093,N,N
117,623525,N,N
117,623938,N,N
117,624370,N,N
117,624780,N,N
117,625209,N,N
117,625619,N,N
117,626039,N,N
117,626463,N,N
117,626864,N,N
117,627285,N,N
117,627704,N,N
117,628130,N,N
117,628561,N,N
117,628984,N,N
117,629413,N,N
117,629825,N,N
117,630250,N,N
117,630675,N,N
117,631103,N,N
117,631531,N,N
117,631960,N,N
117,632393,N,N
117,632811,N,N
117,633237,N,N
117,633664,N,N
117,634083,N,N
117,634507,N,N
117,634923,N,N
117,635344,N,N
117,635761,N,N
117,636183,N,N
117,636615,N,N
117,637023,N,N
117,637457,N,N
117,637868,N,N
117,638287,N,N
117,638705,N,N
117,639119,N,N
117,639546,N,N
117,639957,N,N
117,640376,N,N
117,640790,N,N
117,641195,N,N
117,641609,N,N
117,642017,N,N
117,642438,N,N
117,642848,N,N
117,643269,N,N
117,643691,N,N
117,644096,N,N
117,644509,N,N
117,644927,N,N
117,645340,N,N
117,645762,N,N
117,646169,N,N
117,646585,N,N
117,646995,N,N
117,647405,N,N
117,647823,N,N
117,648229,N,N
117,648653,N,N
117,649070,N,N
117,649498,N,N
117,649926,N,N
119,309,N,N
119,503,V,V
119,977,N,N
119,1315,N,N
119,1651,N,N
119,1971,N,N
119,2294,N,N
119,2488,V,V
119,2956,N,N
119,3296,N,N
119,3613,N,N
119,3923,N,N
119,4257,N,N
119,4448,V,V
119,4906,N,N
119,5239,N,N
119,5552,N,N
119,5882,N,N
119,6210,N,N
119,6521,N,N
119,6864,N,N
119,7200,N,N
119,7512,N,N
119,7709,V,V
119,8178,N,N
119,8377,V,V
119,8860,N,N
119,9052,V,V
119,9531,N,N
119,9736,V,V
119,10194,N,N
119,10421,V,V
119,10867,N,N
119,11065,V,V
119,11545,N,N
119,11863,N,N
119,12186,N,N
119,12502,N,N
119,12804,N,N
119,12999,V,V
119,13462,N,N
119,13657,V,V
119,14120,N,N
119,14325,V,V
119,14788,N,N
119,14981,V,V
119,15451,N,N
119,15768,N,N
119,16080,N,N
119,16405,N,N
119,16720,N,N
119,16908,V,V
119,17391,N,N
119,17722,N,N
119,17913,V,V
119,18388,N,N
119,18726,N,N
119,18921,V,V
119,19403,N,N
119,19616,V,V
119,20104,N,N
119,20437,N,N
119,20628,V,V
119,21102,N,N
119,21296,V,V
119,21763,N,N
119,21970,V,V
119,22411,N,N
119,22744,N,N
119,23062,N,N
119,23381,N,N
119,23722,N,N
119,24054,N,N
119,24406,N,N
119,24747,N,N
119,25070,N,N
119,25263,V,V
119,25756,N,N
119,26072,N,N
119,26402,N,N
119,26729,N,N
119,27047,N,N
119,27366,N,N
119,27695,N,N
119,27883,V,V
119,28371,N,N
119,28718,N,N
119,29055,N,N
119,29376,N,N
119,29704,N,N
119,29910,V,V
119,30386,N,N
119,30575,V,V
119,31066,N,N
119,31262,V,V
119,31727,N,N
119,32063,N,N
119,32375,N,N
119,32697,N,N
119,33025,N,N
119,33344,N,N
119,33667,N,N
119,34001,N,N
119,34329,N,N
119,34657,N,N
119,34995,N,N
119,35338,N,N
119,35666,N,N
119,36015,N,N
119,36354,N,N
119,36684,N,N
119,37028,N,N
119,37356,N,N
119,37681,N,N
119,38027,N,N
119,38353,N,N
119,38675,N,N
119,39015,N,N
119,39340,N,N
119,39658,N,N
119,39984,N,N
119,40300,N,N
119,40627,N,N
119,40952,N,N
119,41278,N,N
119,41608,N,N
119,41936,N,N
119,42126,V,V
119,42595,N,N
119,42927,N,N
119,43249,N,N
119,43562,N,N
119,43881,N,N
119,44206,N,N
119,44517,N,N
119,44834,N,N
119,45029,V,V
119,45492,N,N
119,45832,N,N
119,46160,N,N
119,46481,N,N
119,46814,N,N
119,47132,N,N
119,47325,V,V
119,47795,N,N
119,47991,V,V
119,48463,N,N
119,48699,V,V
119,49148,N,N
119,49490,N,N
119,49807,N,N
119,50003,V,V
119,50468,N,N
119,50795,N,N
119,50985,V,V
119,51460,N,N
119,51788,N,N
119,52115,N,N
119,52434,N,N
119,52747,N,N
119,52941,V,V
119,53407,N,N
119,53752,N,N
119,54079,N,N
119,54395,N,N
119,54726,N,N
119,55047,N,N
119,55366,N,N
119,55698,N,N
119,56019,N,N
119,56337,N,N
119,56672,N,N
119,56986,N,N
119,57173,V,V
119,57652,N,N
119,57971,N,N
119,58156,V,V
119,58624,N,N
119,58943,N,N
119,59136,V,V
119,59591,N,N
119,59790,V,V
119,60257,N,N
119,60570,N,N
119,60753,V,V
119,61208,N,N
119,61517,N,N
119,61845,N,N
119,62173,N,N
119,62492,N,N
119,62688,V,V
119,63194,N,N
119,63519,N,N
119,63716,V,V
119,64213,N,N
119,64568,N,N
119,64761,V,V
119,65249,N,N
119,65586,N,N
119,65776,V,V
119,66252,N,N
119,66586,N,N
119,66782,V,V
119,67262,N,N
119,67458,V,V
119,67935,N,N
119,68265,N,N
119,68455,V,V
119,68915,N,N
119,69119,V,V
119,69583,N,N
119,69787,V,V
119,70250,N,N
119,70478,V,V
119,70931,N,N
119,71122,V,V
119,71598,N,N
119,71799,V,V
119,72267,N,N
119,72605,N,N
119,72928,N,N
119,73250,N,N
119,73594,N,N
119,73923,N,N
119,74110,V,V
119,74595,N,N
119,74799,V,V
119,75281,N,N
119,75613,N,N
119,75932,N,N
119,76131,V,V
119,76612,N,N
119,76807,V,V
119,77287,N,N
119,77484,V,V
119,77956,N,N
119,78292,N,N
119,78606,N,N
119,78941,N,N
119,79275,N,N
119,79590,N,N
119,79924,N,N
119,80263,N,N
119,80601,N,N
119,80940,N,N
119,81286,N,N
119,81634,N,N
119,81823,V,V
119,82298,N,N
119,82641,N,N
119,82960,N,N
119,83153,V,V
119,83630,N,N
119,83825,V,V
119,84305,N,N
119,84634,N,N
119,84939,N,N
119,85137,V,V
119,85603,N,N
119,85798,V,V
119,86272,N,N
119,86587,N,N
119,86783,V,V
119,87253,N,N
119,87572,N,N
119,87769,V,V
119,88238,N,N
119,88573,N,N
119,88767,V,V
119,89240,N,N
119,89502,V,V
119,89948,N,N
119,90265,N,N
119,90458,V,V
119,90936,N,N
119,91284,N,N
119,91606,N,N
119,91918,N,N
119,92260,N,N
119,92450,V,V
119,92919,N,N
119,93263,N,N
119,93592,N,N
119,93919,N,N
119,94240,N,N
119,94430,V,V
119,94908,N,N
119,95245,N,N
119,95566,N,N
119,95881,N,N
119,96205,N,N
119,96400,V,V
119,96878,N,N
119,97214,N,N
119,97551,N,N
119,97872,N,N
119,98063,V,V
119,98533,N,N
119,98724,V,V
119,99201,N,N
119,99531,N,N
119,99846,N,N
119,100037,V,V
119,100511,N,N
119,100832,N,N
119,101151,N,N
119,101343,V,V
119,101812,N,N
119,102010,V,V
119,102471,N,N
119,102684,V,V
119,103150,N,N
119,103468,N,N
119,103659,V,V
119,104112,N,N
119,104426,N,N
119,104621,V,V
119,105068,N,N
119,105383,N,N
119,105595,V,V
119,106033,N,N
119,106221,V,V
119,106700,N,N
119,106894,V,V
119,107363,N,N
119,107575,V,V
119,108027,N,N
119,108362,N,N
119,108554,V,V
119,109016,N,N
119,109340,N,N
119,109531,V,V
119,109997,N,N
119,110317,N,N
119,110506,V,V
119,110974,N,N
119,111300,N,N
119,111488,V,V
119,111954,N,N
119,112279,N,N
119,112471,V,V
119,112937,N,N
119,113127,V,V
119,113599,N,N
119,113908,N,N
119,114210,N,N
119,114525,N,N
119,114829,N,N
119,115148,N,N
119,115477,N,N
119,115788,N,N
119,115976,V,V
119,116458,N,N
119,116654,V,V
119,117116,N,N
119,117441,N,N
119,117751,N,N
119,117946,V,V
119,118412,N,N
119,118729,N,N
119,118930,V,V
119,119391,N,N
119,119706,N,N
119,119899,V,V
119,120354,N,N
119,120674,N,N
119,120867,V,V
119,121310,N,N
119,121637,N,N
119,121825,V,V
119,122267,N,N
119,122584,N,N
119,122773,V,V
119,123230,N,N
119,123557,N,N
119,123876,N,N
119,124190,N,N
119,124382,V,V
119,124837,N,N
119,125033,V,V
119,125484,N,N
119,125804,N,N
119,126112,N,N
119,126422,N,N
119,126739,N,N
119,127047,N,N
119,127363,N,N
119,127683,N,N
119,127991,N,N
119,128309,N,N
119,128644,N,N
119,128957,N,N
119,129275,N,N
119,129608,N,N
119,129921,N,N
119,130106,V,V
119,130570,N,N
119,130763,V,V
119,131232,N,N
119,131558,N,N
119,131865,N,N
119,132068,V,V
119,132529,N,N
119,132722,V,V
119,133185,N,N
119,133499,N,N
119,133688,V,V
119,134147,N,N
119,134462,N,N
119,134647,V,V
119,135108,N,N
119,135423,N,N
119,135610,V,V
119,136068,N,N
119,136387,N,N
119,136583,V,V
119,137045,N,N
119,137362,N,N
119,137560,V,V
119,138026,N,N
119,138334,N,N
119,138521,V,V
119,138974,N,N
119,139294,N,N
119,139609,N,N
119,139930,N,N
119,140264,N,N
119,140587,N,N
119,140915,N,N
119,141240,N,N
119,141563,N,N
119,141898,N,N
119,142095,V,V
119,142564,N,N
119,142910,N,N
119,143230,N,N
119,143536,N,N
119,143864,N,N
119,144176,N,N
119,144495,N,N
119,144823,N,N
119,145135,N,N
119,145458,N,N
119,145791,N,N
119,146108,N,N
119,146424,N,N
119,146753,N,N
119,147075,N,N
119,147402,N,N
119,147724,N,N
119,148041,N,N
119,148366,N,N
119,148687,N,N
119,148997,N,N
119,149317,N,N
119,149645,N,N
119,149966,N,N
119,150279,N,N
119,150604,N,N
119,150932,N,N
119,151234,N,N
119,151547,N,N
119,151738,V,V
119,152195,N,N
119,152532,N,N
119,152858,N,N
119,153166,N,N
119,153491,N,N
119,153689,V,V
119,154154,N,N
119,154490,N,N
119,154802,N,N
119,155124,N,N
119,155456,N,N
119,155768,N,N
119,156099,N,N
119,156439,N,N
119,156760,N,N
119,156944,V,V
119,157424,N,N
119,157751,N,N
119,157948,V,V
119,158425,N,N
119,158748,N,N
119,158948,V,V
119,159427,N,N
119,159744,N,N
119,159936,V,V
119,160393,N,N
119,160715,N,N
119,160904,V,V
119,161355,N,N
119,161556,V,V
119,162016,N,N
119,162334,N,N
119,162638,N,N
119,162828,V,V
119,163305,N,N
119,163624,N,N
119,163950,N,N
119,164291,N,N
119,164610,N,N
119,164930,N,N
119,165265,N,N
119,165584,N,N
119,165774,V,V
119,166257,N,N
119,166450,V,V
119,166928,N,N
119,167267,N,N
119,167577,N,N
119,167774,V,V
119,168243,N,N
119,168441,V,V
119,168914,N,N
119,169111,V,V
119,169582,N,N
119,169916,N,N
119,170222,N,N
119,170539,N,N
119,170861,N,N
119,171052,V,V
119,171526,N,N
119,171864,N,N
119,172200,N,N
119,172517,N,N
119,172838,N,N
119,173035,V,V
119,173503,N,N
119,173853,N,N
119,174181,N,N
119,174496,N,N
119,174834,N,N
119,175151,N,N
119,175468,N,N
119,175805,N,N
119,176120,N,N
119,176442,N,N
119,176781,N,N
119,177107,N,N
119,177430,N,N
119,177764,N,N
119,178087,N,N
119,178403,N,N
119,178727,N,N
119,179052,N,N
119,179376,N,N
119,179696,N,N
119,180014,N,N
119,180335,N,N
119,180659,N,N
119,180975,N,N
119,181287,N,N
119,181612,N,N
119,181936,N,N
119,182251,N,N
119,182576,N,N
119,182899,N,N
119,183223,N,N
119,183551,N,N
119,183873,N,N
119,184191,N,N
119,184526,N,N
119,184847,N,N
119,185171,N,N
119,185504,N,N
119,185822,N,N
119,186145,N,N
119,186469,N,N
119,186784,N,N
119,187103,N,N
119,187437,N,N
119,187764,N,N
119,188077,N,N
119,188418,N,N
119,188753,N,N
119,189064,N,N
119,189393,N,N
119,189716,N,N
119,190035,N,N
119,190362,N,N
119,190680,N,N
119,191004,N,N
119,191333,N,N
119,191650,N,N
119,191968,N,N
119,192292,N,N
119,192616,N,N
119,192941,N,N
119,193266,N,N
119,193591,N,N
119,193907,N,N
119,194219,N,N
119,194530,N,N
119,194839,N,N
119,195154,N,N
119,195475,N,N
119,195783,N,N
119,196109,N,N
119,196309,V,V
119,196774,N,N
119,197114,N,N
119,197441,N,N
119,197756,N,N
119,198092,N,N
119,198278,V,V
119,198753,N,N
119,199102,N,N
119,199434,N,N
119,199757,N,N
119,200084,N,N
119,200273,V,V
119,200759,N,N
119,201102,N,N
119,201431,N,N
119,201755,N,N
119,202082,N,N
119,202268,V,V
119,202744,N,N
119,203087,N,N
119,203414,N,N
119,203723,N,N
119,204050,N,N
119,204367,N,N
119,204559,V,V
119,205038,N,N
119,205360,N,N
119,205551,V,V
119,206045,N,N
119,206373,N,N
119,206562,V,V
119,207049,N,N
119,207383,N,N
119,207571,V,V
119,208043,N,N
119,208378,N,N
119,208572,V,V
119,209044,N,N
119,209378,N,N
119,209570,V,V
119,210043,N,N
119,210242,V,V
119,210719,N,N
119,211039,N,N
119,211236,V,V
119,211695,N,N
119,212027,N,N
119,212224,V,V
119,212686,N,N
119,213004,N,N
119,213190,V,V
119,213650,N,N
119,213845,V,V
119,214312,N,N
119,214621,N,N
119,214821,V,V
119,215270,N,N
119,215580,N,N
119,215773,V,V
119,216253,N,N
119,216592,N,N
119,216780,V,V
119,217260,N,N
119,217593,N,N
119,217923,N,N
119,218244,N,N
119,218565,N,N
119,218889,N,N
119,219219,N,N
119,219536,N,N
119,219734,V,V
119,220210,N,N
119,220534,N,N
119,220726,V,V
119,221194,N,N
119,221387,V,V
119,221864,N,N
119,222184,N,N
119,222490,N,N
119,222811,N,N
119,223130,N,N
119,223443,N,N
119,223771,N,N
119,223959,V,V
119,224430,N,N
119,224779,N,N
119,225094,N,N
119,225405,N,N
119,225741,N,N
119,225930,V,V
119,226403,N,N
119,226754,N,N
119,227082,N,N
119,227408,N,N
119,227740,N,N
119,227927,V,V
119,228418,N,N
119,228763,N,N
119,229084,N,N
119,229395,N,N
119,229723,N,N
119,230053,N,N
119,230365,N,N
119,230696,N,N
119,231027,N,N
119,231340,N,N
119,231666,N,N
119,231991,N,N
119,232310,N,N
119,232646,N,N
119,232965,N,N
119,233282,N,N
119,233623,N,N
119,233936,N,N
119,234120,V,V
119,234596,N,N
119,234919,N,N
119,235110,V,V
119,235583,N,N
119,235908,N,N
119,236233,N,N
119,236556,N,N
119,236864,N,N
119,237181,N,N
119,237510,N,N
119,237837,N,N
119,238150,N,N
119,238484,N,N
119,238811,N,N
119,239137,N,N
119,239466,N,N
119,239791,N,N
119,240116,N,N
119,240457,N,N
119,240777,N,N
119,240969,V,V
119,241458,N,N
119,241788,N,N
119,241981,V,V
119,242450,N,N
119,242776,N,N
119,242968,V,V
119,243446,N,N
119,243764,N,N
119,244095,N,N
119,244414,N,N
119,244720,N,N
119,244915,V,V
119,245391,N,N
119,245717,N,N
119,245912,V,V
119,246385,N,N
119,246707,N,N
119,247029,N,N
119,247347,N,N
119,247665,N,N
119,247853,V,V
119,248320,N,N
119,248649,N,N
119,248842,V,V
119,249308,N,N
119,249647,N,N
119,249975,N,N
119,250283,N,N
119,250599,N,N
119,250923,N,N
119,251240,N,N
119,251556,N,N
119,251880,N,N
119,252204,N,N
119,252527,N,N
119,252842,N,N
119,253164,N,N
119,253478,N,N
119,253808,N,N
119,254135,N,N
119,254443,N,N
119,254775,N,N
119,254965,V,V
119,255432,N,N
119,255773,N,N
119,256090,N,N
119,256415,N,N
119,256747,N,N
119,256934,V,V
119,257411,N,N
119,257754,N,N
119,258069,N,N
119,258384,N,N
119,258697,N,N
119,258889,V,V
119,259358,N,N
119,259689,N,N
119,260010,N,N
119,260329,N,N
119,260658,N,N
119,260842,V,V
119,261322,N,N
119,261669,N,N
119,262001,N,N
119,262326,N,N
119,262664,N,N
119,262987,N,N
119,263177,V,V
119,263657,N,N
119,263983,N,N
119,264172,V,V
119,264658,N,N
119,264984,N,N
119,265173,V,V
119,265654,N,N
119,265852,V,V
119,266343,N,N
119,266668,N,N
119,267001,N,N
119,267339,N,N
119,267655,N,N
119,267843,V,V
119,268324,N,N
119,268520,V,V
119,268992,N,N
119,269324,N,N
119,269638,N,N
119,269831,V,V
119,270302,N,N
119,270497,V,V
119,270976,N,N
119,271315,N,N
119,271626,N,N
119,271951,N,N
119,272282,N,N
119,272603,N,N
119,272792,V,V
119,273266,N,N
119,273597,N,N
119,273789,V,V
119,274261,N,N
119,274584,N,N
119,274774,V,V
119,275249,N,N
119,275579,N,N
119,275765,V,V
119,276240,N,N
119,276441,V,V
119,276916,N,N
119,277111,V,V
119,277574,N,N
119,277908,N,N
119,278217,N,N
119,278407,V,V
119,278882,N,N
119,279213,N,N
119,279398,V,V
119,279877,N,N
119,280202,N,N
119,280396,V,V
119,280875,N,N
119,281199,N,N
119,281395,V,V
119,281862,N,N
119,282187,N,N
119,282377,V,V
119,282839,N,N
119,283035,V,V
119,283498,N,N
119,283696,V,V
119,284164,N,N
119,284403,V,V
119,284847,N,N
119,285191,N,N
119,285515,N,N
119,285839,N,N
119,286165,N,N
119,286350,V,V
119,286834,N,N
119,287179,N,N
119,287502,N,N
119,287823,N,N
119,288157,N,N
119,288487,N,N
119,288801,N,N
119,289128,N,N
119,289457,N,N
119,289784,N,N
119,290108,N,N
119,290427,N,N
119,290744,N,N
119,291077,N,N
119,291387,N,N
119,291700,N,N
119,292034,N,N
119,292349,N,N
119,292661,N,N
119,292991,N,N
119,293302,N,N
119,293625,N,N
119,293955,N,N
119,294140,V,V
119,294610,N,N
119,294953,N,N
119,295272,N,N
119,295597,N,N
119,295921,N,N
119,296239,N,N
119,296433,V,V
119,296919,N,N
119,297112,V,V
119,297594,N,N
119,297934,N,N
119,298251,N,N
119,298437,V,V
119,298924,N,N
119,299123,V,V
119,299596,N,N
119,299932,N,N
119,300255,N,N
119,300445,V,V
119,300923,N,N
119,301263,N,N
119,301452,V,V
119,301938,N,N
119,302131,V,V
119,302611,N,N
119,302938,N,N
119,303254,N,N
119,303572,N,N
119,303886,N,N
119,304198,N,N
119,304532,N,N
119,304857,N,N
119,305178,N,N
119,305525,N,N
119,305859,N,N
119,306180,N,N
119,306518,N,N
119,306844,N,N
119,307174,N,N
119,307502,N,N
119,307818,N,N
119,308013,V,V
119,308499,N,N
119,308822,N,N
119,309152,N,N
119,309483,N,N
119,309807,N,N
119,310124,N,N
119,310443,N,N
119,310768,N,N
119,311079,N,N
119,311391,N,N
119,311706,N,N
119,312019,N,N
119,312349,N,N
119,312664,N,N
119,312852,V,V
119,313328,N,N
119,313655,N,N
119,313846,V,V
119,314319,N,N
119,314639,N,N
119,314971,N,N
119,315299,N,N
119,315609,N,N
119,315936,N,N
119,316266,N,N
119,316574,N,N
119,316902,N,N
119,317231,N,N
119,317559,N,N
119,317881,N,N
119,318211,N,N
119,318401,V,V
119,318883,N,N
119,319221,N,N
119,319558,N,N
119,319876,N,N
119,320208,N,N
119,320401,V,V
119,320871,N,N
119,321220,N,N
119,321545,N,N
119,321863,N,N
119,322200,N,N
119,322520,N,N
119,322843,N,N
119,323181,N,N
119,323496,N,N
119,323683,V,V
119,324177,N,N
119,324372,V,V
119,324847,N,N
119,325178,N,N
119,325496,N,N
119,325692,V,V
119,326162,N,N
119,326491,N,N
119,326816,N,N
119,327016,V,V
119,327478,N,N
119,327810,N,N
119,328138,N,N
119,328458,N,N
119,328655,V,V
119,329130,N,N
119,329456,N,N
119,329786,N,N
119,330113,N,N
119,330443,N,N
119,330761,N,N
119,331095,N,N
119,331423,N,N
119,331735,N,N
119,331940,V,V
119,332412,N,N
119,332730,N,N
119,333045,N,N
119,333362,N,N
119,333682,N,N
119,333990,N,N
119,334311,N,N
119,334501,V,V
119,334976,N,N
119,335316,N,N
119,335652,N,N
119,335967,N,N
119,336305,N,N
119,336639,N,N
119,336957,N,N
119,337294,N,N
119,337621,N,N
119,337940,N,N
119,338280,N,N
119,338612,N,N
119,338941,N,N
119,339286,N,N
119,339612,N,N
119,339948,N,N
119,340280,N,N
119,340593,N,N
119,340786,V,V
119,341262,N,N
119,341594,N,N
119,341794,V,V
119,342259,N,N
119,342594,N,N
119,342784,V,V
119,343245,N,N
119,343576,N,N
119,343766,V,V
119,344236,N,N
119,344571,N,N
119,344762,V,V
119,345236,N,N
119,345562,N,N
119,345753,V,V
119,346210,N,N
119,346526,N,N
119,346716,V,V
119,347186,N,N
119,347499,N,N
119,347687,V,V
119,348153,N,N
119,348354,V,V
119,348820,N,N
119,349012,V,V
119,349472,N,N
119,349805,N,N
119,350116,N,N
119,350424,N,N
119,350743,N,N
119,350938,V,V
119,351397,N,N
119,351729,N,N
119,352049,N,N
119,352366,N,N
119,352558,V,V
119,353031,N,N
119,353236,V,V
119,353705,N,N
119,354041,N,N
119,354355,N,N
119,354544,V,V
119,355015,N,N
119,355209,V,V
119,355672,N,N
119,356002,N,N
119,356314,N,N
119,356638,N,N
119,356962,N,N
119,357277,N,N
119,357613,N,N
119,357930,N,N
119,358119,V,V
119,358611,N,N
119,358817,V,V
119,359288,N,N
119,359625,N,N
119,359940,N,N
119,360266,N,N
119,360588,N,N
119,360906,N,N
119,361229,N,N
119,361561,N,N
119,361874,N,N
119,362191,N,N
119,362517,N,N
119,362835,N,N
119,363154,N,N
119,363475,N,N
119,363797,N,N
119,364121,N,N
119,364446,N,N
119,364766,N,N
119,365081,N,N
119,365409,N,N
119,365736,N,N
119,366051,N,N
119,366384,N,N
119,366576,V,V
119,367046,N,N
119,367382,N,N
119,367700,N,N
119,368009,N,N
119,368200,V,V
119,368663,N,N
119,368862,V,V
119,369332,N,N
119,369672,N,N
119,369989,N,N
119,370306,N,N
119,370641,N,N
119,370972,N,N
119,371295,N,N
119,371620,N,N
119,371950,N,N
119,372271,N,N
119,372593,N,N
119,372915,N,N
119,373231,N,N
119,373570,N,N
119,373895,N,N
119,374212,N,N
119,374561,N,N
119,374898,N,N
119,375216,N,N
119,375558,N,N
119,375889,N,N
119,376077,V,V
119,376563,N,N
119,376752,V,V
119,377236,N,N
119,377585,N,N
119,377894,N,N
119,378209,N,N
119,378527,N,N
119,378845,N,N
119,379158,N,N
119,379478,N,N
119,379803,N,N
119,380119,N,N
119,380441,N,N
119,380760,N,N
119,381079,N,N
119,381411,N,N
119,381736,N,N
119,382061,N,N
119,382403,N,N
119,382729,N,N
119,382920,V,V
119,383410,N,N
119,383608,V,V
119,384108,N,N
119,384310,V,V
119,384806,N,N
119,385165,N,N
119,385504,N,N
119,385842,N,N
119,386179,N,N
119,386514,N,N
119,386859,N,N
119,387200,N,N
119,387543,N,N
119,387743,V,V
119,388238,N,N
119,388591,N,N
119,388778,V,V
119,389274,N,N
119,389476,V,V
119,389963,N,N
119,390156,V,V
119,390648,N,N
119,390990,N,N
119,391319,N,N
119,391507,V,V
119,392000,N,N
119,392344,N,N
119,392674,N,N
119,393017,N,N
119,393355,N,N
119,393686,N,N
119,393879,V,V
119,394365,N,N
119,394560,V,V
119,395056,N,N
119,395251,V,V
119,395734,N,N
119,396094,N,N
119,396424,N,N
119,396744,N,N
119,397068,N,N
119,397409,N,N
119,397734,N,N
119,398053,N,N
119,398247,V,V
119,398732,N,N
119,398919,V,V
119,399393,N,N
119,399592,V,V
119,400071,N,N
119,400406,N,N
119,400599,V,V
119,401071,N,N
119,401385,N,N
119,401675,N,N
119,401966,N,N
119,402159,V,V
119,402513,N,N
119,402709,V,V
119,403036,N,N
119,403229,V,V
119,403538,N,N
119,403802,N,N
119,404047,N,N
119,404236,V,V
119,404678,N,N
119,404978,N,N
119,405283,N,N
119,405595,N,N
119,405899,N,N
119,406083,V,V
119,406561,N,N
119,406872,N,N
119,407181,N,N
119,407504,N,N
119,407692,V,V
119,408172,N,N
119,408360,V,V
119,408829,N,N
119,409038,V,V
119,409503,N,N
119,409692,V,V
119,410160,N,N
119,410350,V,V
119,410811,N,N
119,411119,N,N
119,411407,N,N
119,411716,N,N
119,412020,N,N
119,412215,V,V
119,412666,N,N
119,412856,V,V
119,413313,N,N
119,413514,V,V
119,413952,N,N
119,414262,N,N
119,414558,N,N
119,414851,N,N
119,415042,V,V
119,415457,N,N
119,415645,V,V
119,416067,N,N
119,416283,V,V
119,416667,N,N
119,416860,V,V
119,417277,N,N
119,417487,V,V
119,417862,N,N
119,418133,N,N
119,418404,N,N
119,418685,N,N
119,418976,N,N
119,419163,V,V
119,419609,N,N
119,419935,N,N
119,420245,N,N
119,420564,N,N
119,420876,N,N
119,421066,V,V
119,421523,N,N
119,421844,N,N
119,422031,V,V
119,422481,N,N
119,422795,N,N
119,422978,V,V
119,423419,N,N
119,423728,N,N
119,423917,V,V
119,424345,N,N
119,424648,N,N
119,424842,V,V
119,425272,N,N
119,425470,V,V
119,425896,N,N
119,426098,V,V
119,426527,N,N
119,426721,V,V
119,427142,N,N
119,427330,V,V
119,427753,N,N
119,428050,N,N
119,428339,N,N
119,428626,N,N
119,428817,V,V
119,429248,N,N
119,429444,V,V
119,429863,N,N
119,430165,N,N
119,430460,N,N
119,430761,N,N
119,430949,V,V
119,431380,N,N
119,431676,N,N
119,431976,N,N
119,432271,N,N
119,432457,V,V
119,432877,N,N
119,433065,V,V
119,433474,N,N
119,433763,N,N
119,433950,V,V
119,434334,N,N
119,434620,N,N
119,434890,N,N
119,435079,V,V
119,435458,N,N
119,435735,N,N
119,436011,N,N
119,436205,V,V
119,436553,N,N
119,436821,N,N
119,437019,V,V
119,437375,N,N
119,437597,V,V
119,437853,N,N
119,438133,N,N
119,438400,N,N
119,438586,V,V
119,438990,N,N
119,439286,N,N
119,439472,V,V
119,439933,N,N
119,440256,N,N
119,440442,V,V
119,440952,N,N
119,441306,N,N
119,441485,V,V
119,442007,N,N
119,442355,N,N
119,442700,N,N
119,443033,N,N
119,443367,N,N
119,443564,V,V
119,444062,N,N
119,444256,V,V
119,444743,N,N
119,444937,V,V
119,445424,N,N
119,445617,V,V
119,446086,N,N
119,446409,N,N
119,446734,N,N
119,447053,N,N
119,447365,N,N
119,447561,V,V
119,448033,N,N
119,448367,N,N
119,448552,V,V
119,449028,N,N
119,449221,V,V
119,449691,N,N
119,450007,N,N
119,450193,V,V
119,450667,N,N
119,450987,N,N
119,451304,N,N
119,451501,V,V
119,451970,N,N
119,452153,V,V
119,452622,N,N
119,452814,V,V
119,453301,N,N
119,453628,N,N
119,453963,N,N
119,454160,V,V
119,454643,N,N
119,454976,N,N
119,455306,N,N
119,455498,V,V
119,455987,N,N
119,456180,V,V
119,456659,N,N
119,456994,N,N
119,457186,V,V
119,457665,N,N
119,457857,V,V
119,458342,N,N
119,458682,N,N
119,458867,V,V
119,459354,N,N
119,459695,N,N
119,459886,V,V
119,460353,N,N
119,460687,N,N
119,460878,V,V
119,461346,N,N
119,461683,N,N
119,461872,V,V
119,462341,N,N
119,462540,V,V
119,462981,N,N
119,463169,V,V
119,463625,N,N
119,463937,N,N
119,464248,N,N
119,464573,N,N
119,464914,N,N
119,465103,V,V
119,465625,N,N
119,465823,V,V
119,466353,N,N
119,466573,V,V
119,467065,N,N
119,467261,V,V
119,467780,N,N
119,467963,V,V
119,468443,N,N
119,468638,V,V
119,469112,N,N
119,469309,V,V
119,469781,N,N
119,470108,N,N
119,470439,N,N
119,470626,V,V
119,471105,N,N
119,471296,V,V
119,471806,N,N
119,472138,N,N
119,472472,N,N
119,472803,N,N
119,473136,N,N
119,473324,V,V
119,473816,N,N
119,474159,N,N
119,474354,V,V
119,474846,N,N
119,475187,N,N
119,475533,N,N
119,475723,V,V
119,476197,N,N
119,476389,V,V
119,476876,N,N
119,477075,V,V
119,477558,N,N
119,477902,N,N
119,478239,N,N
119,478432,V,V
119,478913,N,N
119,479106,V,V
119,479598,N,N
119,479797,V,V
119,480273,N,N
119,480467,V,V
119,480957,N,N
119,481152,V,V
119,481627,N,N
119,481818,V,V
119,482291,N,N
119,482492,V,V
119,482948,N,N
119,483142,V,V
119,483588,N,N
119,483887,N,N
119,484185,N,N
119,484464,N,N
119,484752,N,N
119,485054,N,N
119,485349,N,N
119,485643,N,N
119,485965,N,N
119,486287,N,N
119,486601,N,N
119,486937,N,N
119,487279,N,N
119,487613,N,N
119,487958,N,N
119,488310,N,N
119,488661,N,N
119,489006,N,N
119,489197,V,V
119,489709,N,N
119,489907,V,V
119,490398,N,N
119,490588,V,V
119,491055,N,N
119,491266,V,V
119,491722,N,N
119,492037,N,N
119,492226,V,V
119,492663,N,N
119,492979,N,N
119,493169,V,V
119,493599,N,N
119,493795,V,V
119,494243,N,N
119,494539,N,N
119,494848,N,N
119,495163,N,N
119,495484,N,N
119,495815,N,N
119,496008,V,V
119,496481,N,N
119,496675,V,V
119,497154,N,N
119,497349,V,V
119,497823,N,N
119,498016,V,V
119,498497,N,N
119,498692,V,V
119,499161,N,N
119,499488,N,N
119,499677,V,V
119,500118,N,N
119,500317,V,V
119,500748,N,N
119,501052,N,N
119,501348,N,N
119,501534,V,V
119,501967,N,N
119,502162,V,V
119,502583,N,N
119,502894,N,N
119,503082,V,V
119,503538,N,N
119,503860,N,N
119,504050,V,V
119,504522,N,N
119,504716,V,V
119,505188,N,N
119,505383,V,V
119,505894,N,N
119,506090,V,V
119,506594,N,N
119,506949,N,N
119,507146,V,V
119,507637,N,N
119,507992,N,N
119,508181,V,V
119,508676,N,N
119,508879,V,V
119,509370,N,N
119,509713,N,N
119,509904,V,V
119,510390,N,N
119,510732,N,N
119,511062,N,N
119,511251,V,V
119,511736,N,N
119,511933,V,V
119,512422,N,N
119,512760,N,N
119,513087,N,N
119,513286,V,V
119,513766,N,N
119,513965,V,V
119,514461,N,N
119,514792,N,N
119,514987,V,V
119,515476,N,N
119,515819,N,N
119,516152,N,N
119,516476,N,N
119,516668,V,V
119,517167,N,N
119,517506,N,N
119,517859,N,N
119,518192,N,N
119,518520,N,N
119,518722,V,V
119,519203,N,N
119,519407,V,V
119,519893,N,N
119,520225,N,N
119,520423,V,V
119,520892,N,N
119,521215,N,N
119,521532,N,N
119,521725,V,V
119,522188,N,N
119,522380,V,V
119,522816,N,N
119,523134,N,N
119,523326,V,V
119,523758,N,N
119,523958,V,V
119,524405,N,N
119,524726,N,N
119,525047,N,N
119,525237,V,V
119,525734,N,N
119,525931,V,V
119,526410,N,N
119,526615,V,V
119,527081,N,N
119,527416,N,N
119,527606,V,V
119,528057,N,N
119,528383,N,N
119,528570,V,V
119,529016,N,N
119,529338,N,N
119,529526,V,V
119,529995,N,N
119,530321,N,N
119,530512,V,V
119,530978,N,N
119,531298,N,N
119,531492,V,V
119,531938,N,N
119,532129,V,V
119,532590,N,N
119,532789,V,V
119,533236,N,N
119,533549,N,N
119,533863,N,N
119,534185,N,N
119,534516,N,N
119,534706,V,V
119,535197,N,N
119,535400,V,V
119,535896,N,N
119,536087,V,V
119,536572,N,N
119,536781,V,V
119,537245,N,N
119,537464,V,V
119,537912,N,N
119,538109,V,V
119,538565,N,N
119,538766,V,V
119,539224,N,N
119,539536,N,N
119,539849,N,N
119,540157,N,N
119,540476,N,N
119,540800,N,N
119,541127,N,N
119,541471,N,N
119,541814,N,N
119,542151,N,N
119,542503,N,N
119,542851,N,N
119,543202,N,N
119,543559,N,N
119,543897,N,N
119,544252,N,N
119,544600,N,N
119,544933,N,N
119,545274,N,N
119,545620,N,N
119,545971,N,N
119,546159,V,V
119,546667,N,N
119,546869,V,V
119,547358,N,N
119,547564,V,V
119,548044,N,N
119,548251,V,V
119,548723,N,N
119,548927,V,V
119,549383,N,N
119,549711,N,N
119,549902,V,V
119,550357,N,N
119,550677,N,N
119,550994,N,N
119,551191,V,V
119,551632,N,N
119,551830,V,V
119,552254,N,N
119,552445,V,V
119,552828,N,N
119,553104,N,N
119,553291,V,V
119,553637,N,N
119,553907,N,N
119,554167,N,N
119,554423,N,N
119,554683,N,N
119,554946,N,N
119,555142,V,V
119,555483,N,N
119,555762,N,N
119,555951,V,V
119,556321,N,N
119,556520,V,V
119,556892,N,N
119,557165,N,N
119,557435,N,N
119,557635,V,V
119,558017,N,N
119,558231,V,V
119,558608,N,N
119,558897,N,N
119,559204,N,N
119,559400,V,V
119,559826,N,N
119,560142,N,N
119,560465,N,N
119,560661,V,V
119,561141,N,N
119,561494,N,N
119,561835,N,N
119,562171,N,N
119,562361,V,V
119,562885,N,N
119,563228,N,N
119,563563,N,N
119,563753,V,V
119,564251,N,N
119,564586,N,N
119,564925,N,N
119,565251,N,N
119,565586,N,N
119,565923,N,N
119,566229,N,N
119,566536,N,N
119,566726,V,V
119,567132,N,N
119,567327,V,V
119,567775,N,N
119,568084,N,N
119,568387,N,N
119,568599,V,V
119,569032,N,N
119,569225,V,V
119,569685,N,N
119,569997,N,N
119,570314,N,N
119,570507,V,V
119,570958,N,N
119,571153,V,V
119,571569,N,N
119,571856,N,N
119,572143,N,N
119,572333,V,V
119,572745,N,N
119,573031,N,N
119,573318,N,N
119,573600,N,N
119,573790,V,V
119,574184,N,N
119,574388,V,V
119,574783,N,N
119,575080,N,N
119,575370,N,N
119,575566,V,V
119,575966,N,N
119,576262,N,N
119,576560,N,N
119,576872,N,N
119,577176,N,N
119,577364,V,V
119,577856,N,N
119,578045,V,V
119,578546,N,N
119,578872,N,N
119,579062,V,V
119,579541,N,N
119,579876,N,N
119,580061,V,V
119,580569,N,N
119,580936,N,N
119,581130,V,V
119,581646,N,N
119,581847,V,V
119,582354,N,N
119,582716,N,N
119,582911,V,V
119,583427,N,N
119,583617,V,V
119,584146,N,N
119,584490,N,N
119,584822,N,N
119,585162,N,N
119,585494,N,N
119,585823,N,N
119,586014,V,V
119,586522,N,N
119,586717,V,V
119,587190,N,N
119,587539,N,N
119,587861,N,N
119,588171,N,N
119,588365,V,V
119,588818,N,N
119,589011,V,V
119,589469,N,N
119,589789,N,N
119,590090,N,N
119,590388,N,N
119,590710,N,N
119,590905,V,V
119,591379,N,N
119,591721,N,N
119,592049,N,N
119,592369,N,N
119,592691,N,N
119,593017,N,N
119,593337,N,N
119,593681,N,N
119,594022,N,N
119,594352,N,N
119,594696,N,N
119,595057,N,N
119,595404,N,N
119,595732,N,N
119,595936,V,V
119,596430,N,N
119,596763,N,N
119,596951,V,V
119,597438,N,N
119,597763,N,N
119,598081,N,N
119,598410,N,N
119,598741,N,N
119,599087,N,N
119,599286,V,V
119,599792,N,N
119,600142,N,N
119,600499,N,N
119,600841,N,N
119,601194,N,N
119,601384,V,V
119,601911,N,N
119,602113,V,V
119,602640,N,N
119,602981,N,N
119,603163,V,V
119,603677,N,N
119,604018,N,N
119,604360,N,N
119,604684,N,N
119,605007,N,N
119,605214,V,V
119,605696,N,N
119,606023,N,N
119,606211,V,V
119,606690,N,N
119,607020,N,N
119,607345,N,N
119,607663,N,N
119,607975,N,N
119,608291,N,N
119,608617,N,N
119,608937,N,N
119,609255,N,N
119,609604,N,N
119,609933,N,N
119,610248,N,N
119,610445,V,V
119,610925,N,N
119,611113,V,V
119,611591,N,N
119,611932,N,N
119,612261,N,N
119,612574,N,N
119,612760,V,V
119,613233,N,N
119,613432,V,V
119,613890,N,N
119,614098,V,V
119,614561,N,N
119,614896,N,N
119,615224,N,N
119,615427,V,V
119,615924,N,N
119,616273,N,N
119,616468,V,V
119,616978,N,N
119,617322,N,N
119,617516,V,V
119,618019,N,N
119,618368,N,N
119,618707,N,N
119,619052,N,N
119,619388,N,N
119,619723,N,N
119,620087,N,N
119,620432,N,N
119,620776,N,N
119,621137,N,N
119,621489,N,N
119,621828,N,N
119,622170,N,N
119,622522,N,N
119,622866,N,N
119,623195,N,N
119,623546,N,N
119,623892,N,N
119,624216,N,N
119,624547,N,N
119,624885,N,N
119,625226,N,N
119,625566,N,N
119,625907,N,N
119,626250,N,N
119,626576,N,N
119,626919,N,N
119,627261,N,N
119,627586,N,N
119,627927,N,N
119,628268,N,N
119,628600,N,N
119,628937,N,N
119,629278,N,N
119,629605,N,N
119,629936,N,N
119,630275,N,N
119,630618,N,N
119,630947,N,N
119,631279,N,N
119,631611,N,N
119,631938,N,N
119,632272,N,N
119,632606,N,N
119,632932,N,N
119,633123,V,V
119,633606,N,N
119,633803,V,V
119,634289,N,N
119,634636,N,N
119,634955,N,N
119,635269,N,N
119,635589,N,N
119,635904,N,N
119,636213,N,N
119,636521,N,N
119,636842,N,N
119,637159,N,N
119,637467,N,N
119,637794,N,N
119,638114,N,N
119,638430,N,N
119,638625,V,V
119,639100,N,N
119,639432,N,N
119,639759,N,N
119,640094,N,N
119,640428,N,N
119,640755,N,N
119,640952,V,V
119,641450,N,N
119,641792,N,N
119,642128,N,N
119,642479,N,N
119,642818,N,N
119,643158,N,N
119,643502,N,N
119,643855,N,N
119,644194,N,N
119,644525,N,N
119,644879,N,N
119,645228,N,N
119,645557,N,N
119,645749,V,V
119,646226,N,N
119,646557,N,N
119,646880,N,N
119,647197,N,N
119,647520,N,N
119,647836,N,N
119,648153,N,N
119,648479,N,N
119,648792,N,N
119,649129,N,N
119,649468,N,N
119,649788,N,N
201,159,N,N
201,415,N,N
201,686,N,N
201,905,N,N
201,1189,N,N
201,1422,N,N
201,1621,N,N
201,1965,N,N
201,2236,N,N
201,2495,N,N
201,2721,N,N
201,2955,N,N
201,3197,N,N
201,3470,N,N
201,3798,N,N
201,4109,N,N
201,4353,N,N
201,4591,N,N
201,4847,N,N
201,4989,N,N
201,5220,N,N
201,5477,N,N
201,5688,N,N
201,5919,N,N
201,6102,N,N
201,6391,N,N
201,6636,N,N
201,6836,N,N
201,7069,N,N
201,7323,N,N
201,7614,N,N
201,7819,N,N
201,8071,N,N
201,8303,N,N
201,8514,N,N
201,8667,N,N
201,8922,N,N
201,9116,N,N
201,9349,N,N
201,9642,N,N
201,10008,N,N
201,10267,N,N
201,10521,N,N
201,10771,N,N
201,11043,N,N
201,11300,N,N
201,11474,N,N
201,11800,N,N
201,12007,N,N
201,12252,N,N
201,12454,N,N
201,12690,N,N
201,12928,N,N
201,13222,N,N
201,13550,N,N
201,13800,N,N
201,14021,N,N
201,14349,N,N
201,14615,N,N
201,14866,N,N
201,15014,N,N
201,15241,N,N
201,15470,N,N
201,15692,N,N
201,15895,N,N
201,16151,N,N
201,16407,N,N
201,16569,N,N
201,16813,N,N
201,17042,N,N
201,17271,N,N
201,17425,N,N
201,17553,a,S
201,17775,N,N
201,17958,N,N
201,18261,N,N
201,18428,N,N
201,18681,N,N
201,18924,N,N
201,19075,N,N
201,19300,N,N
201,19591,N,N
201,19825,N,N
201,20050,N,N
201,20271,N,N
201,20584,N,N
201,20907,N,N
201,21167,N,N
201,21406,N,N
201,21561,N,N
201,21744,N,N
201,21963,N,N
201,22296,N,N
201,22597,N,N
201,22754,N,N
201,22914,N,N
201,23153,N,N
201,23502,N,N
201,23658,N,N
201,23872,N,N
201,24191,N,N
201,24396,N,N
201,24641,N,N
201,24871,N,N
201,25118,N,N
201,25360,N,N
201,25623,N,N
201,25857,N,N
201,26138,N,N
201,26362,N,N
201,26610,N,N
201,26803,N,N
201,27042,N,N
201,27257,N,N
201,27443,N,N
201,27598,N,N
201,27878,N,N
201,28128,N,N
201,28377,N,N
201,28617,N,N
201,28915,N,N
201,29153,N,N
201,29443,N,N
201,29712,N,N
201,29939,N,N
201,30171,N,N
201,30314,N,N
201,30577,N,N
201,30780,N,N
201,31022,N,N
201,31305,N,N
201,31720,N,N
201,32030,N,N
201,32257,N,N
201,32429,N,N
201,32628,N,N
201,32861,N,N
201,33177,N,N
201,33362,N,N
201,33648,N,N
201,33894,N,N
201,34202,N,N
201,34351,N,N
201,34624,N,N
201,34871,N,N
201,35019,N,N
201,35221,N,N
201,35375,N,N
201,35622,N,N
201,35921,N,N
201,36255,N,N
201,36489,N,N
201,36684,N,N
201,37033,N,N
201,37199,N,N
201,37340,N,N
201,37584,N,N
201,37824,N,N
201,38074,N,N
201,38318,N,N
201,38583,N,N
201,38865,N,N
201,39162,N,N
201,39450,N,N
201,39783,N,N
201,40080,N,N
201,40305,N,N
201,40607,N,N
201,40811,N,N
201,41040,N,N
201,41260,N,N
201,41522,N,N
201,41695,N,N
201,41925,N,N
201,42168,N,N
201,42415,N,N
201,42564,N,N
201,42700,N,N
201,43022,N,N
201,43242,N,N
201,43473,N,N
201,43616,N,N
201,43934,N,N
201,44333,N,N
201,44649,N,N
201,44920,N,N
201,45201,N,N
201,45408,N,N
201,45594,N,N
201,45770,N,N
201,45986,N,N
201,46198,N,N
201,46460,N,N
201,46752,N,N
201,47002,N,N
201,47284,N,N
201,47500,N,N
201,47749,N,N
201,47953,N,N
201,48197,N,N
201,48416,N,N
201,48665,N,N
201,48918,N,N
201,49137,N,N
201,49376,N,N
201,49559,N,N
201,49705,N,N
201,50081,N,N
201,50332,N,N
201,50640,N,N
201,50929,N,N
201,51250,N,N
201,51501,N,N
201,51685,N,N
201,51913,N,N
201,52141,N,N
201,52405,N,N
201,52666,N,N
201,52911,N,N
201,53237,N,N
201,53451,N,N
201,53620,N,N
201,53846,N,N
201,54085,N,N
201,54409,N,N
201,54658,N,N
201,54885,N,N
201,55111,N,N
201,55261,N,N
201,55519,N,N
201,55680,N,N
201,56045,N,N
201,56246,N,N
201,56447,N,N
201,56690,N,N
201,56952,N,N
201,57163,N,N
201,57321,N,N
201,57732,N,N
201,58034,N,N
201,58261,N,N
201,58447,N,N
201,58578,N,N
201,58809,N,N
201,59083,N,N
201,59332,N,N
201,59593,N,N
201,59848,N,N
201,60079,N,N
201,60338,N,N
201,60587,N,N
201,60896,N,N
201,61145,N,N
201,61395,N,N
201,61628,N,N
201,61858,N,N
201,62073,N,N
201,62314,N,N
201,62465,N,N
201,62702,N,N
201,62922,N,N
201,63166,N,N
201,63346,N,N
201,63616,N,N
201,63829,N,N
201,64084,N,N
201,64308,N,N
201,64521,N,N
201,64689,N,N
201,64927,N,N
201,65120,N,N
201,65335,N,N
201,65634,N,N
201,65949,N,N
201,66197,N,N
201,66634,N,N
201,66808,N,N
201,67039,N,N
201,67252,N,N
201,67523,N,N
201,67772,N,N
201,68008,N,N
201,68298,N,N
201,68571,N,N
201,68946,N,N
201,69177,N,N
201,69477,N,N
201,69654,N,N
201,69888,N,N
201,70171,N,N
201,70392,N,N
201,70536,N,N
201,70670,N,N
201,71068,N,N
201,71279,N,N
201,71479,N,N
201,71816,N,N
201,72051,N,N
201,72203,N,N
201,72484,N,N
201,72728,N,N
201,72967,N,N
201,73253,N,N
201,73526,N,N
201,73722,N,N
201,74049,N,N
201,74479,N,N
201,74702,N,N
201,74975,N,N
201,75202,N,N
201,75427,N,N
201,75711,N,N
201,75941,N,N
201,76076,a,S
201,76218,N,N
201,76437,N,N
201,76739,N,N
201,76969,N,N
201,77327,N,N
201,77516,N,N
201,77733,N,N
201,77948,N,N
201,78099,N,N
201,78339,N,N
201,78493,N,N
201,78716,N,N
201,78952,N,N
201,79186,N,N
201,79429,N,N
201,79661,N,N
201,79879,N,N
201,80247,N,N
201,80554,N,N
201,80841,N,N
201,81116,N,N
201,81390,N,N
201,81678,N,N
201,81928,N,N
201,82166,N,N
201,82417,N,N
201,82736,N,N
201,83035,N,N
201,83308,N,N
201,83616,N,N
201,83847,N,N
201,84154,N,N
201,84452,N,N
201,84722,N,N
201,84927,N,N
201,85118,N,N
201,85325,N,N
201,85578,N,N
201,85840,N,N
201,86003,N,N
201,86219,N,N
201,86389,N,N
201,86614,N,N
201,86865,N,N
201,87110,N,N
201,87358,N,N
201,87543,N,N
201,87766,N,N
201,87992,N,N
201,88205,N,N
201,88361,N,N
201,88587,N,N
201,88727,N,N
201,89008,N,N
201,89272,N,N
201,89497,N,N
201,89772,N,N
201,90050,N,N
201,90337,N,N
201,90610,N,N
201,90841,N,N
201,91046,N,N
201,91283,N,N
201,91519,N,N
201,91754,N,N
201,92021,N,N
201,92393,N,N
201,92591,N,N
201,92825,N,N
201,93049,N,N
201,93239,N,N
201,93376,N,N
201,93605,N,N
201,93959,N,N
201,94150,N,N
201,94392,N,N
201,94645,N,N
201,94874,N,N
201,95112,N,N
201,95248,N,N
201,95600,N,N
201,95835,N,N
201,96165,N,N
201,96468,N,N
201,96744,N,N
201,96904,N,N
201,97120,N,N
201,97351,N,N
201,97567,N,N
201,97805,N,N
201,98213,N,N
201,98518,N,N
201,98724,N,N
201,99013,N,N
201,99341,N,N
201,99612,N,N
201,99897,N,N
201,100144,N,N
201,100415,N,N
201,100735,N,N
201,101067,N,N
201,101324,N,N
201,101520,N,N
201,101754,N,N
201,102047,N,N
201,102307,N,N
201,102524,N,N
201,102665,N,N
201,102907,N,N
201,103189,N,N
201,103437,N,N
201,103660,N,N
201,103879,N,N
201,104113,N,N
201,104336,N,N
201,104597,N,N
201,104957,N,N
201,105271,N,N
201,105486,N,N
201,105826,N,N
201,106048,N,N
201,106183,N,N
201,106433,N,N
201,106636,N,N
201,106947,N,N
201,107299,N,N
201,107644,N,N
201,107974,N,N
201,108172,N,N
201,108444,N,N
201,108686,N,N
201,108938,N,N
201,109184,N,N
201,109461,N,N
201,109612,a,S
201,109832,N,N
201,110139,N,N
201,110323,N,N
201,110559,N,N
201,110781,N,N
201,111100,N,N
201,111380,N,N
201,111633,N,N
201,111893,N,N
201,112122,N,N
201,112444,N,N
201,112679,N,N
201,113109,N,N
201,113368,N,N
201,113522,N,N
201,113774,N,N
201,114076,N,N
201,114390,N,N
201,114687,N,N
201,114900,N,N
201,115122,N,N
201,115396,N,N
201,115578,N,N
201,115846,N,N
201,116059,N,N
201,116294,N,N
201,116531,N,N
201,116703,N,N
201,116890,N,N
201,117149,N,N
201,117306,N,N
201,117477,N,N
201,117901,N,N
201,118142,N,N
201,118302,N,N
201,118544,N,N
201,118729,N,N
201,118973,N,N
201,119274,N,N
201,119526,N,N
201,119874,N,N
201,120426,N,N
201,120672,N,N
201,120918,N,N
201,121142,N,N
201,121434,N,N
201,121694,N,N
201,121927,N,N
201,122203,N,N
201,122427,N,N
201,122634,N,N
201,122845,N,N
201,123242,N,N
201,123550,N,N
201,123795,N,N
201,124038,N,N
201,124258,N,N
201,124504,N,N
201,124737,N,N
201,124883,N,N
201,125146,N,N
201,125417,N,N
201,125777,N,N
201,126012,N,N
201,126208,N,N
201,126471,N,N
201,126765,N,N
201,126966,N,N
201,127242,N,N
201,127459,N,N
201,127672,N,N
201,127960,N,N
201,128182,N,N
201,128407,N,N
201,128551,N,N
201,128793,N,N
201,129060,N,N
201,129253,N,N
201,129523,N,N
201,129757,N,N
201,130092,N,N
201,130406,N,N
201,130577,N,N
201,130830,N,N
201,130989,N,N
201,131218,N,N
201,131530,N,N
201,131793,N,N
201,132005,N,N
201,132238,N,N
201,132558,N,N
201,132815,N,N
201,133160,N,N
201,133427,N,N
201,133790,N,N
201,134059,N,N
201,134363,N,N
201,134606,N,N
201,134842,N,N
201,135090,N,N
201,135354,N,N
201,135608,N,N
201,135869,N,N
201,136091,N,N
201,137429,j,N
201,138167,j,N
201,138701,N,N
201,139293,j,N
201,139691,N,N
201,140255,N,N
201,140744,N,N
201,140913,a,S
201,141441,N,N
201,141962,N,N
201,142435,N,N
201,142889,N,N
201,143128,V,V
201,143374,N,N
201,143823,N,N
201,144324,N,N
201,144747,N,N
201,145119,V,V
201,145575,N,N
201,146018,N,N
201,146447,N,N
201,146863,N,N
201,147274,N,N
201,147691,N,N
201,148133,N,N
201,148597,N,N
201,149026,N,N
201,149469,N,N
201,149923,N,N
201,150413,N,N
201,150896,N,N
201,151348,N,N
201,151785,N,N
201,152229,N,N
201,152704,N,N
201,153147,N,N
201,153572,N,N
201,153924,V,V
201,154251,N,N
201,154408,a,S
201,154954,N,N
201,155188,a,S
201,155635,N,N
201,156285,N,N
201,156749,N,N
201,157166,V,V
201,157449,N,N
201,157876,N,N
201,158083,a,S
201,158564,N,N
201,159282,N,N
201,159951,N,N
201,160609,N,N
201,161291,N,N
201,161716,N,N
201,161905,a,S
201,162372,N,N
201,162810,N,N
201,163294,N,N
201,163789,N,N
201,164236,N,N
201,164702,N,N
201,165158,N,N
201,165508,V,V
201,165879,N,N
201,166315,N,N
201,166975,N,N
201,167426,N,N
201,167882,N,N
201,168323,N,N
201,168513,a,S
201,168989,N,N
201,169430,N,N
201,169791,V,V
201,170145,N,N
201,170580,N,N
201,171037,N,N
201,171500,N,N
201,171883,V,V
201,172064,a,S
201,172235,a,S
201,172463,N,N
201,172633,a,S
201,172769,a,S
201,173007,N,N
201,173187,N,N
201,173366,N,N
201,173542,N,N
201,173698,N,N
201,173880,N,N
201,174137,N,N
201,174321,a,S
201,174560,N,N
201,174741,N,N
201,174974,N,N
201,175168,N,N
201,175356,N,N
201,175545,N,N
201,175766,N,N
201,176067,N,N
201,176257,N,N
201,176524,N,N
201,176795,N,N
201,177056,N,N
201,177213,N,N
201,177426,N,N
201,177611,N,N
201,177867,N,N
201,178141,N,N
201,178302,N,N
201,178502,N,N
201,178802,N,N
201,179023,N,N
201,179174,N,N
201,179435,N,N
201,179615,N,N
201,179869,N,N
201,180064,N,N
201,180280,N,N
201,180452,N,N
201,180617,N,N
201,180760,N,N
201,180962,N,N
201,181177,N,N
201,181439,N,N
201,181582,a,S
201,181732,a,S
201,181932,N,N
201,182162,N,N
201,182593,N,N
201,182933,N,N
201,183243,N,N
201,183388,a,S
201,183686,N,N
201,183888,N,N
201,184030,N,N
201,184280,N,N
201,184431,N,N
201,184600,N,N
201,184755,N,N
201,185330,N,N
201,186038,j,N
201,186377,N,N
201,187101,j,N
201,187323,A,S
201,187984,j,N
201,188183,A,S
201,188577,N,N
201,189064,N,N
201,189391,V,V
201,189598,J,S
201,190004,N,N
201,190669,N,N
201,191370,N,N
201,192066,N,N
201,192716,N,N
201,193402,N,N
201,194092,N,N
201,194741,N,N
201,195421,N,N
201,196137,N,N
201,196801,N,N
201,197209,N,N
201,197544,V,V
201,197816,N,N
201,198355,N,N
201,199034,N,N
201,199458,N,N
201,199762,V,V
201,200330,N,N
201,200757,N,N
201,201061,V,V
201,201583,N,N
201,202008,N,N
201,202371,V,V
201,202852,N,N
201,203263,N,N
201,203608,V,V
201,204087,N,N
201,204540,N,N
201,204885,V,V
201,205370,N,N
201,205775,N,N
201,206135,V,V
201,206641,N,N
201,207088,N,N
201,207431,V,V
201,207895,N,N
201,208317,N,N
201,208519,a,S
201,209042,N,N
201,209465,N,N
201,209794,V,V
201,210145,N,N
201,210584,N,N
201,210928,V,V
201,211225,N,N
201,211766,N,N
201,212199,N,N
201,212655,N,N
201,212989,V,V
201,213276,N,N
201,213804,N,N
201,214230,N,N
201,214662,N,N
201,214992,V,V
201,215293,N,N
201,215822,N,N
201,216242,N,N
201,216670,N,N
201,217010,V,V
201,217311,N,N
201,217869,N,N
201,218323,N,N
201,218749,N,N
201,219075,V,V
201,219660,N,N
201,220097,N,N
201,220401,V,V
201,220924,N,N
201,221339,N,N
201,221710,V,V
201,222188,N,N
201,222606,N,N
201,222926,V,V
201,223453,N,N
201,223914,N,N
201,224368,N,N
201,224804,N,N
201,225253,N,N
201,225703,N,N
201,226170,N,N
201,226620,N,N
201,227029,N,N
201,227447,N,N
201,227896,N,N
201,228330,N,N
201,228657,V,V
201,229167,N,N
201,229369,a,S
201,229817,N,N
201,230263,N,N
201,230709,N,N
201,231045,V,V
201,231545,N,N
201,231987,N,N
201,232307,V,V
201,232858,N,N
201,233284,N,N
201,233617,V,V
201,234099,N,N
201,234548,N,N
201,234912,V,V
201,235391,N,N
201,235806,N,N
201,236148,V,V
201,236399,N,N
201,236945,N,N
201,237390,N,N
201,237799,N,N
201,238137,V,V
201,238660,N,N
201,239116,N,N
201,239450,V,V
201,239951,N,N
201,240350,N,N
201,240714,V,V
201,241191,N,N
201,241638,N,N
201,241963,V,V
201,242448,N,N
201,242874,N,N
201,243245,V,V
201,243730,N,N
201,244160,N,N
201,244481,V,V
201,244990,N,N
201,245435,N,N
201,245800,V,V
201,246257,N,N
201,246667,N,N
201,247006,V,V
201,247495,N,N
201,247937,N,N
201,248278,V,V
201,248718,N,N
201,249130,N,N
201,249471,V,V
201,249950,N,N
201,250389,N,N
201,250699,V,V
201,251215,N,N
201,251646,N,N
201,251989,V,V
201,252516,N,N
201,252926,N,N
201,253243,V,V
201,253758,N,N
201,254176,N,N
201,254549,V,V
201,255017,N,N
201,255444,N,N
201,255762,V,V
201,256334,N,N
201,256765,N,N
201,257082,V,V
201,257584,N,N
201,258016,N,N
201,258357,V,V
201,258839,N,N
201,259259,N,N
201,259567,V,V
201,260033,N,N
201,260479,N,N
201,260809,V,V
201,261287,N,N
201,261710,N,N
201,262016,V,V
201,262534,N,N
201,262980,N,N
201,263297,V,V
201,263803,N,N
201,264212,N,N
201,264544,V,V
201,265070,N,N
201,265494,N,N
201,265808,V,V
201,266268,N,N
201,266466,a,S
201,266921,N,N
201,267359,N,N
201,267699,V,V
201,268141,N,N
201,268326,a,S
201,268799,N,N
201,269236,N,N
201,269668,N,N
201,269998,V,V
201,270495,N,N
201,270923,N,N
201,271243,V,V
201,271758,N,N
201,271956,a,S
201,272389,N,N
201,272794,N,N
201,273218,N,N
201,273565,V,V
201,274048,N,N
201,274232,a,S
201,274689,N,N
201,275106,N,N
201,275565,N,N
201,275888,V,V
201,276441,N,N
201,276870,N,N
201,277545,N,N
201,277995,N,N
201,278437,N,N
201,278733,V,V
201,279247,N,N
201,279691,N,N
201,279890,a,S
201,280382,N,N
201,280812,N,N
201,281234,N,N
201,281500,V,V
201,281926,N,N
201,282391,N,N
201,282692,V,V
201,282880,N,N
201,283245,N,N
201,283680,N,N
201,283885,a,S
201,284380,N,N
201,284820,N,N
201,285250,N,N
201,285554,V,V
201,286098,N,N
201,286557,N,N
201,286998,N,N
201,287288,V,V
201,287834,N,N
201,288256,N,N
201,288689,N,N
201,289059,V,V
201,289538,N,N
201,289951,N,N
201,290383,N,N
201,290750,V,V
201,291015,N,N
201,291530,N,N
201,291952,N,N
201,292375,N,N
201,292715,V,V
201,293239,N,N
201,293660,N,N
201,293983,V,V
201,294470,N,N
201,294904,N,N
201,295238,V,V
201,295730,N,N
201,296155,N,N
201,296454,V,V
201,296960,N,N
201,297409,N,N
201,297735,V,V
201,298237,N,N
201,298656,N,N
201,298977,V,V
201,299527,N,N
201,299971,N,N
201,300291,V,V
201,300782,N,N
201,301206,N,N
201,301560,V,V
201,302041,N,N
201,302446,N,N
201,302782,V,V
201,303232,N,N
201,303671,N,N
201,304022,V,V
201,304484,N,N
201,304888,N,N
201,305226,V,V
201,305742,N,N
201,306167,N,N
201,306517,V,V
201,306992,N,N
201,307406,N,N
201,307738,V,V
201,308258,N,N
201,308676,N,N
201,309000,V,V
201,309454,N,N
201,309891,N,N
201,310228,V,V
201,310716,N,N
201,311129,N,N
201,311449,V,V
201,311914,N,N
201,312360,N,N
201,312701,V,V
201,313190,N,N
201,313611,N,N
201,313924,V,V
201,314419,N,N
201,314850,N,N
201,315187,V,V
201,315630,N,N
201,316048,N,N
201,316362,V,V
201,316875,N,N
201,317300,N,N
201,317608,V,V
201,318116,N,N
201,318545,N,N
201,318872,V,V
201,319419,N,N
201,319820,N,N
201,320119,V,V
201,320625,N,N
201,321060,N,N
201,321386,V,V
201,321877,N,N
201,322286,N,N
201,322600,V,V
201,323109,N,N
201,323552,N,N
201,323868,V,V
201,324358,N,N
201,324781,N,N
201,325107,V,V
201,325609,N,N
201,326048,N,N
201,326330,V,V
201,326811,N,N
201,327236,N,N
201,327584,V,V
201,328046,N,N
201,328471,N,N
201,328731,V,V
201,329268,N,N
201,329718,N,N
201,330154,N,N
201,330443,V,V
201,330966,N,N
201,331401,N,N
201,331841,N,N
201,332157,V,V
201,332694,N,N
201,333099,N,N
201,333497,N,N
201,333831,V,V
201,334357,N,N
201,334768,N,N
201,335155,N,N
201,335487,V,V
201,335987,N,N
201,336430,N,N
201,336848,N,N
201,337158,V,V
201,337666,N,N
201,338121,N,N
201,338577,N,N
201,338860,V,V
201,339049,N,N
201,339408,N,N
201,339837,N,N
201,340278,N,N
201,340587,V,V
201,341147,N,N
201,341549,N,N
201,341955,N,N
201,342286,V,V
201,342806,N,N
201,343225,N,N
201,343645,N,N
201,343959,V,V
201,344465,N,N
201,344909,N,N
201,345347,N,N
201,345645,V,V
201,346155,N,N
201,346591,N,N
201,347019,N,N
201,347354,V,V
201,347849,N,N
201,348266,N,N
201,348680,N,N
201,349037,V,V
201,349562,N,N
201,349992,N,N
201,350391,N,N
201,350741,V,V
201,351242,N,N
201,351683,N,N
201,352024,V,V
201,352463,N,N
201,352653,a,S
201,353128,N,N
201,353573,N,N
201,353913,V,V
201,354409,N,N
201,354832,N,N
201,355135,V,V
201,355662,N,N
201,356074,N,N
201,356438,V,V
201,356839,N,N
201,357272,N,N
201,357619,V,V
201,358104,N,N
201,358311,a,S
201,358744,N,N
201,359137,N,N
201,359496,V,V
201,359960,N,N
201,360398,N,N
201,360708,V,V
201,361175,N,N
201,361606,N,N
201,361983,N,N
201,362159,A,S
201,362657,N,N
201,363047,N,N
201,363392,V,V
201,363811,N,N
201,364218,N,N
201,364621,N,N
201,364992,N,N
201,365369,V,V
201,365761,N,N
201,366179,N,N
201,366547,V,V
201,367003,N,N
201,367394,N,N
201,367759,V,V
201,368222,N,N
201,368650,N,N
201,369037,V,V
201,369472,N,N
201,369878,N,N
201,370270,V,V
201,370726,N,N
201,371155,N,N
201,371525,V,V
201,371944,N,N
201,372356,N,N
201,372754,V,V
201,373185,N,N
201,373619,N,N
201,373957,V,V
201,374177,N,N
201,374663,N,N
201,375112,N,N
201,375540,N,N
201,375882,V,V
201,376332,N,N
201,376767,N,N
201,377094,V,V
201,377589,N,N
201,378021,N,N
201,378342,V,V
201,378794,N,N
201,379258,N,N
201,379595,V,V
201,380080,N,N
201,380490,N,N
201,380832,V,V
201,381280,N,N
201,381714,N,N
201,382092,V,V
201,382490,N,N
201,382904,N,N
201,383251,V,V
201,383746,N,N
201,384167,N,N
201,384525,V,V
201,384958,N,N
201,385389,N,N
201,385741,V,V
201,386248,N,N
201,386657,N,N
201,386998,V,V
201,387227,N,N
201,387728,N,N
201,388178,N,N
201,388600,N,N
201,388952,V,V
201,389408,N,N
201,389855,N,N
201,390213,V,V
201,390679,N,N
201,391065,N,N
201,391429,V,V
201,391845,N,N
201,392041,a,S
201,392172,a,S
201,392544,N,N
201,392959,N,N
201,393297,V,V
201,393762,N,N
201,394211,N,N
201,394567,V,V
201,395070,N,N
201,395486,N,N
201,395818,V,V
201,396256,N,N
201,396657,N,N
201,396840,A,S
201,397302,N,N
201,397651,N,N
201,397821,A,S
201,398276,N,N
201,398477,a,S
201,398894,j,N
201,399341,N,N
201,399700,N,N
201,400064,N,N
201,400407,N,N
201,400593,A,S
201,400755,A,S
201,401105,N,N
201,401501,N,N
201,401890,V,V
201,402356,N,N
201,403077,N,N
201,403582,N,N
201,404033,N,N
201,404477,N,N
201,404944,N,N
201,405438,N,N
201,405626,a,S
201,406176,j,N
201,406381,A,S
201,406910,N,N
201,407614,N,N
201,407942,N,N
201,408286,N,N
201,408677,N,N
201,409085,V,V
201,409554,N,N
201,410002,N,N
201,410424,N,N
201,410832,N,N
201,411249,N,N
201,411699,N,N
201,412129,N,N
201,412498,V,V
201,412698,A,S
201,412853,A,S
201,413184,N,N
201,413617,N,N
201,413997,V,V
201,414228,A,S
201,414738,N,N
201,415145,N,N
201,415563,N,N
201,415953,V,V
201,416444,N,N
201,416851,N,N
201,417225,V,V
201,417433,A,S
201,417590,A,S
201,417934,N,N
201,418367,N,N
201,418752,V,V
201,419208,N,N
201,419396,a,S
201,419870,N,N
201,420307,N,N
201,420680,V,V
201,421139,N,N
201,421548,N,N
201,421903,V,V
201,422376,N,N
201,422822,N,N
201,423171,V,V
201,423628,N,N
201,424032,N,N
201,424416,V,V
201,424654,A,S
201,424806,A,S
201,425184,N,N
201,425599,N,N
201,426006,N,N
201,426424,N,N
201,426815,V,V
201,427319,N,N
201,427509,a,S
201,427642,a,S
201,427984,N,N
201,428397,N,N
201,428761,V,V
201,429248,N,N
201,429686,N,N
201,429869,a,S
201,430324,N,N
201,430753,N,N
201,431126,V,V
201,431612,N,N
201,432034,N,N
201,432365,V,V
201,432858,N,N
201,433294,N,N
201,433737,N,N
201,433928,a,S
201,434381,N,N
201,434791,N,N
201,435151,V,V
201,435648,N,N
201,436076,N,N
201,436484,N,N
201,436829,V,V
201,437306,N,N
201,437516,a,S
201,437659,a,S
201,438033,N,N
201,438439,N,N
201,438865,N,N
201,439198,V,V
201,439456,A,S
201,439621,A,S
201,440003,N,N
201,440416,V,V
201,440853,N,N
201,441259,N,N
201,441643,V,V
201,442124,N,N
201,442309,a,S
201,442772,N,N
201,443190,N,N
201,443545,V,V
201,444035,N,N
201,444465,N,N
201,444841,V,V
201,445050,A,S
201,445526,N,N
201,445968,N,N
201,446410,N,N
201,446776,V,V
201,447007,A,S
201,447509,N,N
201,447923,N,N
201,448365,N,N
201,448732,V,V
201,449222,N,N
201,449625,N,N
201,449984,V,V
201,450485,N,N
201,450924,N,N
201,451119,a,S
201,451254,a,S
201,451605,N,N
201,452001,N,N
201,452194,a,S
201,452707,N,N
201,453152,N,N
201,453468,V,V
201,453982,N,N
201,454413,N,N
201,454842,N,N
201,455047,a,S
201,455555,N,N
201,455966,N,N
201,456272,V,V
201,456801,N,N
201,457246,N,N
201,457664,N,N
201,458008,V,V
201,458470,N,N
201,458666,a,S
201,459140,N,N
201,459587,N,N
201,459996,N,N
201,460334,V,V
201,460781,N,N
201,461232,N,N
201,461555,V,V
201,462069,N,N
201,462721,N,N
201,463131,N,N
201,463578,N,N
201,463943,V,V
201,464405,N,N
201,464575,a,S
201,465065,N,N
201,465497,N,N
201,465932,N,N
201,466292,V,V
201,466743,N,N
201,467152,N,N
201,467477,V,V
201,467985,N,N
201,468405,N,N
201,468740,V,V
201,469202,N,N
201,469600,N,N
201,469974,V,V
201,470428,N,N
201,470853,N,N
201,471157,V,V
201,471660,N,N
201,472092,N,N
201,472470,V,V
201,472950,N,N
201,473365,N,N
201,473705,V,V
201,474195,N,N
201,474627,N,N
201,475002,V,V
201,475438,N,N
201,475867,N,N
201,476225,V,V
201,476714,N,N
201,477136,N,N
201,477496,V,V
201,477922,N,N
201,478354,N,N
201,478729,V,V
201,479167,N,N
201,479595,N,N
201,479922,V,V
201,480401,N,N
201,480826,N,N
201,481219,V,V
201,481689,N,N
201,482103,N,N
201,482456,V,V
201,482976,N,N
201,483403,N,N
201,483771,V,V
201,484198,N,N
201,484620,N,N
201,484974,V,V
201,485490,N,N
201,485887,N,N
201,486238,V,V
201,486689,N,N
201,487118,N,N
201,487494,V,V
201,487965,N,N
201,488365,N,N
201,488709,V,V
201,489202,N,N
201,489656,N,N
201,490001,V,V
201,490461,N,N
201,490878,N,N
201,491225,V,V
201,491706,N,N
201,492124,N,N
201,492495,V,V
201,492921,N,N
201,493374,N,N
201,493856,N,N
201,494285,N,N
201,494706,N,N
201,495133,N,N
201,495555,N,N
201,496016,N,N
201,496451,N,N
201,496859,N,N
201,497264,N,N
201,497709,N,N
201,498141,N,N
201,498584,N,N
201,499000,N,N
201,499410,N,N
201,499826,N,N
201,500283,N,N
201,500724,N,N
201,501149,N,N
201,501572,N,N
201,502006,N,N
201,502449,N,N
201,502887,N,N
201,503304,N,N
201,503708,N,N
201,504144,N,N
201,504594,N,N
201,505021,N,N
201,505434,N,N
201,505841,N,N
201,506255,N,N
201,506695,N,N
201,507144,N,N
201,507555,N,N
201,507959,V,V
201,508376,N,N
201,508790,N,N
201,509229,N,N
201,509651,N,N
201,510061,N,N
201,510454,V,V
201,510914,N,N
201,511356,N,N
201,511766,N,N
201,512171,N,N
201,512581,N,N
201,512999,N,N
201,513433,N,N
201,513844,N,N
201,514238,N,N
201,514629,N,N
201,515061,N,N
201,515500,N,N
201,515914,N,N
201,516325,N,N
201,516740,N,N
201,517166,N,N
201,517613,N,N
201,518049,N,N
201,518447,N,N
201,518854,N,N
201,519268,N,N
201,519715,N,N
201,520105,N,N
201,520534,N,N
201,520916,N,N
201,521333,N,N
201,521767,N,N
201,522226,V,V
201,522424,a,S
201,522564,A,S
201,522927,N,N
201,523354,N,N
201,523554,a,S
201,524043,N,N
201,524465,N,N
201,524641,a,S
201,524774,a,S
201,525129,N,N
201,525533,N,N
201,526408,N,N
201,526587,a,S
201,527103,N,N
201,527310,a,S
201,527806,N,N
201,528550,N,N
201,528739,a,S
201,529258,N,N
201,529460,a,S
201,529955,N,N
201,530695,N,N
201,530879,a,S
201,531413,N,N
201,531611,a,S
201,532105,N,N
201,532320,a,S
201,532855,N,N
201,533554,N,N
201,533729,a,S
201,534242,N,N
201,534443,a,S
201,534980,N,N
201,535176,a,S
201,535314,A,S
201,535690,N,N
201,535879,a,S
201,536375,N,N
201,537134,N,N
201,537313,a,S
201,537840,N,N
201,538025,a,S
201,538146,a,S
201,538538,N,N
201,538728,a,S
201,539283,N,N
201,540001,N,N
201,540174,a,S
201,540692,N,N
201,540903,a,S
201,541445,N,N
201,541629,a,S
201,541865,N,N
201,542230,N,N
201,542396,A,S
201,542921,N,N
201,543144,a,S
201,543693,N,N
201,544401,N,N
201,544575,a,S
201,545132,N,N
201,545324,A,S
201,545889,N,N
201,546098,a,S
201,546601,N,N
201,547295,N,N
201,547485,a,S
201,547639,a,S
201,548032,N,N
201,548230,a,S
201,548354,a,S
201,548741,N,N
201,549053,N,N
201,549478,N,N
201,549690,a,S
201,550263,N,N
201,550972,N,N
201,551140,a,S
201,551699,N,N
201,552443,N,N
201,552618,a,S
201,553145,N,N
201,553558,N,N
201,553996,N,N
201,554359,V,V
201,554613,N,N
201,555139,N,N
201,555842,N,N
201,556029,a,S
201,556577,N,N
201,557278,N,N
201,557457,a,S
201,557602,A,S
201,557941,N,N
201,558269,N,N
201,558643,N,N
201,558830,A,S
201,558969,A,S
201,559322,N,N
201,559499,A,S
201,559628,A,S
201,559989,N,N
201,560175,A,S
201,560709,N,N
201,561433,N,N
201,561609,a,S
201,561735,a,S
201,562130,N,N
201,562311,a,S
201,562460,a,S
201,562923,N,N
201,563378,N,N
201,563573,a,S
201,564081,N,N
201,564262,a,S
201,564805,N,N
201,565732,a,S
201,566244,N,N
201,566984,N,N
201,567165,a,S
201,567708,N,N
201,568396,N,N
201,569094,N,N
201,569289,a,S
201,569829,N,N
201,570493,N,N
201,570676,a,S
201,570815,a,S
201,571016,A,S
201,571584,N,N
201,571923,N,N
201,572348,N,N
201,572543,a,S
201,573050,N,N
201,573801,N,N
201,573990,a,S
201,574487,N,N
201,574802,N,N
201,574988,N,N
201,575137,N,N
201,575349,N,N
201,575525,N,N
201,575699,N,N
201,575857,N,N
201,576046,N,N
201,576336,N,N
201,576541,N,N
201,576694,N,N
201,576908,N,N
201,577079,N,N
201,577278,N,N
201,577571,N,N
201,577868,N,N
201,578082,N,N
201,578253,N,N
201,578454,N,N
201,578697,N,N
201,578964,N,N
201,579144,N,N
201,579400,N,N
201,579635,N,N
201,579959,N,N
201,580157,N,N
201,580368,N,N
201,580545,N,N
201,580711,N,N
201,580944,N,N
201,581160,N,N
201,581361,N,N
201,581518,N,N
201,581659,N,N
201,581813,N,N
201,581965,N,N
201,582100,N,N
201,582249,N,N
201,582529,N,N
201,582712,N,N
201,583123,N,N
201,583362,N,N
201,583555,N,N
201,583736,N,N
201,583915,N,N
201,584224,N,N
201,584458,N,N
201,584719,N,N
201,584970,N,N
201,585211,N,N
201,585514,N,N
201,585694,N,N
201,585869,N,N
201,586295,N,N
201,586576,N,N
201,586838,N,N
201,587075,N,N
201,587360,N,N
201,587517,N,N
201,587651,N,N
201,587827,N,N
201,588036,N,N
201,588295,N,N
201,588534,N,N
201,588798,N,N
201,589008,N,N
201,589283,N,N
201,589478,N,N
201,589814,N,N
201,590000,N,N
201,590253,N,N
201,590522,N,N
201,590773,N,N
201,590995,N,N
201,591260,N,N
201,591425,N,N
201,591623,N,N
201,591919,N,N
201,592144,N,N
201,592367,N,N
201,592654,N,N
201,592921,N,N
201,593238,N,N
201,593399,N,N
201,593683,N,N
201,593947,N,N
201,594162,N,N
201,594421,N,N
201,594585,N,N
201,594847,N,N
201,595092,N,N
201,595351,N,N
201,595565,N,N
201,595853,N,N
201,596034,N,N
201,596348,N,N
201,596563,N,N
201,596851,N,N
201,597068,N,N
201,597326,N,N
201,597581,N,N
201,597822,N,N
201,598018,N,N
201,598240,N,N
201,598456,N,N
201,598758,N,N
201,599023,N,N
201,599282,N,N
201,599443,N,N
201,599665,N,N
201,599825,N,N
201,600116,N,N
201,600371,N,N
201,600563,N,N
201,600872,N,N
201,601127,N,N
201,601423,N,N
201,601709,N,N
201,601923,N,N
201,602182,N,N
201,602370,N,N
201,602590,N,N
201,602766,N,N
201,602915,N,N
201,603140,N,N
201,603403,N,N
201,603669,N,N
201,603911,N,N
201,604096,N,N
201,604360,N,N
201,604530,N,N
201,604764,N,N
201,604995,N,N
201,605234,N,N
201,605478,N,N
201,605715,N,N
201,605974,N,N
201,606196,N,N
201,606428,N,N
201,606634,N,N
201,606868,N,N
201,607020,a,S
201,607198,N,N
201,607417,N,N
201,607560,a,S
201,607794,N,N
201,608070,N,N
201,608312,N,N
201,608552,N,N
201,608865,N,N
201,609089,N,N
201,609339,N,N
201,609561,N,N
201,609830,N,N
201,610137,N,N
201,610404,N,N
201,610565,N,N
201,610811,N,N
201,611033,N,N
201,611316,N,N
201,611597,N,N
201,611832,N,N
201,612135,N,N
201,612401,N,N
201,612718,N,N
201,612980,N,N
201,613186,N,N
201,613390,N,N
201,613578,N,N
201,613793,N,N
201,614110,N,N
201,614274,N,N
201,614517,N,N
201,614734,N,N
201,614944,N,N
201,615121,N,N
201,615257,a,S
201,615518,N,N
201,615798,N,N
201,615979,N,N
201,616224,N,N
201,616469,N,N
201,616725,N,N
201,616965,N,N
201,617135,N,N
201,617443,N,N
201,617662,N,N
201,617951,N,N
201,618146,N,N
201,618305,N,N
201,618575,N,N
201,618816,N,N
201,619015,N,N
201,619221,N,N
201,619444,N,N
201,619680,N,N
201,619858,N,N
201,620051,N,N
201,620226,N,N
201,620464,N,N
201,620739,N,N
201,620973,N,N
201,621242,N,N
201,621401,N,N
201,621626,N,N
201,621878,N,N
201,622143,N,N
201,622408,N,N
201,622632,N,N
201,622849,N,N
201,623042,N,N
201,623293,N,N
201,623460,N,N
201,623679,N,N
201,623912,N,N
201,624146,N,N
201,624350,N,N
201,624580,N,N
201,624829,N,N
201,625128,N,N
201,625473,N,N
201,625718,N,N
201,625928,N,N
201,626181,N,N
201,626424,N,N
201,626587,N,N
201,626829,N,N
201,627023,N,N
201,627197,N,N
201,627460,N,N
201,627708,N,N
201,627880,N,N
201,628312,N,N
201,628530,N,N
201,628701,N,N
201,628905,N,N
201,629130,N,N
201,629324,N,N
201,629624,N,N
201,629796,N,N
201,630031,N,N
201,630291,N,N
201,630459,N,N
201,630733,N,N
201,630954,N,N
201,631221,N,N
201,631391,N,N
201,631556,N,N
201,631814,N,N
201,632076,N,N
201,632361,N,N
201,632617,N,N
201,632776,N,N
201,633008,N,N
201,633285,N,N
201,633503,N,N
201,633736,N,N
201,634015,N,N
201,634386,N,N
201,634669,N,N
201,634922,N,N
201,635208,N,N
201,635493,N,N
201,635666,N,N
201,635838,N,N
201,636101,N,N
201,636350,N,N
201,636652,N,N
201,636907,N,N
201,637281,N,N
201,637523,N,N
201,637694,N,N
201,637877,N,N
201,638103,N,N
201,638295,N,N
201,638532,N,N
201,638710,N,N
201,638929,N,N
201,639138,N,N
201,639365,N,N
201,639629,N,N
201,639845,N,N
201,639996,N,N
201,640259,N,N
201,640522,N,N
201,640791,N,N
201,641018,N,N
201,641205,N,N
201,641542,N,N
201,641821,N,N
201,642037,N,N
201,642306,N,N
201,642495,N,N
201,642734,N,N
201,642969,N,N
201,643236,N,N
201,644594,j,N
201,645177,N,N
201,645802,j,N
201,646051,N,N
201,646519,N,N
201,646690,a,S
201,647249,N,N
201,647965,N,N
201,648419,N,N
201,648594,a,S
201,649104,N,N
201,649800,N,N
213,95,N,N
213,253,N,N
213,478,N,N
213,673,N,N
213,873,N,N
213,1076,N,N
213,1272,N,N
213,1466,N,N
213,1655,N,N
213,1849,N,N
213,2047,N,N
213,2236,N,N
213,2433,N,N
213,2632,N,N
213,2832,N,N
213,3021,N,N
213,3219,N,N
213,3408,N,N
213,3603,N,N
213,3806,N,N
213,4007,N,N
213,4200,N,N
213,4401,N,N
213,4592,N,N
213,4785,N,N
213,4976,N,N
213,5172,N,N
213,5374,N,N
213,5571,N,N
213,5771,N,N
213,5963,N,N
213,6156,N,N
213,6347,N,N
213,6543,N,N
213,6742,N,N
213,6941,N,N
213,7134,N,N
213,7333,N,N
213,7522,N,N
213,7715,N,N
213,7914,N,N
213,8107,N,N
213,8302,N,N
213,8497,N,N
213,8699,N,N
213,8898,N,N
213,9095,N,N
213,9284,N,N
213,9481,N,N
213,9681,N,N
213,9882,N,N
213,10074,N,N
213,10273,N,N
213,10462,N,N
213,10656,N,N
213,10850,N,N
213,11042,N,N
213,11236,N,N
213,11433,N,N
213,11636,N,N
213,11827,N,N
213,12021,N,N
213,12214,N,N
213,12409,N,N
213,12606,N,N
213,12808,N,N
213,13005,N,N
213,13203,N,N
213,13391,N,N
213,13585,N,N
213,13781,N,N
213,13978,N,N
213,14173,N,N
213,14369,N,N
213,14568,N,N
213,14763,N,N
213,14957,N,N
213,15146,N,N
213,15339,N,N
213,15536,N,N
213,15736,N,N
213,15929,N,N
213,16127,N,N
213,16320,N,N
213,16512,N,N
213,16706,N,N
213,16905,N,N
213,17095,N,N
213,17296,N,N
213,17499,N,N
213,17695,N,N
213,17886,N,N
213,18080,N,N
213,18272,N,N
213,18471,N,N
213,18671,N,N
213,18866,N,N
213,19061,N,N
213,19253,N,N
213,19446,N,N
213,19636,N,N
213,19834,N,N
213,20026,N,N
213,20222,N,N
213,20418,N,N
213,20615,N,N
213,20809,N,N
213,21004,N,N
213,21192,N,N
213,21387,N,N
213,21591,N,N
213,21990,N,N
213,22184,N,N
213,22374,N,N
213,22571,N,N
213,22728,A,S
213,22953,N,N
213,23154,N,N
213,23350,N,N
213,23554,N,N
213,23744,N,N
213,23936,N,N
213,24127,N,N
213,24328,N,N
213,24526,N,N
213,24725,N,N
213,24920,N,N
213,25116,N,N
213,25305,N,N
213,25498,N,N
213,25696,N,N
213,25894,N,N
213,26092,N,N
213,26288,N,N
213,26486,N,N
213,26680,N,N
213,26881,N,N
213,27069,N,N
213,27262,N,N
213,27461,N,N
213,27662,N,N
213,27855,N,N
213,28050,N,N
213,28241,N,N
213,28435,N,N
213,28629,N,N
213,28825,N,N
213,29020,N,N
213,29216,N,N
213,29417,N,N
213,29617,N,N
213,29813,N,N
213,30006,N,N
213,30206,N,N
213,30406,N,N
213,30610,N,N
213,30801,N,N
213,31003,N,N
213,31194,N,N
213,31389,N,N
213,31586,N,N
213,31782,N,N
213,31977,N,N
213,32177,N,N
213,32378,N,N
213,32569,N,N
213,32764,N,N
213,32960,N,N
213,33153,N,N
213,33348,N,N
213,33549,N,N
213,33748,N,N
213,33945,N,N
213,34135,N,N
213,34334,N,N
213,34530,N,N
213,34727,N,N
213,34927,N,N
213,35123,N,N
213,35323,N,N
213,35522,N,N
213,35720,N,N
213,35912,N,N
213,36105,N,N
213,36304,N,N
213,36506,N,N
213,36697,N,N
213,36899,N,N
213,37087,N,N
213,37283,N,N
213,37477,N,N
213,37676,N,N
213,37871,N,N
213,38069,N,N
213,38267,N,N
213,38466,N,N
213,38661,N,N
213,38856,N,N
213,39049,N,N
213,39249,N,N
213,39447,N,N
213,39643,N,N
213,40036,N,N
213,40230,N,N
213,40421,N,N
213,40621,N,N
213,40811,N,N
213,41006,N,N
213,41206,N,N
213,41402,N,N
213,41595,N,N
213,41790,N,N
213,41981,N,N
213,42178,N,N
213,42380,N,N
213,42777,N,N
213,43165,N,N
213,43560,N,N
213,43751,V,V
213,43953,N,N
213,44355,N,N
213,44747,N,N
213,45135,N,N
213,45333,N,N
213,45530,N,N
213,45921,N,N
213,46306,N,N
213,46701,N,N
213,47101,N,N
213,47489,N,N
213,47876,N,N
213,48270,N,N
213,48666,N,N
213,49052,N,N
213,49444,N,N
213,49831,N,N
213,49998,V,V
213,50232,N,N
213,50618,N,N
213,51010,N,N
213,51409,N,N
213,51604,N,N
213,51800,N,N
213,51994,N,N
213,52189,N,N
213,52384,N,N
213,52574,N,N
213,52776,N,N
213,52973,N,N
213,53362,N,N
213,53750,N,N
213,53940,V,V
213,54141,N,N
213,54341,V,V
213,54535,N,N
213,54720,V,V
213,54923,N,N
213,55310,N,N
213,55505,N,N
213,55701,N,N
213,56098,N,N
213,56484,N,N
213,56870,N,N
213,57268,N,N
213,57445,V,V
213,57659,N,N
213,58040,N,N
213,58426,N,N
213,58822,N,N
213,59212,N,N
213,59602,N,N
213,59995,N,N
213,60165,V,V
213,60396,N,N
213,60594,V,V
213,60784,N,N
213,61176,N,N
213,61569,N,N
213,61767,N,N
213,61966,N,N
213,62158,N,N
213,62355,N,N
213,62548,N,N
213,62742,N,N
213,63142,N,N
213,63318,V,V
213,63537,N,N
213,63727,N,N
213,63921,N,N
213,64310,N,N
213,64706,N,N
213,65101,N,N
213,65487,N,N
213,65884,N,N
213,66279,N,N
213,66479,N,N
213,66666,N,N
213,66860,N,N
213,67050,N,N
213,67438,N,N
213,67635,V,V
213,67833,N,N
213,68030,V,V
213,68230,N,N
213,68614,N,N
213,69020,N,N
213,69411,N,N
213,69804,N,N
213,69999,N,N
213,70194,N,N
213,70388,N,N
213,70590,N,N
213,70985,N,N
213,71178,V,V
213,71371,N,N
213,71534,V,V
213,71764,N,N
213,72160,N,N
213,72555,N,N
213,72942,N,N
213,73335,N,N
213,73737,N,N
213,74131,N,N
213,74526,N,N
213,74923,N,N
213,75322,N,N
213,75703,N,N
213,75896,V,V
213,76100,N,N
213,76488,N,N
213,76687,N,N
213,76884,N,N
213,77075,N,N
213,77274,N,N
213,77661,N,N
213,77867,V,V
213,78064,N,N
213,78456,N,N
213,78845,N,N
213,79238,N,N
213,79632,N,N
213,80023,N,N
213,80410,N,N
213,80802,N,N
213,81394,N,N
213,81585,N,N
213,81781,N,N
213,81981,N,N
213,82382,N,N
213,82779,N,N
213,83170,N,N
213,83559,N,N
213,83957,N,N
213,84350,N,N
213,84734,N,N
213,85123,N,N
213,85524,N,N
213,85722,N,N
213,85914,N,N
213,86113,N,N
213,86306,N,N
213,86503,N,N
213,86707,N,N
213,87101,N,N
213,87301,V,V
213,87442,N,N
213,87884,N,N
213,88078,N,N
213,88275,N,N
213,88468,N,N
213,88668,N,N
213,88859,N,N
213,89051,N,N
213,89437,N,N
213,89838,N,N
213,90032,V,V
213,90231,N,N
213,90423,N,N
213,90620,N,N
213,90822,N,N
213,91010,N,N
213,91210,N,N
213,91410,N,N
213,91615,N,N
213,91806,N,N
213,92201,N,N
213,92591,N,N
213,92983,N,N
213,93152,V,V
213,93381,N,N
213,93571,N,N
213,93768,N,N
213,93964,N,N
213,94167,N,N
213,94362,N,N
213,94561,N,N
213,94753,N,N
213,94952,N,N
213,95145,N,N
213,95340,N,N
213,95537,N,N
213,95734,N,N
213,95929,V,V
213,96127,N,N
213,96314,V,V
213,96508,N,N
213,96688,V,V
213,96900,N,N
213,97286,N,N
213,97491,N,N
213,97681,N,N
213,98068,N,N
213,98264,N,N
213,98463,N,N
213,98663,N,N
213,98858,N,N
213,99059,N,N
213,99250,N,N
213,99646,N,N
213,99823,V,V
213,100036,N,N
213,100236,N,N
213,100436,N,N
213,100637,N,N
213,100833,N,N
213,101024,N,N
213,101218,N,N
213,101418,N,N
213,101618,N,N
213,102009,N,N
213,102185,V,V
213,102398,N,N
213,102596,N,N
213,102791,N,N
213,102993,N,N
213,103189,N,N
213,103392,N,N
213,103587,N,N
213,103789,N,N
213,103977,N,N
213,104173,N,N
213,104373,N,N
213,104583,N,N
213,104776,N,N
213,104974,N,N
213,105166,N,N
213,105365,N,N
213,105558,N,N
213,105950,N,N
213,106131,V,V
213,106350,N,N
213,106527,V,V
213,106741,N,N
213,107133,N,N
213,107329,N,N
213,107533,N,N
213,107730,N,N
213,107929,N,N
213,108317,N,N
213,108512,V,V
213,108707,N,N
213,108908,V,V
213,109103,N,N
213,109303,N,N
213,109499,N,N
213,109696,N,N
213,109885,N,N
213,110076,N,N
213,110278,N,N
213,110480,N,N
213,110672,N,N
213,110873,N,N
213,111062,N,N
213,111258,N,N
213,111451,N,N
213,111630,V,V
213,111846,N,N
213,112028,V,V
213,112251,N,N
213,112449,N,N
213,112646,N,N
213,112845,N,N
213,113037,N,N
213,113234,N,N
213,113437,N,N
213,113631,N,N
213,113827,N,N
213,114019,N,N
213,114211,N,N
213,114401,N,N
213,114596,N,N
213,114796,V,V
213,114993,N,N
213,115191,V,V
213,115390,N,N
213,115590,V,V
213,115782,N,N
213,115973,N,N
213,116175,N,N
213,116377,N,N
213,116575,N,N
213,116774,N,N
213,116967,N,N
213,117352,N,N
213,117520,V,V
213,117746,N,N
213,117945,V,V
213,118148,N,N
213,118344,N,N
213,118536,N,N
213,118730,N,N
213,118924,N,N
213,119120,N,N
213,119320,N,N
213,119515,N,N
213,119717,N,N
213,119908,N,N
213,120102,N,N
213,120498,N,N
213,120663,V,V
213,120897,N,N
213,121097,N,N
213,121299,N,N
213,121493,N,N
213,121687,N,N
213,121883,N,N
213,122083,N,N
213,122282,N,N
213,122480,N,N
213,122682,N,N
213,122872,N,N
213,123066,N,N
213,123216,A,S
213,123455,N,N
213,123649,N,N
213,123849,N,N
213,124053,N,N
213,124250,N,N
213,124444,N,N
213,124641,N,N
213,124834,N,N
213,124998,A,S
213,125237,N,N
213,125439,N,N
213,125635,N,N
213,125829,N,N
213,126024,N,N
213,126223,N,N
213,126420,N,N
213,126615,N,N
213,126817,N,N
213,127019,N,N
213,127213,N,N
213,127405,N,N
213,127603,N,N
213,127794,N,N
213,127991,N,N
213,128197,N,N
213,128396,N,N
213,128593,N,N
213,128784,N,N
213,128981,N,N
213,129181,N,N
213,129378,N,N
213,129520,A,S
213,129764,N,N
213,129971,N,N
213,130166,N,N
213,130361,N,N
213,130557,N,N
213,130748,N,N
213,130948,N,N
213,131153,N,N
213,131350,N,N
213,131544,N,N
213,131734,N,N
213,131932,N,N
213,132123,N,N
213,132321,N,N
213,132518,N,N
213,132715,N,N
213,132916,N,N
213,133114,N,N
213,133307,N,N
213,133503,N,N
213,133697,N,N
213,133902,N,N
213,134101,N,N
213,134296,N,N
213,134453,A,S
213,134688,N,N
213,134888,N,N
213,135082,N,N
213,135282,N,N
213,135475,N,N
213,135625,A,S
213,135868,N,N
213,136065,N,N
213,136260,N,N
213,136453,N,N
213,136648,N,N
213,136851,N,N
213,137050,N,N
213,137246,N,N
213,137443,N,N
213,137636,N,N
213,137831,N,N
213,138023,N,N
213,138224,N,N
213,138418,N,N
213,138616,N,N
213,138821,N,N
213,139016,N,N
213,139210,N,N
213,139403,N,N
213,139599,N,N
213,139804,N,N
213,140004,N,N
213,140198,N,N
213,140400,N,N
213,140591,N,N
213,140786,N,N
213,140981,N,N
213,141181,N,N
213,141374,N,N
213,141574,N,N
213,141776,N,N
213,141970,N,N
213,142168,N,N
213,142368,N,N
213,142561,N,N
213,142759,N,N
213,142923,A,S
213,143162,N,N
213,143362,N,N
213,143557,N,N
213,143752,N,N
213,143949,N,N
213,144146,N,N
213,144343,N,N
213,144539,N,N
213,144737,N,N
213,144936,N,N
213,145133,N,N
213,145322,N,N
213,145516,N,N
213,145714,N,N
213,145923,N,N
213,146116,N,N
213,146314,N,N
213,146502,N,N
213,146710,N,N
213,146903,N,N
213,147100,N,N
213,147299,N,N
213,147501,N,N
213,147697,N,N
213,147892,N,N
213,148087,N,N
213,148288,N,N
213,148479,N,N
213,148676,N,N
213,148880,N,N
213,149076,N,N
213,149280,N,N
213,149467,N,N
213,149659,N,N
213,149856,N,N
213,150053,N,N
213,150246,N,N
213,150442,N,N
213,150645,N,N
213,150839,N,N
213,151035,N,N
213,151232,N,N
213,151429,N,N
213,151627,N,N
213,151830,N,N
213,152030,N,N
213,152227,N,N
213,152417,N,N
213,152615,N,N
213,152813,N,N
213,153007,N,N
213,153199,N,N
213,153399,N,N
213,153599,N,N
213,153793,N,N
213,153987,N,N
213,154187,N,N
213,154379,N,N
213,154575,N,N
213,154779,N,N
213,154980,N,N
213,155175,N,N
213,155369,N,N
213,155569,N,N
213,155761,N,N
213,156155,N,N
213,156357,N,N
213,156556,N,N
213,156753,N,N
213,156951,N,N
213,157147,N,N
213,157334,N,N
213,157530,N,N
213,157732,N,N
213,157933,N,N
213,158126,N,N
213,158289,A,S
213,158511,N,N
213,158710,N,N
213,158907,N,N
213,159096,N,N
213,159294,N,N
213,159494,N,N
213,159674,V,V
213,159891,N,N
213,160086,N,N
213,160282,N,N
213,160479,N,N
213,160678,N,N
213,160877,N,N
213,161075,N,N
213,161268,N,N
213,161459,N,N
213,161653,N,N
213,161850,N,N
213,162239,N,N
213,162438,V,V
213,162636,N,N
213,162827,V,V
213,163026,N,N
213,163414,N,N
213,163818,N,N
213,164212,N,N
213,164607,N,N
213,164996,N,N
213,165201,V,V
213,165397,N,N
213,165595,V,V
213,165796,N,N
213,166180,N,N
213,166586,N,N
213,166981,N,N
213,167169,V,V
213,167372,N,N
213,167547,V,V
213,167763,N,N
213,167961,V,V
213,168160,N,N
213,168563,N,N
213,168951,N,N
213,169143,V,V
213,169338,N,N
213,169547,N,N
213,169749,N,N
213,169946,V,V
213,170139,N,N
213,170527,N,N
213,170712,V,V
213,170924,N,N
213,171123,V,V
213,171322,N,N
213,171520,V,V
213,171721,N,N
213,172103,N,N
213,172515,N,N
213,172912,N,N
213,173305,N,N
213,173495,V,V
213,173700,N,N
213,173896,V,V
213,174095,N,N
213,174268,V,V
213,174497,N,N
213,174691,N,N
213,174883,N,N
213,175079,N,N
213,175284,N,N
213,175683,N,N
213,176074,N,N
213,176464,N,N
213,176651,V,V
213,176863,N,N
213,177029,V,V
213,177268,N,N
213,177450,V,V
213,177666,N,N
213,178052,N,N
213,178458,N,N
213,178849,N,N
213,179235,N,N
213,179625,N,N
213,179820,V,V
213,180019,N,N
213,180193,V,V
213,180416,N,N
213,180808,N,N
213,181004,N,N
213,181204,N,N
213,181407,N,N
213,181602,N,N
213,181807,N,N
213,181997,N,N
213,182189,V,V
213,182386,N,N
213,182568,V,V
213,182784,N,N
213,182982,N,N
213,183182,N,N
213,183374,N,N
213,183569,N,N
213,183760,N,N
213,183958,N,N
213,184153,N,N
213,184356,N,N
213,184536,A,S
213,184750,N,N
213,184918,V,V
213,185139,N,N
213,185336,N,N
213,185530,N,N
213,185926,N,N
213,186326,N,N
213,186519,V,V
213,186716,N,N
213,187108,N,N
213,187506,N,N
213,187894,N,N
213,188090,V,V
213,188282,N,N
213,188475,V,V
213,188676,N,N
213,189072,N,N
213,189460,N,N
213,189852,N,N
213,190258,N,N
213,190663,N,N
213,191047,N,N
213,191442,N,N
213,191828,N,N
213,192029,V,V
213,192228,N,N
213,192612,N,N
213,192807,V,V
213,193010,N,N
213,193403,N,N
213,193794,N,N
213,194184,N,N
213,194578,N,N
213,194777,V,V
213,194983,N,N
213,195377,N,N
213,195772,N,N
213,195972,N,N
213,196171,N,N
213,196367,N,N
213,196566,N,N
213,196761,N,N
213,196955,N,N
213,197350,N,N
213,197740,N,N
213,197911,V,V
213,198143,N,N
213,198534,N,N
213,198732,N,N
213,198930,N,N
213,199134,N,N
213,199302,A,S
213,199532,N,N
213,199724,N,N
213,199920,N,N
213,200118,N,N
213,200504,N,N
213,200689,V,V
213,200908,N,N
213,201102,N,N
213,201294,N,N
213,201492,N,N
213,201688,N,N
213,201883,N,N
213,202085,N,N
213,202282,N,N
213,202483,N,N
213,202675,N,N
213,202869,N,N
213,203070,N,N
213,203272,N,N
213,203466,N,N
213,203665,N,N
213,203836,V,V
213,204064,N,N
213,204238,V,V
213,204457,N,N
213,204658,N,N
213,204857,N,N
213,205058,N,N
213,205251,N,N
213,205455,N,N
213,205644,N,N
213,205838,N,N
213,206003,V,V
213,206233,N,N
213,206426,N,N
213,206625,N,N
213,206829,V,V
213,207028,N,N
213,207416,N,N
213,207814,N,N
213,208214,N,N
213,208605,N,N
213,208997,N,N
213,209389,N,N
213,209789,N,N
213,210178,N,N
213,210568,N,N
213,210767,N,N
213,210969,N,N
213,211371,N,N
213,211758,N,N
213,212153,N,N
213,212526,N,N
213,212950,N,N
213,213151,N,N
213,213340,N,N
213,213736,N,N
213,214132,N,N
213,214520,N,N
213,214917,N,N
213,215310,N,N
213,215718,N,N
213,216110,N,N
213,216506,N,N
213,216904,N,N
213,217307,N,N
213,217501,N,N
213,217690,N,N
213,217887,N,N
213,218082,N,N
213,218286,N,N
213,218484,N,N
213,218686,N,N
213,219084,N,N
213,219273,N,N
213,219471,V,V
213,219677,N,N
213,219878,V,V
213,220071,N,N
213,220256,V,V
213,220471,N,N
213,220869,N,N
213,221057,N,N
213,221259,N,N
213,221461,N,N
213,221658,N,N
213,221850,N,N
213,222049,N,N
213,222239,N,N
213,222436,N,N
213,222638,V,V
213,222839,N,N
213,223033,N,N
213,223231,N,N
213,223429,N,N
213,223620,N,N
213,223818,N,N
213,224011,N,N
213,224219,N,N
213,224414,N,N
213,224810,N,N
213,224994,V,V
213,225208,N,N
213,225384,V,V
213,225608,N,N
213,225777,V,V
213,226015,N,N
213,226208,N,N
213,226400,N,N
213,226594,N,N
213,226800,N,N
213,226987,N,N
213,227186,N,N
213,227385,N,N
213,227592,N,N
213,227976,N,N
213,228154,V,V
213,228374,N,N
213,228581,V,V
213,228780,N,N
213,229136,A,S
213,229372,N,N
213,229566,N,N
213,229769,N,N
213,229965,N,N
213,230165,N,N
213,230365,N,N
213,230568,N,N
213,230761,N,N
213,230956,V,V
213,231152,N,N
213,231558,N,N
213,231757,N,N
213,231908,A,S
213,232143,N,N
213,232343,N,N
213,232536,N,N
213,232742,N,N
213,232938,N,N
213,233136,N,N
213,233339,N,N
213,233542,N,N
213,233709,A,S
213,233930,N,N
213,234130,N,N
213,234331,N,N
213,234534,N,N
213,234732,N,N
213,234933,N,N
213,235123,N,N
213,235321,N,N
213,235515,N,N
213,235718,N,N
213,235912,N,N
213,236110,N,N
213,236315,N,N
213,236515,N,N
213,236712,N,N
213,236906,N,N
213,237108,N,N
213,237309,N,N
213,237510,N,N
213,237708,N,N
213,237908,N,N
213,238103,N,N
213,238307,N,N
213,238505,N,N
213,238703,N,N
213,238899,N,N
213,239107,N,N
213,239309,N,N
213,239505,N,N
213,239702,N,N
213,239899,N,N
213,240095,N,N
213,240294,N,N
213,240499,N,N
213,240698,N,N
213,240895,N,N
213,241086,N,N
213,241283,N,N
213,241486,N,N
213,241683,N,N
213,241881,N,N
213,242082,N,N
213,242289,N,N
213,242485,N,N
213,242682,N,N
213,242876,N,N
213,243079,N,N
213,243280,N,N
213,243482,N,N
213,243678,N,N
213,243881,N,N
213,244071,N,N
213,244266,N,N
213,244469,N,N
213,244664,N,N
213,244864,N,N
213,245064,N,N
213,245270,N,N
213,245463,N,N
213,245660,N,N
213,245857,N,N
213,246055,N,N
213,246256,N,N
213,246462,N,N
213,246662,N,N
213,246860,N,N
213,247052,N,N
213,247252,N,N
213,247452,N,N
213,247645,N,N
213,247850,N,N
213,248047,N,N
213,248249,N,N
213,248442,N,N
213,248643,N,N
213,248834,N,N
213,249031,N,N
213,249239,N,N
213,249440,N,N
213,249637,N,N
213,249837,N,N
213,250033,N,N
213,250226,N,N
213,250426,N,N
213,250622,N,N
213,250832,N,N
213,251030,N,N
213,251229,N,N
213,251427,N,N
213,251630,N,N
213,251822,N,N
213,252020,N,N
213,252228,N,N
213,252430,N,N
213,252626,N,N
213,252818,N,N
213,253017,N,N
213,253210,N,N
213,253410,N,N
213,253606,N,N
213,253805,N,N
213,254003,N,N
213,254203,N,N
213,254401,N,N
213,254595,N,N
213,254791,N,N
213,254998,N,N
213,255203,N,N
213,255401,N,N
213,255602,N,N
213,255797,N,N
213,255994,N,N
213,256188,N,N
213,256389,N,N
213,256584,N,N
213,256784,N,N
213,256990,N,N
213,257183,N,N
213,257380,N,N
213,257577,N,N
213,257774,N,N
213,257971,N,N
213,258175,N,N
213,258378,N,N
213,258576,N,N
213,258768,N,N
213,258970,N,N
213,259166,N,N
213,259365,N,N
213,259567,N,N
213,259766,N,N
213,259975,N,N
213,260174,N,N
213,260373,N,N
213,260569,N,N
213,260765,N,N
213,260966,N,N
213,261174,N,N
213,261366,N,N
213,261564,N,N
213,261760,N,N
213,261953,N,N
213,262153,N,N
213,262349,N,N
213,262539,N,N
213,262749,N,N
213,262958,N,N
213,263156,N,N
213,263353,N,N
213,263552,N,N
213,263751,N,N
213,263953,N,N
213,264160,N,N
213,264356,N,N
213,264555,N,N
213,264750,N,N
213,264945,N,N
213,265148,N,N
213,265343,N,N
213,265549,N,N
213,265743,N,N
213,265947,N,N
213,266141,N,N
213,266337,N,N
213,266531,N,N
213,266729,N,N
213,266940,N,N
213,267140,N,N
213,267337,N,N
213,267537,N,N
213,267741,N,N
213,267939,N,N
213,268140,N,N
213,268338,N,N
213,268537,N,N
213,268739,N,N
213,268943,N,N
213,269138,N,N
213,269333,N,N
213,269529,N,N
213,269730,N,N
213,269932,N,N
213,270132,N,N
213,270335,N,N
213,270527,N,N
213,270725,N,N
213,270922,N,N
213,271119,N,N
213,271315,N,N
213,271520,N,N
213,271725,N,N
213,271921,N,N
213,272121,N,N
213,272319,N,N
213,272513,N,N
213,272718,N,N
213,272925,N,N
213,273123,N,N
213,273325,N,N
213,273519,N,N
213,273717,N,N
213,273911,N,N
213,274112,N,N
213,274310,N,N
213,274506,N,N
213,274710,N,N
213,275108,N,N
213,275498,N,N
213,275705,V,V
213,275910,N,N
213,276105,V,V
213,276311,N,N
213,276704,N,N
213,277102,N,N
213,277509,N,N
213,277905,N,N
213,278108,V,V
213,278300,N,N
213,278497,V,V
213,278700,N,N
213,278903,V,V
213,279099,N,N
213,279271,V,V
213,279498,N,N
213,279893,N,N
213,280294,N,N
213,280698,N,N
213,281100,N,N
213,281491,N,N
213,281903,N,N
213,282294,N,N
213,282458,V,V
213,282688,N,N
213,282886,V,V
213,283078,N,N
213,283285,V,V
213,283482,N,N
213,283875,N,N
213,284078,N,N
213,284271,N,N
213,284469,N,N
213,284673,N,N
213,284877,N,N
213,285079,N,N
213,285469,N,N
213,285669,V,V
213,285875,N,N
213,286069,V,V
213,286269,N,N
213,286436,V,V
213,286675,N,N
213,286868,V,V
213,287065,N,N
213,287261,V,V
213,287462,N,N
213,287664,N,N
213,287859,N,N
213,288061,N,N
213,288256,N,N
213,288451,N,N
213,288645,N,N
213,288847,N,N
213,289037,N,N
213,289442,N,N
213,289627,V,V
213,289843,N,N
213,290039,N,N
213,290237,N,N
213,290434,N,N
213,290636,N,N
213,290835,N,N
213,291041,N,N
213,291425,N,N
213,291587,V,V
213,291817,N,N
213,292012,N,N
213,292211,N,N
213,292418,V,V
213,292611,N,N
213,292807,V,V
213,293005,N,N
213,293399,N,N
213,293806,N,N
213,294196,N,N
213,294592,N,N
213,294982,N,N
213,295181,V,V
213,295385,N,N
213,295565,V,V
213,295788,N,N
213,296176,N,N
213,296584,N,N
213,296778,N,N
213,296976,N,N
213,297173,N,N
213,297375,N,N
213,297766,N,N
213,297969,V,V
213,298176,N,N
213,298379,V,V
213,298575,N,N
213,298971,N,N
213,299375,N,N
213,299775,N,N
213,300170,N,N
213,300568,N,N
213,300766,V,V
213,300965,N,N
213,301374,N,N
213,301769,N,N
213,301962,N,N
213,302168,N,N
213,302379,N,N
213,302579,N,N
213,302775,N,N
213,302973,N,N
213,303174,N,N
213,303368,N,N
213,303766,N,N
213,303973,N,N
213,304173,N,N
213,304570,N,N
213,304770,N,N
213,304966,N,N
213,305166,N,N
213,305376,N,N
213,305527,A,S
213,305769,N,N
213,305961,V,V
213,306166,N,N
213,306369,N,N
213,306565,N,N
213,306767,N,N
213,306968,N,N
213,307178,N,N
213,307374,N,N
213,307572,N,N
213,307770,N,N
213,308171,N,N
213,308376,V,V
213,308577,N,N
213,308761,V,V
213,308970,N,N
213,309166,V,V
213,309374,N,N
213,309568,N,N
213,309774,N,N
213,309970,N,N
213,310177,N,N
213,310376,N,N
213,310573,N,N
213,310766,N,N
213,310967,N,N
213,311385,N,N
213,311583,V,V
213,311784,N,N
213,311985,V,V
213,312178,N,N
213,312379,N,N
213,312578,N,N
213,312780,N,N
213,312978,N,N
213,313179,N,N
213,313376,N,N
213,313572,N,N
213,313763,N,N
213,313967,N,N
213,314175,N,N
213,314574,N,N
213,314764,N,N
213,314963,N,N
213,315140,V,V
213,315363,N,N
213,315566,N,N
213,315772,N,N
213,315973,N,N
213,316172,N,N
213,316376,V,V
213,316574,N,N
213,316768,N,N
213,316970,N,N
213,317175,N,N
213,317371,N,N
213,317571,N,N
213,317764,N,N
213,317966,N,N
213,318169,N,N
213,318310,A,S
213,318438,V,V
213,318751,N,N
213,318965,N,N
213,319159,N,N
213,319359,N,N
213,319756,N,N
213,320163,N,N
213,320358,N,N
213,320556,N,N
213,320748,N,N
213,320950,N,N
213,321146,N,N
213,321340,N,N
213,321542,N,N
213,321735,N,N
213,322132,N,N
213,322328,V,V
213,322505,V,V
213,322928,N,N
213,323132,N,N
213,323326,N,N
213,323526,N,N
213,323724,N,N
213,323921,N,N
213,324120,N,N
213,324519,N,N
213,324700,V,V
213,324921,N,N
213,325122,N,N
213,325318,N,N
213,325512,N,N
213,325714,N,N
213,325914,N,N
213,326115,N,N
213,326309,N,N
213,326516,N,N
213,326707,N,N
213,327105,V,V
213,327303,N,N
213,327703,N,N
213,327915,N,N
213,328109,N,N
213,328309,N,N
213,328509,N,N
213,328707,N,N
213,328912,N,N
213,329120,N,N
213,329319,N,N
213,329516,V,V
213,329715,N,N
213,330118,N,N
213,330518,N,N
213,330717,N,N
213,330923,N,N
213,331118,N,N
213,331316,N,N
213,331514,N,N
213,331718,N,N
213,331880,A,S
213,332120,N,N
213,332308,V,V
213,332524,N,N
213,332726,N,N
213,332867,A,S
213,333110,N,N
213,333316,N,N
213,333523,N,N
213,333725,N,N
213,333923,N,N
213,334129,N,N
213,334321,N,N
213,334517,N,N
213,334723,N,N
213,334926,N,N
213,335127,N,N
213,335331,N,N
213,335519,N,N
213,335719,N,N
213,335924,N,N
213,336122,N,N
213,336321,N,N
213,336521,N,N
213,336735,N,N
213,336931,N,N
213,337131,N,N
213,337327,N,N
213,337532,N,N
213,337736,N,N
213,337941,N,N
213,338138,N,N
213,338335,N,N
213,338534,N,N
213,338733,N,N
213,338937,N,N
213,339127,N,N
213,339331,N,N
213,339538,N,N
213,339736,N,N
213,339895,A,S
213,340133,N,N
213,340333,N,N
213,340532,N,N
213,340739,N,N
213,340945,N,N
213,341146,N,N
213,341343,N,N
213,341548,N,N
213,341743,N,N
213,341946,N,N
213,342147,N,N
213,342346,N,N
213,342551,N,N
213,342755,N,N
213,342952,N,N
213,343145,N,N
213,343345,N,N
213,343547,N,N
213,343753,N,N
213,343951,N,N
213,344153,N,N
213,344343,N,N
213,344539,N,N
213,344744,N,N
213,344938,N,N
213,345138,N,N
213,345343,N,N
213,345551,N,N
213,345747,N,N
213,345949,N,N
213,346146,N,N
213,346344,N,N
213,346548,N,N
213,346755,N,N
213,346954,N,N
213,347154,N,N
213,347348,N,N
213,347546,N,N
213,347746,N,N
213,347940,N,N
213,348145,N,N
213,348349,N,N
213,348548,N,N
213,348741,N,N
213,348938,N,N
213,349132,N,N
213,349327,N,N
213,349536,N,N
213,349745,N,N
213,349944,N,N
213,350140,N,N
213,350337,N,N
213,350535,N,N
213,350737,N,N
213,350938,N,N
213,351141,N,N
213,351341,N,N
213,351541,N,N
213,351737,N,N
213,351932,N,N
213,352123,N,N
213,352318,N,N
213,352525,N,N
213,352722,N,N
213,352920,N,N
213,353112,N,N
213,353313,N,N
213,353505,N,N
213,353702,N,N
213,353898,N,N
213,354102,N,N
213,354305,N,N
213,354501,N,N
213,354703,N,N
213,354899,N,N
213,355092,N,N
213,355293,N,N
213,355498,N,N
213,355695,N,N
213,355894,N,N
213,356086,N,N
213,356281,N,N
213,356474,N,N
213,356673,N,N
213,356869,N,N
213,357070,N,N
213,357275,N,N
213,357473,N,N
213,357674,N,N
213,357864,N,N
213,358059,N,N
213,358264,N,N
213,358474,N,N
213,358668,N,N
213,358871,N,N
213,359063,N,N
213,359259,N,N
213,359451,N,N
213,359644,N,N
213,359843,N,N
213,360042,N,N
213,360243,N,N
213,360395,A,S
213,360629,N,N
213,360820,N,N
213,361012,N,N
213,361208,N,N
213,361414,N,N
213,361613,N,N
213,361810,N,N
213,362000,N,N
213,362192,N,N
213,362388,N,N
213,362589,N,N
213,362783,N,N
213,362981,N,N
213,363186,N,N
213,363389,N,N
213,363586,N,N
213,363780,N,N
213,363980,N,N
213,364184,N,N
213,364390,N,N
213,364587,N,N
213,364790,N,N
213,364985,N,N
213,365181,N,N
213,365379,N,N
213,365581,N,N
213,365780,N,N
213,365983,N,N
213,366189,N,N
213,366392,N,N
213,366591,N,N
213,366787,N,N
213,366992,N,N
213,367203,N,N
213,367408,N,N
213,367606,N,N
213,367813,N,N
213,368010,N,N
213,368207,N,N
213,368410,N,N
213,368615,N,N
213,368820,N,N
213,369017,N,N
213,369224,N,N
213,369424,N,N
213,369622,N,N
213,369817,N,N
213,370020,N,N
213,370232,N,N
213,370433,N,N
213,370633,N,N
213,370835,N,N
213,371034,N,N
213,371234,N,N
213,371439,N,N
213,371642,N,N
213,371844,N,N
213,372051,N,N
213,372258,N,N
213,372458,N,N
213,372653,N,N
213,372854,N,N
213,373065,N,N
213,373271,N,N
213,373468,N,N
213,373678,N,N
213,373871,N,N
213,374069,N,N
213,374272,N,N
213,374474,N,N
213,374676,N,N
213,374878,N,N
213,375285,N,N
213,375684,N,N
213,376101,N,N
213,376292,V,V
213,376507,N,N
213,376690,V,V
213,376909,N,N
213,377087,V,V
213,377312,N,N
213,377477,V,V
213,377717,N,N
213,378116,N,N
213,378515,N,N
213,378912,N,N
213,379318,V,V
213,379489,V,V
213,379676,V,V
213,379901,V,V
213,380127,N,N
213,380526,N,N
213,380734,N,N
213,380934,N,N
213,381330,N,N
213,381497,V,V
213,381732,N,N
213,381930,V,V
213,382133,N,N
213,382313,V,V
213,382485,N,N
213,382913,N,N
213,383314,N,N
213,383719,N,N
213,383923,V,V
213,384129,N,N
213,384522,N,N
213,384697,V,V
213,384933,N,N
213,385339,N,N
213,385731,N,N
213,385932,V,V
213,386134,N,N
213,386325,V,V
213,386527,N,N
213,386736,V,V
213,386932,N,N
213,387129,V,V
213,387327,N,N
213,387528,V,V
213,387729,N,N
213,387935,V,V
213,388137,N,N
213,388531,N,N
213,388734,V,V
213,388876,A,S
213,389008,V,V
213,389326,N,N
213,389536,N,N
213,389941,N,N
213,390139,V,V
213,390337,N,N
213,390538,N,N
213,390735,N,N
213,390940,N,N
213,391142,N,N
213,391345,N,N
213,391533,N,N
213,391733,N,N
213,391939,N,N
213,392137,N,N
213,392337,N,N
213,392748,N,N
213,392927,V,V
213,393142,N,N
213,393347,N,N
213,393546,N,N
213,393751,N,N
213,393958,N,N
213,394160,N,N
213,394355,N,N
213,394555,N,N
213,394755,N,N
213,394953,N,N
213,395149,N,N
213,395556,N,N
213,395757,N,N
213,395959,N,N
213,396158,V,V
213,396354,N,N
213,396539,V,V
213,396770,N,N
213,397175,N,N
213,397573,N,N
213,397973,N,N
213,398175,N,N
213,398372,N,N
213,398579,N,N
213,398778,N,N
213,398977,N,N
213,399170,N,N
213,399577,N,N
213,399973,N,N
213,400178,N,N
213,400376,N,N
213,400573,N,N
213,400773,N,N
213,400972,N,N
213,401174,N,N
213,401375,N,N
213,401586,N,N
213,401785,N,N
213,401986,N,N
213,402388,N,N
213,402572,V,V
213,402795,N,N
213,402968,V,V
213,403196,N,N
213,403592,N,N
213,403794,N,N
213,403989,N,N
213,404195,N,N
213,404400,N,N
213,404600,N,N
213,404800,N,N
213,405002,N,N
213,405195,N,N
213,405364,V,V
213,405606,N,N
213,405807,N,N
213,406008,N,N
213,406211,V,V
213,406408,N,N
213,406809,N,N
213,407217,N,N
213,407619,N,N
213,408016,N,N
213,408421,N,N
213,408821,N,N
213,409030,V,V
213,409222,N,N
213,409627,N,N
213,409822,N,N
213,410026,N,N
213,410228,N,N
213,410439,N,N
213,410639,N,N
213,410837,N,N
213,411034,N,N
213,411239,N,N
213,411447,N,N
213,411650,N,N
213,412052,N,N
213,412229,V,V
213,412451,N,N
213,412656,N,N
213,412852,N,N
213,413058,N,N
213,413258,N,N
213,413461,N,N
213,413665,N,N
213,413860,N,N
213,414055,N,N
213,414262,N,N
213,414474,N,N
213,414670,V,V
213,414874,N,N
213,415077,N,N
213,415278,N,N
213,415474,N,N
213,415673,N,N
213,415883,N,N
213,416082,N,N
213,416294,N,N
213,416490,N,N
213,416689,N,N
213,416886,N,N
213,417089,N,N
213,417294,N,N
213,417482,V,V
213,417700,N,N
213,417904,N,N
213,418095,N,N
213,418501,N,N
213,418651,V,V
213,418898,N,N
213,419309,N,N
213,419707,N,N
213,420106,N,N
213,420517,N,N
213,420719,N,N
213,420910,N,N
213,421111,N,N
213,421310,N,N
213,421705,N,N
213,422115,N,N
213,422516,N,N
213,422711,N,N
213,422906,N,N
213,423112,N,N
213,423322,N,N
213,423520,N,N
213,423724,N,N
213,424119,N,N
213,424305,V,V
213,424524,N,N
213,424929,N,N
213,425329,N,N
213,425715,N,N
213,426133,N,N
213,426327,V,V
213,426543,N,N
213,426738,N,N
213,426934,N,N
213,427133,N,N
213,427343,N,N
213,427536,N,N
213,427739,N,N
213,427949,N,N
213,428154,N,N
213,428549,N,N
213,428716,V,V
213,428958,N,N
213,429164,N,N
213,429367,N,N
213,429571,N,N
213,429762,N,N
213,429961,N,N
213,430163,N,N
213,430364,N,N
213,430565,N,N
213,430768,N,N
213,430977,N,N
213,431374,N,N
213,431572,N,N
213,431781,N,N
213,431985,N,N
213,432193,N,N
213,432397,N,N
213,432605,N,N
213,432799,N,N
213,432994,N,N
213,433204,N,N
213,433399,N,N
213,433602,N,N
213,433805,N,N
213,434015,N,N
213,434210,N,N
213,434408,N,N
213,434607,N,N
213,434813,N,N
213,435019,N,N
213,435223,N,N
213,435430,N,N
213,435625,N,N
213,435824,N,N
213,436026,N,N
213,436227,N,N
213,436427,N,N
213,436633,N,N
213,436847,N,N
213,437043,N,N
213,437240,N,N
213,437443,N,N
213,437648,N,N
213,437851,N,N
213,438059,N,N
213,438261,N,N
213,438463,N,N
213,438654,N,N
213,438856,N,N
213,439061,N,N
213,439256,N,N
213,439463,N,N
213,439666,N,N
213,439869,N,N
213,440067,N,N
213,440269,N,N
213,440473,N,N
213,440675,N,N
213,440884,N,N
213,441090,N,N
213,441301,N,N
213,441494,N,N
213,441697,N,N
213,441902,N,N
213,442106,N,N
213,442302,N,N
213,442506,N,N
213,442718,N,N
213,442914,N,N
213,443112,N,N
213,443313,N,N
213,443518,N,N
213,443721,N,N
213,443927,N,N
213,444131,N,N
213,444338,N,N
213,444533,N,N
213,444734,N,N
213,444941,N,N
213,445144,N,N
213,445349,N,N
213,445555,N,N
213,445765,N,N
213,445961,N,N
213,446167,N,N
213,446367,N,N
213,446573,N,N
213,446774,N,N
213,446979,N,N
213,447185,N,N
213,447387,N,N
213,447580,N,N
213,447777,N,N
213,447989,N,N
213,448188,N,N
213,448390,N,N
213,448596,N,N
213,448805,N,N
213,449007,N,N
213,449203,N,N
213,449405,N,N
213,449617,N,N
213,449831,N,N
213,450029,N,N
213,450231,N,N
213,450431,N,N
213,450636,N,N
213,450836,N,N
213,451033,N,N
213,451240,N,N
213,451450,N,N
213,451651,N,N
213,451848,N,N
213,452055,N,N
213,452259,N,N
213,452461,N,N
213,452663,N,N
213,452871,N,N
213,453079,N,N
213,453279,N,N
213,453479,N,N
213,453689,N,N
213,453892,N,N
213,454089,N,N
213,454297,N,N
213,454510,N,N
213,454717,N,N
213,454916,N,N
213,455112,N,N
213,455318,N,N
213,455527,N,N
213,455735,N,N
213,455932,N,N
213,456137,N,N
213,456341,N,N
213,456543,N,N
213,456744,N,N
213,456944,N,N
213,457156,N,N
213,457359,N,N
213,457565,N,N
213,457761,N,N
213,457972,N,N
213,458175,N,N
213,458377,N,N
213,458591,N,N
213,458797,N,N
213,458997,N,N
213,459195,N,N
213,459394,N,N
213,459602,N,N
213,459807,N,N
213,460005,N,N
213,460206,N,N
213,460418,N,N
213,460622,N,N
213,460824,N,N
213,461021,N,N
213,461228,N,N
213,461437,N,N
213,461643,N,N
213,461843,N,N
213,462055,N,N
213,462257,N,N
213,462457,N,N
213,462661,N,N
213,462867,N,N
213,463073,N,N
213,463276,N,N
213,463487,N,N
213,463690,N,N
213,463890,N,N
213,464087,N,N
213,464299,N,N
213,464510,N,N
213,464705,N,N
213,464912,N,N
213,465115,N,N
213,465318,N,N
213,465516,N,N
213,465719,N,N
213,465929,N,N
213,466131,N,N
213,466338,N,N
213,466538,N,N
213,466751,N,N
213,466951,N,N
213,467150,N,N
213,467354,N,N
213,467570,N,N
213,467777,N,N
213,467976,N,N
213,468179,N,N
213,468374,N,N
213,468581,N,N
213,468783,N,N
213,468983,N,N
213,469189,N,N
213,469394,N,N
213,469602,N,N
213,469797,N,N
213,469995,N,N
213,470204,N,N
213,470422,N,N
213,470622,N,N
213,470822,N,N
213,471022,N,N
213,471234,N,N
213,471439,N,N
213,471634,N,N
213,471841,N,N
213,472054,N,N
213,472260,N,N
213,472458,N,N
213,472664,N,N
213,472865,N,N
213,473066,N,N
213,473268,N,N
213,473476,N,N
213,473685,N,N
213,473883,N,N
213,474074,N,N
213,474286,N,N
213,474491,N,N
213,474692,N,N
213,474898,N,N
213,475112,N,N
213,475314,N,N
213,475514,N,N
213,475709,N,N
213,475919,N,N
213,476129,N,N
213,476339,N,N
213,476538,N,N
213,476749,N,N
213,476950,N,N
213,477147,N,N
213,477349,N,N
213,477761,N,N
213,478169,N,N
213,478576,N,N
213,478977,N,N
213,479398,N,N
213,479799,N,N
213,480209,N,N
213,480614,N,N
213,480811,V,V
213,481034,N,N
213,481230,N,N
213,481437,N,N
213,481829,N,N
213,482247,N,N
213,482454,V,V
213,482652,N,N
213,483046,N,N
213,483239,V,V
213,483459,N,N
213,483866,N,N
213,484081,V,V
213,484283,N,N
213,484679,N,N
213,485099,N,N
213,485498,N,N
213,485904,N,N
213,486295,N,N
213,486464,V,V
213,486709,N,N
213,487113,N,N
213,487323,V,V
213,487517,N,N
213,487919,N,N
213,488338,N,N
213,488735,N,N
213,489140,N,N
213,489547,N,N
213,489755,V,V
213,489946,N,N
213,490360,N,N
213,490555,N,N
213,490757,N,N
213,490963,N,N
213,491172,N,N
213,491371,N,N
213,491568,N,N
213,491977,N,N
213,492177,V,V
213,492376,N,N
213,492590,N,N
213,492800,N,N
213,492997,N,N
213,493201,N,N
213,493601,N,N
213,493804,N,N
213,494016,N,N
213,494221,N,N
213,494420,N,N
213,494614,N,N
213,494813,N,N
213,495022,N,N
213,495217,N,N
213,495624,N,N
213,495795,V,V
213,496031,N,N
213,496232,N,N
213,496429,N,N
213,496639,V,V
213,496845,N,N
213,497052,V,V
213,497256,N,N
213,497460,V,V
213,497655,N,N
213,498062,N,N
213,498263,N,N
213,498466,N,N
213,498675,N,N
213,498879,N,N
213,499073,N,N
213,499268,N,N
213,499475,N,N
213,499677,N,N
213,499886,V,V
213,500090,N,N
213,500262,V,V
213,500491,N,N
213,500674,V,V
213,500898,N,N
213,501311,N,N
213,501512,N,N
213,501716,N,N
213,501921,N,N
213,502124,N,N
213,502320,N,N
213,502521,N,N
213,502737,N,N
213,502943,N,N
213,503142,N,N
213,503334,N,N
213,503743,N,N
213,503940,V,V
213,504328,V,V
213,504560,N,N
213,504761,N,N
213,505367,N,N
213,505780,N,N
213,506189,N,N
213,506587,N,N
213,506795,V,V
213,506988,N,N
213,507402,N,N
213,507612,N,N
213,507805,N,N
213,508006,N,N
213,508205,N,N
213,508415,N,N
213,508623,N,N
213,509027,N,N
213,509213,V,V
213,509429,N,N
213,509629,N,N
213,509835,N,N
213,510046,N,N
213,510242,N,N
213,510447,N,N
213,510650,N,N
213,511052,N,N
213,511461,N,N
213,511673,V,V
213,511868,N,N
213,512264,N,N
213,512471,N,N
213,512679,N,N
213,513074,N,N
213,513283,N,N
213,513491,N,N
213,514057,V,V
213,514302,N,N
213,514710,N,N
213,515112,N,N
213,515314,N,N
213,515518,N,N
213,515721,N,N
213,515922,N,N
213,516125,N,N
213,516335,N,N
213,516734,N,N
213,516934,N,N
213,517133,N,N
213,517549,N,N
213,517950,N,N
213,518148,V,V
213,518291,A,S
213,518543,N,N
213,518744,N,N
213,518957,N,N
213,519169,N,N
213,519369,N,N
213,519567,N,N
213,519770,N,N
213,519971,N,N
213,520382,N,N
213,520567,V,V
213,520791,N,N
213,520986,N,N
213,521188,N,N
213,521394,N,N
213,521592,N,N
213,521793,N,N
213,522002,N,N
213,522208,N,N
213,522404,N,N
213,522610,N,N
213,522817,N,N
213,523018,N,N
213,523222,N,N
213,523436,V,V
213,523636,N,N
213,523839,N,N
213,524039,N,N
213,524449,N,N
213,524854,N,N
213,525002,A,S
213,525252,N,N
213,525457,V,V
213,525663,N,N
213,526065,N,N
213,526486,N,N
213,526687,N,N
213,526883,N,N
213,527092,N,N
213,527299,N,N
213,527494,N,N
213,527698,N,N
213,527907,N,N
213,528121,N,N
213,528318,N,N
213,528524,N,N
213,528729,N,N
213,528926,N,N
213,529339,N,N
213,529547,N,N
213,529749,N,N
213,529942,N,N
213,530139,N,N
213,530344,N,N
213,530553,N,N
213,530763,N,N
213,530963,N,N
213,531169,N,N
213,531375,N,N
213,531584,N,N
213,531781,N,N
213,532199,N,N
213,532409,N,N
213,532613,N,N
213,533014,N,N
213,533222,N,N
213,533418,N,N
213,533619,N,N
213,533827,N,N
213,534041,N,N
213,534233,N,N
213,534436,N,N
213,534638,N,N
213,534847,N,N
213,535051,N,N
213,535460,N,N
213,535643,V,V
213,535873,N,N
213,536010,a,S
213,536146,V,V
213,536469,N,N
213,536684,N,N
213,536887,N,N
213,537090,N,N
213,537299,N,N
213,537494,N,N
213,537688,N,N
213,537895,N,N
213,538108,N,N
213,538307,N,N
213,538508,N,N
213,538706,N,N
213,538909,N,N
213,539110,N,N
213,539309,N,N
213,539517,N,N
213,539725,N,N
213,539932,N,N
213,540133,N,N
213,540341,N,N
213,540538,N,N
213,540746,N,N
213,540961,N,N
213,541163,N,N
213,541366,N,N
213,541572,N,N
213,541772,N,N
213,541969,N,N
213,542176,N,N
213,542376,N,N
213,542580,N,N
213,542787,N,N
213,542989,N,N
213,543195,N,N
213,543389,N,N
213,543592,N,N
213,543801,N,N
213,544009,N,N
213,544217,N,N
213,544421,N,N
213,544621,N,N
213,544827,N,N
213,545034,N,N
213,545230,N,N
213,545438,N,N
213,545650,N,N
213,545854,N,N
213,546056,N,N
213,546259,N,N
213,546460,N,N
213,546662,N,N
213,546873,N,N
213,547080,N,N
213,547282,N,N
213,547478,N,N
213,547684,N,N
213,547893,N,N
213,548088,N,N
213,548295,N,N
213,548508,N,N
213,548720,N,N
213,548918,N,N
213,549124,N,N
213,549331,N,N
213,549535,N,N
213,549742,N,N
213,549952,N,N
213,550162,N,N
213,550361,N,N
213,550557,N,N
213,550754,N,N
213,550965,N,N
213,551171,N,N
213,551371,N,N
213,551577,N,N
213,551783,N,N
213,551992,N,N
213,552188,N,N
213,552386,N,N
213,552592,N,N
213,552811,N,N
213,553018,N,N
213,553219,N,N
213,553414,N,N
213,553617,N,N
213,553833,N,N
213,554036,N,N
213,554240,N,N
213,554444,N,N
213,554654,N,N
213,554862,N,N
213,555061,N,N
213,555257,N,N
213,555467,N,N
213,555681,N,N
213,555879,N,N
213,556083,N,N
213,556283,N,N
213,556492,N,N
213,556690,N,N
213,556895,N,N
213,557103,N,N
213,557307,N,N
213,557521,N,N
213,557727,N,N
213,557928,N,N
213,558124,N,N
213,558331,N,N
213,558548,N,N
213,558753,N,N
213,558957,N,N
213,559158,N,N
213,559363,N,N
213,559564,N,N
213,559765,N,N
213,559965,N,N
213,560174,N,N
213,560387,N,N
213,560585,N,N
213,560786,N,N
213,560986,N,N
213,561196,N,N
213,561408,N,N
213,561616,N,N
213,561823,N,N
213,562031,N,N
213,562227,N,N
213,562427,N,N
213,562631,N,N
213,562838,N,N
213,563047,N,N
213,563186,a,S
213,563322,a,S
213,563558,N,N
213,563799,N,N
213,563996,N,N
213,564201,N,N
213,564414,N,N
213,564624,N,N
213,564827,N,N
213,565024,N,N
213,565221,N,N
213,565423,N,N
213,565635,N,N
213,565837,N,N
213,566039,N,N
213,566244,N,N
213,566454,N,N
213,566654,N,N
213,566857,N,N
213,567055,N,N
213,567267,N,N
213,567483,N,N
213,567683,N,N
213,567883,N,N
213,568084,N,N
213,568287,N,N
213,568489,N,N
213,568689,N,N
213,568898,N,N
213,569100,N,N
213,569308,N,N
213,569512,N,N
213,569720,N,N
213,569916,N,N
213,570118,N,N
213,570332,N,N
213,570545,N,N
213,570746,N,N
213,570946,N,N
213,571148,N,N
213,571356,N,N
213,571558,N,N
213,571760,N,N
213,571973,N,N
213,572376,N,N
213,572580,N,N
213,572787,N,N
213,572988,N,N
213,573189,N,N
213,573398,N,N
213,573603,N,N
213,573814,N,N
213,574012,N,N
213,574211,N,N
213,574416,N,N
213,574623,N,N
213,574837,N,N
213,575037,N,N
213,575245,N,N
213,575442,N,N
213,575648,N,N
213,575854,N,N
213,576060,N,N
213,576267,N,N
213,576467,N,N
213,576678,N,N
213,576883,N,N
213,577082,N,N
213,577485,N,N
213,577697,V,V
213,577901,N,N
213,578090,V,V
213,578305,N,N
213,578495,V,V
213,578723,N,N
213,578923,N,N
213,579130,N,N
213,579555,N,N
213,579948,N,N
213,580366,N,N
213,580766,N,N
213,580973,V,V
213,581182,N,N
213,581581,N,N
213,581998,N,N
213,582408,N,N
213,582615,V,V
213,582816,N,N
213,583016,V,V
213,583225,N,N
213,583629,N,N
213,583838,V,V
213,584049,N,N
213,584244,V,V
213,584444,N,N
213,584612,V,V
213,584764,V,V
213,585070,N,N
213,585271,N,N
213,585473,N,N
213,585679,N,N
213,585883,N,N
213,586079,N,N
213,586280,V,V
213,586495,N,N
213,586699,N,N
213,586903,N,N
213,587087,V,V
213,587315,N,N
213,587513,N,N
213,587715,N,N
213,587929,N,N
213,588139,N,N
213,588338,N,N
213,588535,N,N
213,588734,N,N
213,588940,V,V
213,589149,N,N
213,589342,N,N
213,589544,N,N
213,589735,V,V
213,589963,N,N
213,590170,N,N
213,590363,N,N
213,590564,N,N
213,590777,N,N
213,590987,N,N
213,591157,V,V
213,591388,N,N
213,591592,N,N
213,591789,N,N
213,591990,N,N
213,592193,N,N
213,592404,N,N
213,592570,V,V
213,592811,N,N
213,593016,N,N
213,593213,N,N
213,593411,N,N
213,593619,N,N
213,593826,N,N
213,594026,N,N
213,594230,N,N
213,594627,N,N
213,594828,N,N
213,595039,N,N
213,595235,N,N
213,595436,N,N
213,595646,V,V
213,595853,N,N
213,596053,N,N
213,596251,N,N
213,596457,V,V
213,596667,N,N
213,597073,N,N
213,597481,N,N
213,597886,N,N
213,598295,N,N
213,598501,N,N
213,598702,N,N
213,598853,A,S
213,599094,N,N
213,599501,N,N
213,599717,N,N
213,599923,N,N
213,600125,N,N
213,600325,N,N
213,600533,N,N
213,600734,N,N
213,600936,N,N
213,601139,N,N
213,601350,N,N
213,601561,N,N
213,601760,N,N
213,601965,N,N
213,602170,N,N
213,602365,N,N
213,602571,V,V
213,602782,N,N
213,602988,N,N
213,603189,N,N
213,603363,V,V
213,603580,N,N
213,603994,N,N
213,604202,N,N
213,604401,N,N
213,604606,N,N
213,604809,N,N
213,605020,N,N
213,605222,N,N
213,605426,N,N
213,605639,N,N
213,605847,N,N
213,606051,N,N
213,606232,V,V
213,606458,N,N
213,606639,V,V
213,606859,N,N
213,607072,N,N
213,607273,N,N
213,607479,N,N
213,607679,N,N
213,607890,N,N
213,608085,N,N
213,608291,N,N
213,608501,N,N
213,608909,N,N
213,609098,V,V
213,609323,N,N
213,609521,N,N
213,609730,N,N
213,609910,V,V
213,610138,N,N
213,610344,N,N
213,610550,N,N
213,610759,N,N
213,610952,N,N
213,611151,N,N
213,611362,N,N
213,611574,N,N
213,611769,N,N
213,611972,N,N
213,612172,N,N
213,612580,N,N
213,612759,V,V
213,612987,N,N
213,613202,N,N
213,613410,N,N
213,613606,V,V
213,613790,N,N
213,614021,N,N
213,614224,N,N
213,614433,N,N
213,614643,N,N
213,614844,N,N
213,615047,N,N
213,615251,N,N
213,615447,N,N
213,615854,N,N
213,616262,N,N
213,616449,V,V
213,616672,N,N
213,616873,V,V
213,617073,N,N
213,617497,N,N
213,617696,N,N
213,617902,N,N
213,618105,N,N
213,618303,N,N
213,618508,N,N
213,618710,N,N
213,618921,N,N
213,619122,N,N
213,619534,N,N
213,619931,N,N
213,620121,V,V
213,620353,N,N
213,620555,N,N
213,620759,N,N
213,620960,N,N
213,621166,N,N
213,621368,N,N
213,621565,N,N
213,621772,N,N
213,621984,N,N
213,622192,N,N
213,622390,N,N
213,622799,N,N
213,622969,V,V
213,623212,N,N
213,623625,N,N
213,623832,N,N
213,624029,N,N
213,624225,N,N
213,624433,N,N
213,624636,N,N
213,624839,N,N
213,625043,N,N
213,625249,N,N
213,625449,N,N
213,625650,N,N
213,625852,N,N
213,626059,N,N
213,626275,N,N
213,626475,N,N
213,626885,N,N
213,627291,N,N
213,627490,V,V
213,627706,N,N
213,627914,N,N
213,628119,N,N
213,628324,N,N
213,628524,N,N
213,628724,N,N
213,628933,N,N
213,629140,N,N
213,629348,N,N
213,629557,N,N
213,629750,N,N
213,629957,N,N
213,630161,N,N
213,630316,A,S
213,630563,N,N
213,630775,N,N
213,630982,N,N
213,631182,N,N
213,631393,N,N
213,631594,N,N
213,631795,N,N
213,632007,N,N
213,632216,N,N
213,632419,N,N
213,632622,N,N
213,632828,V,V
213,633025,N,N
213,633226,V,V
213,633440,N,N
213,633646,N,N
213,633852,N,N
213,634057,N,N
213,634264,N,N
213,634458,N,N
213,634662,N,N
213,634871,N,N
213,635079,N,N
213,635283,N,N
213,635496,N,N
213,635699,V,V
213,635894,N,N
213,636081,V,V
213,636305,N,N
213,636519,N,N
213,636722,N,N
213,636925,N,N
213,637131,N,N
213,637331,N,N
213,637527,N,N
213,637731,N,N
213,637945,N,N
213,638149,N,N
213,638353,N,N
213,638539,N,N
213,638759,N,N
213,638965,N,N
213,639162,N,N
213,639370,V,V
213,639583,N,N
213,639994,N,N
213,640401,N,N
213,640604,N,N
213,640812,N,N
213,641026,N,N
213,641232,N,N
213,641428,N,N
213,641632,N,N
213,641834,N,N
213,642035,N,N
213,642234,N,N
213,642445,N,N
213,642657,N,N
213,642855,N,N
213,643257,N,N
213,643430,V,V
213,643670,N,N
213,644087,N,N
213,644295,N,N
213,644490,N,N
213,644688,N,N
213,644901,N,N
213,645105,N,N
213,645311,N,N
213,645512,N,N
213,645722,N,N
213,645924,N,N
213,646120,N,N
213,646318,N,N
213,646529,N,N
213,646741,N,N
213,646939,N,N
213,647147,N,N
213,647347,N,N
213,647748,N,N
213,647953,N,N
213,648163,N,N
213,648366,N,N
213,648519,A,S
213,648762,N,N
213,648974,N,N
213,649174,N,N
213,649374,N,N
213,649577,N,N
213,649790,N,N
213,649992,N,N
219,300,N,N
219,614,N,N
219,887,N,N
219,1206,N,N
219,1417,N,N
219,1708,N,N
219,1924,N,N
219,2207,N,N
219,2478,N,N
219,2724,N,N
219,3011,N,N
219,3230,N,N
219,3457,N,N
219,3864,N,N
219,4277,N,N
219,4580,N,N
219,4903,N,N
219,5205,N,N
219,5571,N,N
219,5847,N,N
219,6059,N,N
219,6355,N,N
219,6687,N,N
219,7118,N,N
219,7387,N,N
219,7800,N,N
219,8212,N,N
219,8448,N,N
219,8730,N,N
219,8990,N,N
219,9236,N,N
219,9542,N,N
219,9882,N,N
219,10235,N,N
219,10532,N,N
219,10791,N,N
219,11023,N,N
219,11277,N,N
219,11543,N,N
219,11807,N,N
219,12147,N,N
219,12348,N,N
219,12706,N,N
219,13013,N,N
219,13315,N,N
219,13607,N,N
219,13863,V,V
219,14141,N,N
219,14415,N,N
219,14642,N,N
219,14962,N,N
219,15230,N,N
219,15578,N,N
219,15845,N,N
219,16093,N,N
219,16362,N,N
219,16617,N,N
219,16891,N,N
219,17195,N,N
219,17469,N,N
219,17750,N,N
219,17992,N,N
219,18290,N,N
219,18567,N,N
219,18792,N,N
219,19172,N,N
219,19457,N,N
219,19825,N,N
219,20030,N,N
219,20280,N,N
219,20653,N,N
219,20945,N,N
219,21178,N,N
219,21597,N,N
219,21841,N,N
219,22048,N,N
219,22299,N,N
219,22547,N,N
219,22841,N,N
219,23054,N,N
219,23352,N,N
219,23632,N,N
219,23879,N,N
219,24230,N,N
219,24435,V,V
219,24748,N,N
219,25015,N,N
219,25310,N,N
219,25515,N,N
219,25831,N,N
219,26101,N,N
219,26440,N,N
219,26652,N,N
219,26943,N,N
219,27173,N,N
219,27475,N,N
219,27694,V,V
219,27987,N,N
219,28305,N,N
219,28516,V,V
219,28783,N,N
219,29086,N,N
219,29353,N,N
219,29596,N,N
219,29843,N,N
219,30053,N,N
219,30378,N,N
219,30675,N,N
219,30967,N,N
219,31185,N,N
219,31453,N,N
219,31725,N,N
219,31980,N,N
219,32285,N,N
219,32633,N,N
219,32993,N,N
219,33245,V,V
219,33567,N,N
219,33848,N,N
219,34117,V,V
219,34413,N,N
219,34650,N,N
219,34852,V,V
219,35214,N,N
219,35452,N,N
219,35656,V,V
219,35906,N,N
219,36248,N,N
219,36456,V,V
219,36799,N,N
219,37050,N,N
219,37354,N,N
219,37659,N,N
219,37890,N,N
219,38182,N,N
219,38405,N,N
219,38688,N,N
219,38943,N,N
219,39235,N,N
219,39525,N,N
219,39748,N,N
219,40021,N,N
219,40328,N,N
219,40641,N,N
219,40993,N,N
219,41240,N,N
219,41498,N,N
219,41929,N,N
219,42233,N,N
219,42449,N,N
219,42893,N,N
219,43095,N,N
219,43421,N,N
219,43693,N,N
219,44024,N,N
219,44248,N,N
219,44536,N,N
219,44854,N,N
219,45196,N,N
219,45457,N,N
219,45678,N,N
219,45900,N,N
219,46131,N,N
219,46445,N,N
219,46786,N,N
219,47113,N,N
219,47439,N,N
219,47658,N,N
219,47961,N,N
219,48233,N,N
219,48509,N,N
219,48783,N,N
219,49107,N,N
219,49364,N,N
219,49581,N,N
219,49808,N,N
219,50130,N,N
219,50512,N,N
219,50741,N,N
219,51108,N,N
219,51364,N,N
219,51704,N,N
219,52018,N,N
219,52297,N,N
219,52588,N,N
219,52956,N,N
219,53277,N,N
219,53604,N,N
219,53843,N,N
219,54099,N,N
219,54303,N,N
219,54632,N,N
219,54911,N,N
219,55160,N,N
219,55427,N,N
219,55719,N,N
219,55930,N,N
219,56300,N,N
219,56579,N,N
219,56899,N,N
219,57153,N,N
219,57400,N,N
219,57700,N,N
219,57936,N,N
219,58180,N,N
219,58394,V,V
219,58665,N,N
219,58953,N,N
219,59249,N,N
219,59629,N,N
219,59864,N,N
219,60194,N,N
219,60462,N,N
219,60751,N,N
219,61018,N,N
219,61350,N,N
219,61680,N,N
219,61909,N,N
219,62207,N,N
219,62438,N,N
219,62730,N,N
219,63025,N,N
219,63580,N,N
219,63905,N,N
219,64129,N,N
219,64383,N,N
219,64696,N,N
219,64991,N,N
219,65380,N,N
219,65656,N,N
219,65962,N,N
219,66315,N,N
219,66548,N,N
219,66834,N,N
219,67103,N,N
219,67420,N,N
219,67708,N,N
219,67891,N,N
219,68209,N,N
219,68446,N,N
219,68721,N,N
219,68970,N,N
219,69214,N,N
219,69486,N,N
219,69779,N,N
219,70067,N,N
219,70327,N,N
219,70589,N,N
219,70913,N,N
219,71249,N,N
219,71561,N,N
219,71817,N,N
219,72112,N,N
219,72457,N,N
219,72736,N,N
219,73109,N,N
219,73322,N,N
219,73635,N,N
219,73882,N,N
219,74122,N,N
219,74401,N,N
219,74649,N,N
219,74935,N,N
219,75274,N,N
219,75543,N,N
219,75808,N,N
219,76106,N,N
219,76404,N,N
219,76691,N,N
219,76925,N,N
219,77209,N,N
219,77486,N,N
219,77700,N,N
219,77957,N,N
219,78233,N,N
219,78483,N,N
219,78778,N,N
219,78980,V,V
219,79367,N,N
219,79614,N,N
219,79858,N,N
219,80187,N,N
219,80459,N,N
219,80725,N,N
219,81027,N,N
219,81380,N,N
219,81756,N,N
219,82020,N,N
219,82286,N,N
219,82514,N,N
219,82802,N,N
219,83161,N,N
219,83369,V,V
219,83697,N,N
219,83964,N,N
219,84280,N,N
219,84586,N,N
219,84854,N,N
219,85074,N,N
219,85354,N,N
219,85566,N,N
219,85890,N,N
219,86194,N,N
219,86468,N,N
219,86693,N,N
219,87012,N,N
219,87397,N,N
219,87668,N,N
219,87919,N,N
219,88221,N,N
219,88505,N,N
219,88709,N,N
219,89040,N,N
219,89311,N,N
219,89568,N,N
219,89873,N,N
219,90189,N,N
219,90581,N,N
219,90888,N,N
219,91230,N,N
219,91451,N,N
219,91648,N,N
219,91860,N,N
219,92296,N,N
219,92568,N,N
219,92777,N,N
219,93028,N,N
219,93329,N,N
219,93612,N,N
219,93855,N,N
219,94099,N,N
219,94305,N,N
219,94617,N,N
219,94963,N,N
219,95254,N,N
219,95533,N,N
219,95859,N,N
219,96141,N,N
219,96444,N,N
219,96848,N,N
219,97068,N,N
219,97353,N,N
219,97637,N,N
219,97916,N,N
219,98232,N,N
219,98439,N,N
219,98751,N,N
219,98949,N,N
219,99246,N,N
219,99536,N,N
219,99811,N,N
219,100029,V,V
219,100385,N,N
219,100593,N,N
219,100861,N,N
219,101090,N,N
219,101347,N,N
219,101570,N,N
219,101950,N,N
219,102318,N,N
219,102555,N,N
219,102835,N,N
219,103091,N,N
219,103412,N,N
219,103687,N,N
219,103907,N,N
219,104214,N,N
219,104430,N,N
219,104701,N,N
219,105013,N,N
219,105253,N,N
219,105523,N,N
219,105741,N,N
219,106028,N,N
219,106333,N,N
219,106601,N,N
219,106984,N,N
219,107318,N,N
219,107623,N,N
219,107916,N,N
219,108183,N,N
219,108411,N,N
219,109340,N,N
219,109694,N,N
219,110009,N,N
219,110251,A,S
219,110615,N,N
219,110944,N,N
219,111262,N,N
219,111571,N,N
219,111878,N,N
219,112185,N,N
219,112457,A,S
219,112827,N,N
219,113129,N,N
219,113443,N,N
219,113749,N,N
219,114059,N,N
219,114352,N,N
219,114684,N,N
219,114965,A,S
219,115301,N,N
219,115592,A,S
219,115924,N,N
219,116211,N,N
219,116543,N,N
219,117120,N,N
219,117415,N,N
219,117703,N,N
219,117998,N,N
219,118257,N,N
219,118533,N,N
219,118765,N,N
219,119063,N,N
219,119361,N,N
219,119657,N,N
219,119934,N,N
219,120168,N,N
219,120455,N,N
219,120730,N,N
219,120966,N,N
219,121277,N,N
219,121598,N,N
219,121850,N,N
219,122175,N,N
219,122485,N,N
219,122809,N,N
219,123010,V,V
219,123279,N,N
219,123624,N,N
219,123920,N,N
219,124143,N,N
219,124437,N,N
219,124743,N,N
219,124972,N,N
219,125273,N,N
219,125537,N,N
219,125858,N,N
219,126099,N,N
219,126341,N,N
219,126582,N,N
219,126808,N,N
219,127045,N,N
219,127351,N,N
219,127632,N,N
219,127844,V,V
219,128110,N,N
219,128378,N,N
219,128645,N,N
219,128884,N,N
219,129160,N,N
219,129498,N,N
219,129780,N,N
219,130067,N,N
219,130338,N,N
219,130625,N,N
219,130956,N,N
219,131229,N,N
219,131562,N,N
219,131858,N,N
219,132105,N,N
219,132334,N,N
219,132629,N,N
219,132996,N,N
219,133223,N,N
219,133549,N,N
219,133820,N,N
219,134074,N,N
219,134306,N,N
219,134517,V,V
219,134948,N,N
219,135171,N,N
219,135443,N,N
219,135750,N,N
219,135957,N,N
219,136233,N,N
219,136502,N,N
219,136735,N,N
219,137000,N,N
219,137304,N,N
219,137608,N,N
219,137834,V,V
219,138113,N,N
219,138376,N,N
219,138675,N,N
219,138938,N,N
219,139188,N,N
219,139466,N,N
219,139748,N,N
219,140050,N,N
219,140341,N,N
219,140673,N,N
219,140876,N,N
219,141180,N,N
219,141490,N,N
219,141747,N,N
219,142099,N,N
219,142334,N,N
219,142599,N,N
219,142835,N,N
219,143184,N,N
219,143438,N,N
219,143654,N,N
219,143947,N,N
219,144222,N,N
219,144423,V,V
219,144723,N,N
219,144947,N,N
219,145204,N,N
219,145442,N,N
219,145683,N,N
219,145927,N,N
219,146284,N,N
219,146596,N,N
219,146840,N,N
219,147074,N,N
219,147317,N,N
219,147587,N,N
219,147797,V,V
219,148068,N,N
219,148347,N,N
219,148808,N,N
219,149074,N,N
219,149403,N,N
219,149618,N,N
219,149872,N,N
219,150185,N,N
219,150472,N,N
219,150725,N,N
219,150970,N,N
219,151306,N,N
219,151576,N,N
219,151806,N,N
219,152060,N,N
219,152286,N,N
219,152554,N,N
219,152779,N,N
219,153051,N,N
219,153266,N,N
219,153576,N,N
219,153863,N,N
219,154092,N,N
219,154399,N,N
219,154668,N,N
219,154896,N,N
219,155100,V,V
219,155395,N,N
219,155656,N,N
219,155886,N,N
219,156160,N,N
219,156435,N,N
219,156713,N,N
219,157003,N,N
219,157289,N,N
219,157602,N,N
219,157902,N,N
219,158190,N,N
219,158487,N,N
219,158794,N,N
219,159033,N,N
219,159342,N,N
219,159640,N,N
219,159946,N,N
219,160229,N,N
219,160522,N,N
219,160770,N,N
219,161011,N,N
219,161287,N,N
219,161600,N,N
219,161850,N,N
219,162154,N,N
219,162447,N,N
219,162738,N,N
219,163058,N,N
219,163324,N,N
219,163632,N,N
219,164093,N,N
219,164338,N,N
219,164739,N,N
219,165064,N,N
219,165518,N,N
219,165806,N,N
219,166130,N,N
219,166375,N,N
219,166653,N,N
219,166966,N,N
219,167247,N,N
219,167560,N,N
219,167847,N,N
219,168152,N,N
219,168449,N,N
219,168857,N,N
219,169074,N,N
219,169319,N,N
219,169586,N,N
219,169875,N,N
219,170165,N,N
219,170448,N,N
219,170739,N,N
219,171037,N,N
219,171324,N,N
219,171583,N,N
219,171909,N,N
219,172213,N,N
219,172467,N,N
219,172857,N,N
219,173168,N,N
219,173413,N,N
219,173638,N,N
219,173994,N,N
219,174256,N,N
219,174579,N,N
219,174811,N,N
219,175059,N,N
219,175382,N,N
219,175669,N,N
219,175968,N,N
219,176261,N,N
219,176520,N,N
219,176797,N,N
219,177124,N,N
219,177332,V,V
219,177681,N,N
219,177980,N,N
219,178198,V,V
219,178476,N,N
219,178801,N,N
219,179105,N,N
219,179401,N,N
219,179663,N,N
219,179980,N,N
219,180238,N,N
219,180535,N,N
219,180837,N,N
219,181165,N,N
219,181436,N,N
219,181734,N,N
219,182017,N,N
219,182317,N,N
219,182548,N,N
219,182831,N,N
219,183203,N,N
219,183797,N,N
219,184093,N,N
219,184388,N,N
219,184676,N,N
219,184943,N,N
219,185218,N,N
219,185495,N,N
219,185798,N,N
219,186166,N,N
219,186508,N,N
219,186742,N,N
219,186958,N,N
219,187250,N,N
219,187533,N,N
219,187796,N,N
219,188058,N,N
219,188305,N,N
219,188558,N,N
219,188758,V,V
219,189016,N,N
219,189228,N,N
219,189470,N,N
219,189758,N,N
219,190024,N,N
219,190362,N,N
219,190820,N,N
219,191126,N,N
219,191562,N,N
219,191946,N,N
219,192238,N,N
219,192544,N,N
219,192741,N,N
219,193035,N,N
219,193324,N,N
219,193588,N,N
219,193797,V,V
219,194149,N,N
219,194347,N,N
219,194614,N,N
219,194904,N,N
219,195192,N,N
219,195395,V,V
219,195762,N,N
219,196064,N,N
219,196267,V,V
219,196610,N,N
219,196916,N,N
219,197228,N,N
219,197537,N,N
219,197826,N,N
219,198125,N,N
219,198344,N,N
219,198626,N,N
219,198909,N,N
219,199165,N,N
219,199400,N,N
219,199743,N,N
219,200089,N,N
219,200350,N,N
219,200636,N,N
219,200925,N,N
219,201139,N,N
219,201379,N,N
219,201706,N,N
219,202051,N,N
219,202374,N,N
219,202671,N,N
219,203000,N,N
219,203300,N,N
219,203585,N,N
219,203904,N,N
219,204189,N,N
219,204479,N,N
219,204793,N,N
219,205078,N,N
219,205357,N,N
219,205583,N,N
219,205812,N,N
219,206099,N,N
219,206428,N,N
219,206656,N,N
219,206933,N,N
219,207190,N,N
219,207422,N,N
219,207714,N,N
219,208016,N,N
219,208299,N,N
219,208560,N,N
219,208770,N,N
219,209022,N,N
219,209282,N,N
219,209563,N,N
219,209839,N,N
219,210118,N,N
219,210399,N,N
219,210621,N,N
219,210967,N,N
219,211248,N,N
219,211528,N,N
219,211794,N,N
219,212101,N,N
219,212379,N,N
219,212611,N,N
219,212947,N,N
219,213244,N,N
219,213531,N,N
219,213783,N,N
219,214042,N,N
219,214347,N,N
219,214685,N,N
219,214956,N,N
219,215248,N,N
219,215542,N,N
219,215803,N,N
219,216016,N,N
219,216253,N,N
219,216523,N,N
219,216805,N,N
219,217042,N,N
219,217264,N,N
219,217522,N,N
219,217798,N,N
219,218039,N,N
219,218453,N,N
219,218767,N,N
219,219126,N,N
219,219489,N,N
219,219693,V,V
219,220048,N,N
219,220250,N,N
219,220519,N,N
219,220814,N,N
219,221060,N,N
219,221274,V,V
219,221531,N,N
219,221805,N,N
219,222062,N,N
219,222341,N,N
219,222589,N,N
219,222850,N,N
219,223075,N,N
219,223364,N,N
219,223575,V,V
219,223856,N,N
219,224171,N,N
219,224409,V,V
219,224709,N,N
219,224978,N,N
219,225274,N,N
219,225482,N,N
219,225778,N,N
219,226065,N,N
219,226287,N,N
219,226583,N,N
219,226815,N,N
219,227079,N,N
219,227373,N,N
219,227656,N,N
219,227965,N,N
219,228230,N,N
219,228452,N,N
219,228727,N,N
219,228993,N,N
219,229268,N,N
219,229472,V,V
219,229739,N,N
219,230001,N,N
219,230241,N,N
219,230519,N,N
219,230725,N,N
219,231073,N,N
219,231285,N,N
219,231642,N,N
219,232004,N,N
219,232224,N,N
219,232464,N,N
219,232741,N,N
219,233036,N,N
219,233391,N,N
219,233770,N,N
219,234046,N,N
219,234264,N,N
219,234564,N,N
219,234919,N,N
219,235138,N,N
219,235423,N,N
219,235806,N,N
219,236175,N,N
219,236452,N,N
219,236756,N,N
219,237021,N,N
219,237251,N,N
219,237499,N,N
219,237763,N,N
219,237990,N,N
219,238249,N,N
219,238571,N,N
219,238852,N,N
219,239129,N,N
219,239491,N,N
219,239766,N,N
219,240070,N,N
219,240391,N,N
219,240704,N,N
219,240981,N,N
219,241295,N,N
219,241552,N,N
219,241835,N,N
219,242134,N,N
219,242453,N,N
219,242674,N,N
219,242951,N,N
219,243232,N,N
219,243500,N,N
219,243833,N,N
219,244114,N,N
219,244414,N,N
219,244667,N,N
219,244921,N,N
219,245166,N,N
219,245503,N,N
219,245821,N,N
219,246171,N,N
219,246439,N,N
219,246754,N,N
219,247151,N,N
219,247403,N,N
219,247621,N,N
219,247934,N,N
219,248209,N,N
219,248415,N,N
219,248742,N,N
219,249033,N,N
219,249378,N,N
219,249631,N,N
219,249905,N,N
219,250243,N,N
219,250768,N,N
219,251055,N,N
219,251327,N,N
219,251645,N,N
219,251895,N,N
219,252127,N,N
219,252437,N,N
219,252712,N,N
219,252936,N,N
219,253136,V,V
219,253511,N,N
219,253724,N,N
219,254083,N,N
219,254292,N,N
219,254521,N,N
219,254779,N,N
219,255043,N,N
219,255271,N,N
219,255559,N,N
219,255815,N,N
219,256109,N,N
219,256391,N,N
219,256639,N,N
219,256874,N,N
219,257325,N,N
219,257607,N,N
219,257829,N,N
219,258130,N,N
219,258401,N,N
219,258680,N,N
219,258913,N,N
219,259196,N,N
219,259404,N,N
219,259732,N,N
219,259975,N,N
219,260264,N,N
219,260570,N,N
219,260790,N,N
219,261097,N,N
219,261325,N,N
219,261664,N,N
219,261991,N,N
219,262306,N,N
219,262571,N,N
219,262922,N,N
219,263240,N,N
219,263448,N,N
219,263787,N,N
219,264009,N,N
219,264322,N,N
219,264527,N,N
219,264843,N,N
219,265158,N,N
219,265463,N,N
219,265665,N,N
219,265977,N,N
219,266209,N,N
219,266545,N,N
219,267015,N,N
219,267240,N,N
219,267516,N,N
219,267753,N,N
219,268025,N,N
219,268234,N,N
219,268450,N,N
219,268788,N,N
219,269082,N,N
219,269391,N,N
219,269672,N,N
219,269899,N,N
219,270155,N,N
219,270469,N,N
219,270774,N,N
219,270973,N,N
219,271323,N,N
219,271587,N,N
219,271827,N,N
219,272117,N,N
219,272336,N,N
219,272641,N,N
219,272940,N,N
219,273213,N,N
219,273478,N,N
219,273721,N,N
219,273959,N,N
219,274293,N,N
219,274625,N,N
219,274883,N,N
219,275189,N,N
219,275512,N,N
219,275841,N,N
219,276106,N,N
219,276350,N,N
219,276710,N,N
219,276981,N,N
219,277317,N,N
219,277514,N,N
219,277855,N,N
219,278060,N,N
219,278339,N,N
219,278601,N,N
219,278794,N,N
219,279044,N,N
219,279266,N,N
219,279578,N,N
219,279846,N,N
219,280178,N,N
219,280478,N,N
219,280871,N,N
219,281155,N,N
219,281416,N,N
219,281670,N,N
219,282053,N,N
219,282339,N,N
219,282654,N,N
219,282934,N,N
219,283259,N,N
219,283601,N,N
219,283863,N,N
219,284060,N,N
219,284381,N,N
219,284588,N,N
219,284903,N,N
219,285195,N,N
219,285415,N,N
219,285614,N,N
219,285880,N,N
219,286150,N,N
219,286438,N,N
219,286657,N,N
219,286943,N,N
219,287159,N,N
219,287622,N,N
219,287943,N,N
219,288235,N,N
219,288475,N,N
219,288768,N,N
219,289082,N,N
219,289354,N,N
219,289684,N,N
219,289973,N,N
219,290256,N,N
219,290519,N,N
219,290748,N,N
219,291023,N,N
219,291326,N,N
219,291555,N,N
219,291866,N,N
219,292174,N,N
219,292511,N,N
219,292841,N,N
219,293200,N,N
219,293461,N,N
219,293697,N,N
219,293943,N,N
219,294226,N,N
219,294487,N,N
219,294805,N,N
219,295133,N,N
219,295350,N,N
219,295675,N,N
219,295942,N,N
219,296260,N,N
219,296522,N,N
219,296769,N,N
219,297070,N,N
219,297357,N,N
219,297594,N,N
219,297822,N,N
219,298086,N,N
219,298603,N,N
219,298819,N,N
219,299196,N,N
219,299393,N,N
219,299764,N,N
219,300081,N,N
219,301003,N,N
219,301335,N,N
219,301582,A,S
219,301941,N,N
219,302497,N,N
219,302796,N,N
219,303145,N,N
219,303429,A,S
219,303764,N,N
219,304383,N,N
219,304683,N,N
219,304990,N,N
219,305287,N,N
219,305566,N,N
219,306102,N,N
219,306421,N,N
219,306747,N,N
219,307024,N,N
219,307323,N,N
219,307566,N,N
219,307838,N,N
219,308104,N,N
219,308357,N,N
219,308582,N,N
219,308852,N,N
219,309153,N,N
219,309383,N,N
219,309665,N,N
219,309962,N,N
219,310270,N,N
219,310601,N,N
219,310933,N,N
219,311228,N,N
219,311451,N,N
219,311715,N,N
219,311942,N,N
219,312214,N,N
219,312512,N,N
219,312710,N,N
219,312958,N,N
219,313230,N,N
219,313437,V,V
219,313746,N,N
219,314155,N,N
219,314372,N,N
219,314623,N,N
219,314851,N,N
219,315164,N,N
219,315359,N,N
219,315639,N,N
219,315918,N,N
219,316139,N,N
219,316389,N,N
219,316635,N,N
219,316871,N,N
219,317192,N,N
219,317387,N,N
219,317705,N,N
219,317982,N,N
219,318262,N,N
219,318523,N,N
219,318777,N,N
219,319093,N,N
219,319343,N,N
219,319636,N,N
219,319932,N,N
219,320201,N,N
219,320458,N,N
219,320689,N,N
219,320949,N,N
219,321259,N,N
219,321834,N,N
219,322163,N,N
219,322728,N,N
219,323048,N,N
219,323606,N,N
219,323907,N,N
219,324470,N,N
219,324761,N,N
219,325305,N,N
219,325598,N,N
219,326129,N,N
219,326452,N,N
219,326740,N,N
219,327011,N,N
219,327282,N,N
219,327536,N,N
219,327816,N,N
219,328030,N,N
219,328327,N,N
219,328560,V,V
219,328877,N,N
219,329148,N,N
219,329349,V,V
219,329626,N,N
219,329889,N,N
219,330125,N,N
219,330451,N,N
219,330768,N,N
219,331327,N,N
219,331642,N,N
219,332188,N,N
219,332485,N,N
219,333034,N,N
219,333323,N,N
219,333883,N,N
219,334168,N,N
219,334701,N,N
219,335001,N,N
219,335542,N,N
219,335835,N,N
219,336383,N,N
219,336686,N,N
219,337219,N,N
219,337521,N,N
219,338050,N,N
219,338339,N,N
219,338884,N,N
219,339171,N,N
219,339465,N,N
219,339731,N,N
219,340327,N,N
219,340638,N,N
219,341201,N,N
219,341500,N,N
219,342037,N,N
219,342332,N,N
219,342867,N,N
219,343156,N,N
219,343686,N,N
219,343985,N,N
219,344518,N,N
219,344813,N,N
219,345354,N,N
219,345632,A,S
219,346031,N,N
219,346585,N,N
219,346882,N,N
219,347425,N,N
219,347723,N,N
219,348247,N,N
219,348808,N,N
219,349097,N,N
219,349620,N,N
219,349920,N,N
219,350452,N,N
219,350743,N,N
219,351283,N,N
219,351832,N,N
219,352125,N,N
219,352660,N,N
219,352948,N,N
219,353489,N,N
219,354023,N,N
219,354328,N,N
219,354853,N,N
219,355155,N,N
219,355684,N,N
219,355979,N,N
219,356495,N,N
219,356786,N,N
219,357305,N,N
219,357604,N,N
219,358138,N,N
219,358441,N,N
219,358961,N,N
219,359267,N,N
219,359813,N,N
219,360341,N,N
219,360882,N,N
219,361404,N,N
219,361696,N,N
219,362216,N,N
219,362511,N,N
219,363037,N,N
219,363591,N,N
219,363875,N,N
219,364400,N,N
219,364948,N,N
219,365144,V,V
219,365497,N,N
219,366042,N,N
219,366324,N,N
219,366847,N,N
219,367141,N,N
219,367661,N,N
219,367957,N,N
219,368482,N,N
219,369030,N,N
219,369570,N,N
219,370108,N,N
219,370305,V,V
219,370655,N,N
219,371194,N,N
219,371483,N,N
219,372017,N,N
219,372552,N,N
219,373105,N,N
219,373391,N,N
219,373905,N,N
219,374184,N,N
219,374482,N,N
219,374772,N,N
219,375062,N,N
219,375365,N,N
219,375673,N,N
219,376229,N,N
219,376788,N,N
219,377335,N,N
219,377727,N,N
219,377976,N,N
219,378170,N,N
219,378436,N,N
219,378626,N,N
219,378842,N,N
219,379110,N,N
219,379357,N,N
219,379608,N,N
219,379894,N,N
219,380126,N,N
219,380404,N,N
219,380641,N,N
219,380881,N,N
219,381333,N,N
219,381665,N,N
219,381974,N,N
219,382287,N,N
219,382594,N,N
219,382907,N,N
219,383215,N,N
219,383517,N,N
219,384073,N,N
219,384380,N,N
219,384683,N,N
219,384986,N,N
219,385297,N,N
219,385601,N,N
219,385906,N,N
219,386212,N,N
219,386521,N,N
219,386835,N,N
219,387370,N,N
219,387933,N,N
219,388474,N,N
219,388779,N,N
219,389079,N,N
219,389391,N,N
219,389912,N,N
219,390229,N,N
219,390535,N,N
219,390740,V,V
219,391002,N,N
219,391376,N,N
219,391937,N,N
219,392481,N,N
219,393041,N,N
219,393579,N,N
219,394119,N,N
219,394418,N,N
219,394705,N,N
219,395265,N,N
219,395557,N,N
219,396073,N,N
219,396376,N,N
219,396901,N,N
219,397200,N,N
219,397508,N,N
219,398041,N,N
219,398340,N,N
219,398870,N,N
219,399177,N,N
219,399477,N,N
219,399768,N,N
219,400304,N,N
219,400847,N,N
219,401391,N,N
219,401888,N,N
219,402188,N,N
219,402524,N,N
219,402785,N,N
219,403013,N,N
219,403239,N,N
219,403488,N,N
219,403728,N,N
219,403935,N,N
219,404230,N,N
219,404500,N,N
219,404856,N,N
219,405212,N,N
219,405510,N,N
219,405746,N,N
219,405990,N,N
219,406197,V,V
219,406460,N,N
219,406671,N,N
219,406914,N,N
219,407231,N,N
219,407488,N,N
219,407715,N,N
219,408009,N,N
219,408211,N,N
219,408504,N,N
219,408750,N,N
219,409003,N,N
219,409308,N,N
219,409594,N,N
219,409888,N,N
219,410133,N,N
219,410370,N,N
219,410682,N,N
219,411031,N,N
219,411353,N,N
219,411661,N,N
219,411863,N,N
219,412214,N,N
219,412420,N,N
219,412748,N,N
219,413297,N,N
219,413616,N,N
219,413914,N,N
219,414219,N,N
219,414514,N,N
219,414833,N,N
219,415150,N,N
219,415461,N,N
219,415814,N,N
219,416113,N,N
219,416430,N,N
219,416754,N,N
219,417069,N,N
219,417389,N,N
219,417963,N,N
219,418522,N,N
219,418839,N,N
219,419148,N,N
219,419449,N,N
219,419760,N,N
219,420069,N,N
219,420379,N,N
219,420956,N,N
219,421521,N,N
219,422069,N,N
219,422623,N,N
219,423160,N,N
219,423464,N,N
219,423771,N,N
219,424064,N,N
219,424597,N,N
219,424909,N,N
219,425207,N,N
219,425513,N,N
219,425815,N,N
219,426125,N,N
219,426436,N,N
219,426984,N,N
219,427545,N,N
219,428091,N,N
219,428648,N,N
219,428839,V,V
219,429190,N,N
219,429737,N,N
219,430031,N,N
219,430319,N,N
219,430615,N,N
219,430918,N,N
219,431213,N,N
219,431516,N,N
219,431829,N,N
219,432150,N,N
219,432471,N,N
219,433042,N,N
219,433617,N,N
219,433939,N,N
219,434245,N,N
219,434556,N,N
219,435082,N,N
219,435389,N,N
219,435696,N,N
219,436008,N,N
219,436542,N,N
219,437109,N,N
219,437652,N,N
219,437846,V,V
219,438207,N,N
219,438408,V,V
219,438753,N,N
219,438943,V,V
219,439172,N,N
219,439401,N,N
219,439826,N,N
219,440118,N,N
219,440350,N,N
219,440583,N,N
219,440862,N,N
219,441150,N,N
219,441426,N,N
219,441644,N,N
219,441939,N,N
219,442256,N,N
219,442544,N,N
219,442808,N,N
219,443036,N,N
219,443350,N,N
219,443665,N,N
219,443940,N,N
219,444204,N,N
219,444462,N,N
219,444768,N,N
219,445071,N,N
219,445372,N,N
219,445708,N,N
219,445941,N,N
219,446206,N,N
219,446432,N,N
219,446698,N,N
219,446956,N,N
219,447261,N,N
219,447517,N,N
219,447869,N,N
219,448179,N,N
219,448406,N,N
219,448678,N,N
219,448996,N,N
219,449310,N,N
219,449635,N,N
219,449918,N,N
219,450131,N,N
219,450433,N,N
219,450709,N,N
219,451152,N,N
219,451498,N,N
219,451772,N,N
219,452010,N,N
219,452238,N,N
219,452500,N,N
219,452701,N,N
219,453070,N,N
219,453385,N,N
219,453651,N,N
219,453990,N,N
219,454515,N,N
219,454802,N,N
219,454993,N,N
219,455232,N,N
219,455476,N,N
219,455691,N,N
219,455975,N,N
219,456311,N,N
219,456538,N,N
219,456755,N,N
219,457084,N,N
219,457364,N,N
219,457636,N,N
219,457951,N,N
219,458190,N,N
219,458465,N,N
219,458777,N,N
219,459050,N,N
219,459299,N,N
219,459588,N,N
219,459909,N,N
219,460117,N,N
219,460412,N,N
219,460697,N,N
219,460929,N,N
219,461230,N,N
219,461512,N,N
219,461765,N,N
219,462069,N,N
219,462370,N,N
219,462596,N,N
219,462867,N,N
219,463105,N,N
219,463421,N,N
219,463678,N,N
219,463902,N,N
219,464184,N,N
219,464433,N,N
219,464755,N,N
219,465087,N,N
219,465448,N,N
219,465831,N,N
219,466131,N,N
219,466393,N,N
219,466690,N,N
219,466971,N,N
219,467189,N,N
219,467453,N,N
219,467752,N,N
219,468031,N,N
219,468345,N,N
219,468562,N,N
219,468849,N,N
219,469147,N,N
219,469458,N,N
219,469845,N,N
219,470170,N,N
219,470448,N,N
219,470742,N,N
219,470963,N,N
219,471321,N,N
219,471667,N,N
219,471985,N,N
219,472258,N,N
219,472586,N,N
219,472838,N,N
219,473093,N,N
219,473324,N,N
219,473543,N,N
219,473856,N,N
219,474117,N,N
219,474334,N,N
219,474701,N,N
219,474975,N,N
219,475207,N,N
219,475505,N,N
219,475781,N,N
219,475982,N,N
219,476297,N,N
219,476585,N,N
219,476875,N,N
219,477090,N,N
219,477457,N,N
219,477774,N,N
219,478097,N,N
219,478295,V,V
219,478575,N,N
219,478877,N,N
219,479189,N,N
219,479458,N,N
219,479687,N,N
219,480004,N,N
219,481112,N,N
219,481438,N,N
219,481718,N,N
219,482011,N,N
219,482551,N,N
219,482838,N,N
219,483371,N,N
219,483664,N,N
219,484211,N,N
219,484504,N,N
219,484993,N,N
219,485404,N,N
219,485978,N,N
219,486277,N,N
219,486816,N,N
219,487108,N,N
219,487659,N,N
219,487948,N,N
219,488494,N,N
219,488791,N,N
219,489326,N,N
219,489619,N,N
219,490168,N,N
219,490457,N,N
219,490988,N,N
219,491288,N,N
219,491823,N,N
219,492116,N,N
219,492658,N,N
219,493217,N,N
219,493520,N,N
219,494034,N,N
219,494335,N,N
219,494874,N,N
219,495164,N,N
219,495697,N,N
219,496000,N,N
219,496516,N,N
219,497068,N,N
219,497278,V,V
219,497631,N,N
219,497827,V,V
219,498187,N,N
219,498755,N,N
219,499307,N,N
219,499869,N,N
219,500417,N,N
219,500616,V,V
219,500976,N,N
219,501161,V,V
219,501525,N,N
219,501718,V,V
219,502020,N,N
219,502249,N,N
219,502484,N,N
219,502779,N,N
219,502987,N,N
219,503298,N,N
219,503583,N,N
219,503820,V,V
219,504109,N,N
219,504426,N,N
219,504765,N,N
219,505060,N,N
219,505346,N,N
219,505759,N,N
219,506037,N,N
219,506283,N,N
219,506517,N,N
219,506742,V,V
219,507022,N,N
219,507317,N,N
219,507660,N,N
219,507924,N,N
219,508180,N,N
219,508486,N,N
219,508803,N,N
219,509073,N,N
219,509309,N,N
219,509612,N,N
219,509887,N,N
219,510116,N,N
219,510355,N,N
219,510610,N,N
219,510893,N,N
219,511345,N,N
219,511640,N,N
219,511949,N,N
219,512159,N,N
219,512446,N,N
219,512737,N,N
219,512989,N,N
219,513241,N,N
219,513516,N,N
219,513808,N,N
219,514138,N,N
219,514469,N,N
219,514707,N,N
219,514990,N,N
219,515326,N,N
219,515651,N,N
219,515909,N,N
219,516106,N,N
219,516462,N,N
219,516739,N,N
219,516935,N,N
219,517262,N,N
219,517604,N,N
219,517916,N,N
219,518274,N,N
219,518600,N,N
219,518921,N,N
219,519182,N,N
219,519422,N,N
219,519726,N,N
219,520078,N,N
219,520417,N,N
219,520715,N,N
219,520999,N,N
219,521241,N,N
219,521441,N,N
219,521787,N,N
219,522107,N,N
219,522368,N,N
219,522569,N,N
219,522891,N,N
219,523176,N,N
219,523459,N,N
219,523750,N,N
219,523956,N,N
219,524196,V,V
219,524510,N,N
219,524755,N,N
219,525013,N,N
219,525281,N,N
219,525606,N,N
219,525824,N,N
219,526036,N,N
219,526360,N,N
219,526690,N,N
219,527011,N,N
219,527396,N,N
219,527677,N,N
219,527919,N,N
219,528185,N,N
219,528502,N,N
219,528802,N,N
219,529046,N,N
219,529299,N,N
219,529638,N,N
219,529963,N,N
219,530224,N,N
219,530434,N,N
219,530717,N,N
219,530928,N,N
219,531223,N,N
219,531485,N,N
219,531718,N,N
219,531922,V,V
219,532181,N,N
219,532430,N,N
219,532765,N,N
219,532977,N,N
219,533254,N,N
219,533472,N,N
219,533758,N,N
219,534097,N,N
219,534382,N,N
219,534668,N,N
219,534928,N,N
219,535131,N,N
219,535427,N,N
219,535608,V,V
219,535978,N,N
219,536248,N,N
219,536500,N,N
219,536792,N,N
219,537090,N,N
219,537453,N,N
219,537734,N,N
219,537972,N,N
219,538273,N,N
219,538595,N,N
219,538829,N,N
219,539156,N,N
219,539449,N,N
219,539725,N,N
219,539969,N,N
219,540279,N,N
219,540586,N,N
219,540888,N,N
219,541110,N,N
219,541434,N,N
219,541736,N,N
219,542053,N,N
219,542416,N,N
219,542720,N,N
219,543017,N,N
219,543273,N,N
219,543612,N,N
219,543955,N,N
219,544210,N,N
219,544483,N,N
219,544693,N,N
219,545088,N,N
219,545446,N,N
219,545807,N,N
219,546123,N,N
219,546381,N,N
219,546572,N,N
219,546776,N,N
219,547054,N,N
219,547353,N,N
219,547559,N,N
219,547880,N,N
219,548209,N,N
219,548524,N,N
219,548821,N,N
219,549175,N,N
219,549516,N,N
219,549774,N,N
219,550035,N,N
219,550309,N,N
219,550533,N,N
219,550960,N,N
219,551196,N,N
219,551410,N,N
219,551734,N,N
219,552051,N,N
219,552405,N,N
219,552677,N,N
219,553045,N,N
219,553248,N,N
219,553660,N,N
219,553955,N,N
219,554236,N,N
219,554452,N,N
219,554677,N,N
219,555013,N,N
219,555208,N,N
219,555477,N,N
219,555764,N,N
219,556089,N,N
219,556522,N,N
219,556852,N,N
219,557127,N,N
219,557371,N,N
219,557625,N,N
219,557824,N,N
219,558166,N,N
219,558363,N,N
219,558674,N,N
219,558941,N,N
219,559195,N,N
219,559448,N,N
219,559709,N,N
219,560050,N,N
219,560358,N,N
219,560612,N,N
219,560948,N,N
219,561270,N,N
219,561511,N,N
219,561828,N,N
219,562142,N,N
219,562371,N,N
219,562625,N,N
219,562908,N,N
219,563311,N,N
219,563613,N,N
219,563947,N,N
219,564283,N,N
219,564608,N,N
219,564905,N,N
219,565124,N,N
219,565327,N,N
219,565546,N,N
219,565803,N,N
219,566067,N,N
219,566380,N,N
219,566778,N,N
219,567110,N,N
219,567391,N,N
219,567635,N,N
219,567911,N,N
219,568186,N,N
219,568533,N,N
219,568860,N,N
219,569213,N,N
219,569452,N,N
219,569691,N,N
219,569990,N,N
219,570250,N,N
219,570554,N,N
219,570887,N,N
219,571134,N,N
219,571409,N,N
219,571649,N,N
219,571931,N,N
219,572247,N,N
219,572563,N,N
219,572877,N,N
219,573207,N,N
219,573456,N,N
219,573731,N,N
219,573964,N,N
219,574260,N,N
219,574507,N,N
219,574897,N,N
219,575253,N,N
219,575509,N,N
219,575813,N,N
219,576113,N,N
219,576372,N,N
219,576589,V,V
219,576864,N,N
219,577295,N,N
219,577621,N,N
219,577856,N,N
219,578154,N,N
219,578530,N,N
219,578805,N,N
219,579126,N,N
219,579392,N,N
219,579652,N,N
219,579904,N,N
219,580196,N,N
219,580531,N,N
219,580801,N,N
219,581116,N,N
219,581373,N,N
219,581732,N,N
219,581950,N,N
219,582317,N,N
219,582530,N,N
219,582807,N,N
219,583080,N,N
219,583392,N,N
219,583589,V,V
219,583914,N,N
219,584227,N,N
219,584456,N,N
219,584711,N,N
219,584976,N,N
219,585199,N,N
219,585458,N,N
219,585682,N,N
219,585992,N,N
219,586308,N,N
219,586638,N,N
219,587010,N,N
219,587231,N,N
219,587476,N,N
219,587707,N,N
219,588097,N,N
219,588309,N,N
219,588628,N,N
219,588904,N,N
219,589144,N,N
219,589466,N,N
219,589743,N,N
219,589965,N,N
219,590253,N,N
219,590546,N,N
219,590850,N,N
219,591114,N,N
219,591391,N,N
219,591607,V,V
219,591936,N,N
219,592296,N,N
219,592633,N,N
219,592930,N,N
219,593233,N,N
219,593529,N,N
219,593887,N,N
219,594183,N,N
219,594444,N,N
219,594737,N,N
219,595042,N,N
219,595393,N,N
219,595702,N,N
219,595954,N,N
219,596251,N,N
219,596597,N,N
219,596913,N,N
219,597169,V,V
219,597533,N,N
219,597804,N,N
219,598062,N,N
219,598279,N,N
219,598537,N,N
219,598818,N,N
219,599039,N,N
219,599314,N,N
219,599569,N,N
219,599853,N,N
219,600065,V,V
219,600343,N,N
219,600760,N,N
219,601098,N,N
219,601399,N,N
219,601689,N,N
219,601958,N,N
219,602288,N,N
219,602553,N,N
219,602827,N,N
219,603115,N,N
219,603323,N,N
219,603660,N,N
219,603975,N,N
219,604254,N,N
219,604592,N,N
219,604861,N,N
219,605285,N,N
219,605565,N,N
219,605861,N,N
219,606168,N,N
219,606387,N,N
219,606665,N,N
219,606926,N,N
219,607401,N,N
219,607787,N,N
219,608094,N,N
219,608421,N,N
219,608639,N,N
219,608955,N,N
219,609390,N,N
219,609700,N,N
219,609963,N,N
219,610246,N,N
219,610577,N,N
219,610865,N,N
219,611199,N,N
219,611457,N,N
219,611760,N,N
219,612089,N,N
219,612368,N,N
219,612749,N,N
219,612966,N,N
219,613225,N,N
219,613501,N,N
219,613803,N,N
219,614093,N,N
219,614383,N,N
219,614681,N,N
219,615051,N,N
219,615364,N,N
219,615614,N,N
219,615825,N,N
219,616099,N,N
219,616383,N,N
219,616683,N,N
219,616990,N,N
219,617273,N,N
219,617541,N,N
219,617794,N,N
219,618236,N,N
219,618486,N,N
219,618725,N,N
219,619026,N,N
219,619322,N,N
219,619621,N,N
219,619891,N,N
219,620238,N,N
219,620546,N,N
219,620762,V,V
219,621070,N,N
219,621288,N,N
219,621560,N,N
219,621773,N,N
219,622026,N,N
219,622289,N,N
219,622512,N,N
219,622796,N,N
219,623047,N,N
219,623324,N,N
219,623647,N,N
219,623918,N,N
219,624215,N,N
219,624505,N,N
219,624815,N,N
219,625107,N,N
219,625388,N,N
219,625706,N,N
219,625917,V,V
219,626223,N,N
219,626515,N,N
219,626805,N,N
219,627109,N,N
219,627331,N,N
219,627658,N,N
219,627990,N,N
219,628197,V,V
219,628576,N,N
219,628772,N,N
219,629046,N,N
219,629326,N,N
219,629603,N,N
219,629832,N,N
219,630048,N,N
219,630350,N,N
219,630665,N,N
219,630961,N,N
219,631249,N,N
219,631546,N,N
219,631843,N,N
219,632147,N,N
219,632436,N,N
219,632728,N,N
219,633032,N,N
219,633323,N,N
219,633614,N,N
219,633909,N,N
219,634197,N,N
219,634427,N,N
219,634713,N,N
219,634991,N,N
219,635412,N,N
219,635714,N,N
219,635932,N,N
219,636195,N,N
219,636465,N,N
219,636786,N,N
219,637066,N,N
219,637503,N,N
219,637807,N,N
219,638108,N,N
219,638363,N,N
219,638751,N,N
219,638990,N,N
219,639211,N,N
219,639578,N,N
219,639805,N,N
219,640170,N,N
219,640467,N,N
219,640789,N,N
219,641082,N,N
219,641297,N,N
219,641668,N,N
219,641976,N,N
219,642311,N,N
219,642605,N,N
219,642844,N,N
219,643200,N,N
219,643425,N,N
219,643651,N,N
219,643983,N,N
219,644338,N,N
219,644647,N,N
219,644930,N,N
219,645227,N,N
219,645446,N,N
219,645759,N,N
219,646065,N,N
219,646270,V,V
219,646560,N,N
219,646833,N,N
219,647143,N,N
219,647438,N,N
219,647880,N,N
219,648128,N,N
219,648397,N,N
219,648690,N,N
219,648836,V,V
219,649174,N,N
219,649448,N,N
219,649737,N,N
